/*******************************************************************************
 * Size: 16 px
 * Bpp: 4
 * Opts: --no-compress --bpp 4 --size 16 --font fonts-src/Manrope-600.ttf -r 0x20-0x7E,0xA0-0xFF,0x2013-0x2014,0x2022,0x2026,0x2212,0x401,0x410-0x44F,0x451 --font guppyscreen/lvgl/scripts/built_in_font/FontAwesome5-Solid+Brands+Regular.woff -r 61441,61448,61451,61452,61453,61457,61459,61461,61465,61468,61473,61478,61479,61480,61502,61507,61512,61515,61516,61517,61521,61522,61523,61524,61543,61544,61550,61552,61553,61556,61559,61560,61561,61563,61587,61589,61636,61637,61639,61641,61664,61671,61674,61683,61724,61732,61787,61931,62016,62017,62018,62019,62020,62087,62099,62212,62189,62810,63426,63650 --format lvgl --lv-include lvgl/lvgl.h --force-fast-kern-format -o guppyscreen/assets/fonts/manrope_16.c
 ******************************************************************************/

#ifdef LV_LVGL_H_INCLUDE_SIMPLE
#include "lvgl.h"
#else
#include "lvgl/lvgl.h"
#endif

#ifndef MANROPE_16
#define MANROPE_16 1
#endif

#if MANROPE_16

/*-----------------
 *    BITMAPS
 *----------------*/

/*Store the image of the glyphs*/
static LV_ATTRIBUTE_LARGE_CONST const uint8_t glyph_bitmap[] = {
    /* U+0020 " " */

    /* U+0021 "!" */
    0x1f, 0x91, 0xf9, 0x1f, 0x91, 0xf9, 0x1f, 0x91,
    0xf9, 0x1f, 0x91, 0xf9, 0xc, 0x70, 0x0, 0xa,
    0x61, 0xf9,

    /* U+0022 "\"" */
    0xf, 0xa3, 0xf7, 0xf, 0xa3, 0xf7, 0xe, 0x92,
    0xe6,

    /* U+0023 "#" */
    0x0, 0x0, 0x0, 0xeb, 0x1, 0xf8, 0x0, 0x0,
    0x0, 0x3, 0xf6, 0x6, 0xf4, 0x0, 0x0, 0x0,
    0x7, 0xf2, 0xa, 0xf0, 0x0, 0x0, 0xcf, 0xff,
    0xff, 0xff, 0xff, 0xfb, 0x0, 0x99, 0xaf, 0xd9,
    0xbf, 0xc9, 0x95, 0x0, 0x0, 0x4f, 0x60, 0x6f,
    0x30, 0x0, 0x0, 0x0, 0x7f, 0x20, 0xaf, 0x0,
    0x0, 0xb, 0xff, 0xff, 0xff, 0xff, 0xff, 0xc0,
    0x9, 0x9a, 0xfd, 0x9b, 0xfc, 0x99, 0x50, 0x0,
    0x4, 0xf6, 0x6, 0xf3, 0x0, 0x0, 0x0, 0x8,
    0xf2, 0xa, 0xf0, 0x0, 0x0, 0x0, 0xc, 0xe0,
    0xe, 0xb0, 0x0, 0x0,

    /* U+0024 "$" */
    0x0, 0x0, 0x66, 0x0, 0x0, 0x0, 0x0, 0xdd,
    0x0, 0x0, 0x0, 0x5c, 0xff, 0xb3, 0x0, 0x6,
    0xfe, 0xaa, 0xff, 0x40, 0xd, 0xe1, 0x0, 0x3f,
    0xd0, 0xf, 0xc0, 0x0, 0x6, 0x80, 0xb, 0xf9,
    0x30, 0x0, 0x0, 0x1, 0xbf, 0xfe, 0x93, 0x0,
    0x0, 0x2, 0x8d, 0xff, 0x70, 0x0, 0x0, 0x0,
    0x2d, 0xf1, 0x3b, 0x50, 0x0, 0x7, 0xf3, 0x1f,
    0xe2, 0x0, 0xc, 0xf1, 0x7, 0xff, 0xba, 0xef,
    0x80, 0x0, 0x4c, 0xff, 0xc6, 0x0, 0x0, 0x0,
    0xdd, 0x0, 0x0, 0x0, 0x0, 0x66, 0x0, 0x0,

    /* U+0025 "%" */
    0x0, 0x9f, 0xe7, 0x0, 0x0, 0x6, 0x20, 0xa,
    0xf8, 0xbf, 0x60, 0x0, 0x6f, 0xb0, 0xf, 0x80,
    0xd, 0xa0, 0x6, 0xfd, 0x10, 0xd, 0xd3, 0x5f,
    0x80, 0x5f, 0xd1, 0x0, 0x4, 0xef, 0xfc, 0x15,
    0xfd, 0x10, 0x0, 0x0, 0x4, 0x30, 0x5f, 0xd1,
    0x10, 0x0, 0x0, 0x0, 0x5, 0xfd, 0x4d, 0xfe,
    0x50, 0x0, 0x0, 0x5f, 0xd2, 0xed, 0x6c, 0xf1,
    0x0, 0x5, 0xfd, 0x14, 0xf3, 0x1, 0xf6, 0x0,
    0x4f, 0xd1, 0x3, 0xf4, 0x2, 0xf6, 0x4, 0xfd,
    0x10, 0x0, 0xde, 0x8d, 0xe1, 0x1, 0xa1, 0x0,
    0x0, 0x2b, 0xfc, 0x30,

    /* U+0026 "&" */
    0x0, 0x3b, 0xfe, 0xb2, 0x0, 0x0, 0x2f, 0xfb,
    0xbf, 0xe0, 0x0, 0x7, 0xf5, 0x0, 0x57, 0x10,
    0x0, 0x8f, 0x20, 0x0, 0x0, 0x0, 0x3, 0xfb,
    0x0, 0x0, 0x0, 0x0, 0xc, 0xfb, 0x0, 0x2,
    0x0, 0x9, 0xfc, 0xfc, 0x16, 0xf1, 0x0, 0xfb,
    0x6, 0xfd, 0x7f, 0x10, 0x2f, 0x80, 0x5, 0xff,
    0xf1, 0x0, 0xfd, 0x0, 0x5, 0xff, 0x30, 0x7,
    0xfe, 0xba, 0xff, 0xfe, 0x20, 0x6, 0xdf, 0xfc,
    0x42, 0x90,

    /* U+0027 "'" */
    0xf, 0xa0, 0xfa, 0xe, 0x90,

    /* U+0028 "(" */
    0x0, 0x17, 0x0, 0xb, 0xf3, 0x4, 0xf8, 0x0,
    0xbe, 0x0, 0x1f, 0x80, 0x6, 0xf3, 0x0, 0x9f,
    0x0, 0xb, 0xd0, 0x0, 0xcc, 0x0, 0xb, 0xc0,
    0x0, 0xae, 0x0, 0x7, 0xf1, 0x0, 0x3f, 0x60,
    0x0, 0xdc, 0x0, 0x6, 0xf5, 0x0, 0xd, 0xe1,
    0x0, 0x3c, 0x10, 0x0, 0x0,

    /* U+0029 ")" */
    0x6, 0x20, 0x1, 0xfc, 0x0, 0x6, 0xf6, 0x0,
    0xd, 0xd0, 0x0, 0x6f, 0x30, 0x1, 0xf7, 0x0,
    0xd, 0xa0, 0x0, 0xbc, 0x0, 0xa, 0xd0, 0x0,
    0xbd, 0x0, 0xd, 0xb0, 0x0, 0xf8, 0x0, 0x4f,
    0x40, 0xb, 0xe0, 0x3, 0xf8, 0x0, 0xde, 0x10,
    0x1b, 0x40, 0x0, 0x0, 0x0,

    /* U+002A "*" */
    0x0, 0x5f, 0x20, 0x2, 0x86, 0xf4, 0x80, 0x5f,
    0xff, 0xfe, 0x20, 0x1e, 0xfc, 0x0, 0x9, 0xf6,
    0xf6, 0x0, 0x14, 0x5, 0x0,

    /* U+002B "+" */
    0x0, 0x0, 0x51, 0x0, 0x0, 0x0, 0x1f, 0x40,
    0x0, 0x0, 0x1, 0xf4, 0x0, 0x0, 0x11, 0x2f,
    0x51, 0x10, 0xf, 0xff, 0xff, 0xff, 0x30, 0x44,
    0x5f, 0x74, 0x40, 0x0, 0x1, 0xf4, 0x0, 0x0,
    0x0, 0x1f, 0x40, 0x0,

    /* U+002C "," */
    0xf, 0xb0, 0xfb, 0x4, 0xa0, 0xb3,

    /* U+002D "-" */
    0x1, 0x11, 0x11, 0xf, 0xff, 0xfc, 0x4, 0x44,
    0x43,

    /* U+002E "." */
    0x7c, 0x29, 0xf2,

    /* U+002F "/" */
    0x0, 0x1, 0xf9, 0x0, 0x5, 0xf5, 0x0, 0x9,
    0xf1, 0x0, 0xd, 0xd0, 0x0, 0x1f, 0x90, 0x0,
    0x6f, 0x40, 0x0, 0xaf, 0x10, 0x0, 0xec, 0x0,
    0x2, 0xf8, 0x0, 0x6, 0xf4, 0x0, 0xa, 0xf0,
    0x0, 0xe, 0xc0, 0x0,

    /* U+0030 "0" */
    0x2, 0xae, 0xfc, 0x40, 0x1, 0xef, 0xba, 0xff,
    0x40, 0x9f, 0x60, 0x3, 0xfd, 0xd, 0xe0, 0x0,
    0x9, 0xf1, 0xed, 0x0, 0x0, 0x8f, 0x2e, 0xd0,
    0x0, 0x8, 0xf2, 0xed, 0x0, 0x0, 0x8f, 0x2e,
    0xd0, 0x0, 0x8, 0xf2, 0xde, 0x0, 0x0, 0x9f,
    0x19, 0xf6, 0x0, 0x3f, 0xd0, 0x1e, 0xfb, 0xaf,
    0xf4, 0x0, 0x2a, 0xef, 0xc4, 0x0,

    /* U+0031 "1" */
    0x1, 0x9f, 0xd0, 0xef, 0xfd, 0xe, 0x5e, 0xd0,
    0x0, 0xed, 0x0, 0xe, 0xd0, 0x0, 0xed, 0x0,
    0xe, 0xd0, 0x0, 0xed, 0x0, 0xe, 0xd0, 0x0,
    0xed, 0x0, 0xe, 0xd0, 0x0, 0xed,

    /* U+0032 "2" */
    0x0, 0x5c, 0xfe, 0x80, 0x0, 0x6f, 0xea, 0xcf,
    0xc0, 0xe, 0xe2, 0x0, 0x9f, 0x51, 0xd8, 0x0,
    0x2, 0xf8, 0x0, 0x0, 0x0, 0x4f, 0x70, 0x0,
    0x0, 0xc, 0xf3, 0x0, 0x0, 0x1c, 0xf8, 0x0,
    0x0, 0x1d, 0xf8, 0x0, 0x0, 0x2d, 0xf7, 0x0,
    0x0, 0x3e, 0xf5, 0x0, 0x0, 0x1f, 0xfe, 0x99,
    0x99, 0x53, 0xff, 0xff, 0xff, 0xf9,

    /* U+0033 "3" */
    0xe, 0xff, 0xff, 0xff, 0x0, 0x9a, 0xaa, 0xaf,
    0xf0, 0x0, 0x0, 0xc, 0xf4, 0x0, 0x0, 0xc,
    0xf5, 0x0, 0x0, 0xb, 0xf8, 0x0, 0x0, 0x5,
    0xff, 0xfa, 0x0, 0x0, 0x7, 0x5a, 0xfa, 0x0,
    0x0, 0x0, 0xc, 0xf1, 0x0, 0x0, 0x0, 0x8f,
    0x22, 0xd9, 0x0, 0x1d, 0xf0, 0xb, 0xfc, 0xae,
    0xf7, 0x0, 0x8, 0xef, 0xd5, 0x0,

    /* U+0034 "4" */
    0x0, 0x0, 0xaf, 0x30, 0x0, 0x0, 0x2f, 0xc0,
    0x0, 0x0, 0x9, 0xf5, 0x0, 0x0, 0x1, 0xfe,
    0x0, 0x0, 0x0, 0x7f, 0x70, 0x0, 0x0, 0xe,
    0xf0, 0xd, 0x90, 0x5, 0xf8, 0x0, 0xfb, 0x0,
    0xcf, 0x20, 0xf, 0xb0, 0x2f, 0xe9, 0x99, 0xfe,
    0x83, 0xff, 0xff, 0xff, 0xfd, 0x0, 0x0, 0x0,
    0xfb, 0x0, 0x0, 0x0, 0xf, 0xb0,

    /* U+0035 "5" */
    0x7, 0xff, 0xff, 0xfc, 0x0, 0x8f, 0xa9, 0x99,
    0x70, 0x9, 0xf0, 0x0, 0x0, 0x0, 0xae, 0x0,
    0x0, 0x0, 0xb, 0xd3, 0x77, 0x20, 0x0, 0xcf,
    0xff, 0xff, 0x60, 0x7, 0xc4, 0x3, 0xef, 0x20,
    0x0, 0x0, 0x4, 0xf7, 0x0, 0x10, 0x0, 0x3f,
    0x70, 0xfd, 0x10, 0xa, 0xf3, 0x7, 0xfe, 0xad,
    0xfa, 0x0, 0x5, 0xdf, 0xd7, 0x0,

    /* U+0036 "6" */
    0x1, 0xae, 0xfc, 0x50, 0x1, 0xef, 0xca, 0xef,
    0x10, 0x8f, 0x70, 0x2, 0x30, 0xc, 0xe0, 0x0,
    0x0, 0x0, 0xdd, 0x16, 0x85, 0x0, 0xe, 0xfe,
    0xff, 0xfc, 0x10, 0xef, 0xb1, 0x19, 0xf9, 0xd,
    0xf0, 0x0, 0xd, 0xf0, 0xce, 0x0, 0x0, 0xbf,
    0x8, 0xf6, 0x0, 0x3f, 0xc0, 0x1e, 0xfb, 0xbf,
    0xf3, 0x0, 0x1a, 0xef, 0xb3, 0x0,

    /* U+0037 "7" */
    0x5f, 0xff, 0xff, 0xf9, 0x3a, 0xaa, 0xab, 0xf8,
    0x0, 0x0, 0x9, 0xf3, 0x0, 0x0, 0xe, 0xd0,
    0x0, 0x0, 0x5f, 0x70, 0x0, 0x0, 0xbf, 0x10,
    0x0, 0x2, 0xfa, 0x0, 0x0, 0x8, 0xf4, 0x0,
    0x0, 0xe, 0xe0, 0x0, 0x0, 0x4f, 0x80, 0x0,
    0x0, 0xbf, 0x10, 0x0, 0x1, 0xfb, 0x0, 0x0,

    /* U+0038 "8" */
    0x0, 0x4c, 0xfe, 0x91, 0x0, 0x3f, 0xfa, 0xcf,
    0xc0, 0xa, 0xf4, 0x0, 0xaf, 0x30, 0xbf, 0x10,
    0x7, 0xf5, 0x8, 0xf8, 0x2, 0xdf, 0x20, 0xf,
    0xff, 0xff, 0x90, 0x5, 0xfe, 0xab, 0xfe, 0x10,
    0xdf, 0x10, 0x6, 0xf7, 0xf, 0xc0, 0x0, 0x2f,
    0x90, 0xef, 0x10, 0x6, 0xf7, 0x6, 0xfe, 0xab,
    0xfe, 0x10, 0x5, 0xcf, 0xea, 0x20,

    /* U+0039 "9" */
    0x0, 0x3b, 0xfe, 0x91, 0x0, 0x4f, 0xfb, 0xcf,
    0xd0, 0xd, 0xf3, 0x0, 0x7f, 0x70, 0xfa, 0x0,
    0x0, 0xfc, 0xf, 0xb0, 0x0, 0x1f, 0xd0, 0xaf,
    0x80, 0x1b, 0xfd, 0x1, 0xdf, 0xff, 0xef, 0xd0,
    0x0, 0x58, 0x61, 0xed, 0x0, 0x0, 0x0, 0xf,
    0xb0, 0x4, 0x10, 0x8, 0xf7, 0x2, 0xfe, 0xac,
    0xfd, 0x0, 0x5, 0xdf, 0xe9, 0x10,

    /* U+003A ":" */
    0x2c, 0x63, 0xf8, 0x0, 0x0, 0x0, 0x0, 0x2,
    0xc6, 0x3f, 0x80,

    /* U+003B ";" */
    0x3f, 0x82, 0xc6, 0x0, 0x0, 0x0, 0x0, 0x0,
    0x0, 0x0, 0x3, 0xf8, 0x3f, 0x80, 0x77, 0x2a,
    0x10,

    /* U+003C "<" */
    0x0, 0x6, 0x80, 0x0, 0x6f, 0xa0, 0x6, 0xfa,
    0x0, 0x5f, 0xa0, 0x0, 0x3f, 0xc1, 0x0, 0x3,
    0xfc, 0x10, 0x0, 0x3f, 0xc0, 0x0, 0x3, 0x50,

    /* U+003D "=" */
    0x1, 0x11, 0x11, 0x11, 0x10, 0x1f, 0xff, 0xff,
    0xff, 0xf1, 0x4, 0x44, 0x44, 0x44, 0x40, 0x1,
    0x11, 0x11, 0x11, 0x10, 0x1f, 0xff, 0xff, 0xff,
    0xf1, 0x4, 0x44, 0x44, 0x44, 0x40,

    /* U+003E ">" */
    0x7, 0x80, 0x0, 0x9, 0xf7, 0x0, 0x0, 0x9f,
    0x70, 0x0, 0x9, 0xf6, 0x0, 0xc, 0xf4, 0x0,
    0xcf, 0x40, 0xb, 0xf4, 0x0, 0x4, 0x40, 0x0,

    /* U+003F "?" */
    0x0, 0x7d, 0xfd, 0x50, 0x9, 0xfd, 0xae, 0xf5,
    0xf, 0xc0, 0x1, 0xfc, 0x4, 0x20, 0x0, 0xed,
    0x0, 0x0, 0x4, 0xf9, 0x0, 0x0, 0x4f, 0xe1,
    0x0, 0x2, 0xfe, 0x30, 0x0, 0x8, 0xf4, 0x0,
    0x0, 0x9, 0xd0, 0x0, 0x0, 0x0, 0x0, 0x0,
    0x0, 0xb, 0xf0, 0x0, 0x0, 0xb, 0xf0, 0x0,

    /* U+0040 "@" */
    0x0, 0x0, 0x0, 0x0, 0x0, 0x0, 0x0, 0x0,
    0x7d, 0xff, 0xfb, 0x40, 0x0, 0x1, 0xcf, 0x95,
    0x46, 0xcf, 0x80, 0x0, 0xbe, 0x30, 0x0, 0x0,
    0x7f, 0x50, 0x3f, 0x50, 0x0, 0x0, 0x10, 0xbd,
    0x8, 0xe0, 0x9, 0xff, 0xed, 0x5, 0xf2, 0xac,
    0x6, 0xf7, 0x5e, 0xd0, 0x3f, 0x4b, 0xc0, 0x9d,
    0x0, 0x7d, 0x3, 0xf3, 0x9e, 0x7, 0xf3, 0x1c,
    0xf1, 0x8f, 0x5, 0xf4, 0xb, 0xff, 0xcd, 0xff,
    0x60, 0xd, 0xd1, 0x1, 0x20, 0x2, 0x10, 0x0,
    0x2e, 0xe7, 0x21, 0x34, 0x0, 0x0, 0x0, 0x1a,
    0xff, 0xff, 0xb0, 0x0, 0x0, 0x0, 0x0, 0x33,
    0x10, 0x0, 0x0,

    /* U+0041 "A" */
    0x0, 0x1, 0xff, 0xa0, 0x0, 0x0, 0x0, 0x6f,
    0xfe, 0x0, 0x0, 0x0, 0xb, 0xf9, 0xf4, 0x0,
    0x0, 0x0, 0xfb, 0x3f, 0x90, 0x0, 0x0, 0x5f,
    0x60, 0xed, 0x0, 0x0, 0xa, 0xf1, 0x9, 0xf3,
    0x0, 0x0, 0xfc, 0x0, 0x4f, 0x80, 0x0, 0x4f,
    0x70, 0x0, 0xed, 0x0, 0x9, 0xff, 0xff, 0xff,
    0xf2, 0x0, 0xef, 0x99, 0x99, 0xef, 0x70, 0x3f,
    0x80, 0x0, 0x0, 0xfc, 0x8, 0xf3, 0x0, 0x0,
    0xa, 0xf1,

    /* U+0042 "B" */
    0xef, 0xff, 0xfe, 0x70, 0xe, 0xe9, 0x99, 0xdf,
    0x70, 0xed, 0x0, 0x0, 0xed, 0xe, 0xd0, 0x0,
    0xc, 0xf0, 0xed, 0x0, 0x5, 0xfb, 0xe, 0xff,
    0xff, 0xff, 0x20, 0xee, 0x99, 0x9b, 0xfb, 0xe,
    0xd0, 0x0, 0x8, 0xf5, 0xed, 0x0, 0x0, 0x3f,
    0x7e, 0xd0, 0x0, 0x8, 0xf6, 0xee, 0x99, 0x9c,
    0xfe, 0x1e, 0xff, 0xff, 0xfb, 0x20,

    /* U+0043 "C" */
    0x0, 0x7, 0xcf, 0xfc, 0x60, 0x0, 0x1, 0xcf,
    0xea, 0xbe, 0xfa, 0x0, 0xa, 0xf8, 0x0, 0x0,
    0xaf, 0x70, 0x1f, 0xc0, 0x0, 0x0, 0xe, 0xc0,
    0x5f, 0x60, 0x0, 0x0, 0x0, 0x0, 0x7f, 0x40,
    0x0, 0x0, 0x0, 0x0, 0x7f, 0x40, 0x0, 0x0,
    0x0, 0x0, 0x5f, 0x60, 0x0, 0x0, 0x1, 0x0,
    0x1f, 0xc0, 0x0, 0x0, 0xe, 0xc0, 0xa, 0xf8,
    0x0, 0x0, 0xaf, 0x70, 0x1, 0xcf, 0xea, 0xbe,
    0xfa, 0x0, 0x0, 0x7, 0xdf, 0xec, 0x50, 0x0,

    /* U+0044 "D" */
    0xef, 0xff, 0xfd, 0x80, 0x0, 0xee, 0xaa, 0xad,
    0xfc, 0x0, 0xed, 0x0, 0x0, 0x9f, 0x70, 0xed,
    0x0, 0x0, 0xe, 0xe0, 0xed, 0x0, 0x0, 0xa,
    0xf2, 0xed, 0x0, 0x0, 0x8, 0xf4, 0xed, 0x0,
    0x0, 0x8, 0xf4, 0xed, 0x0, 0x0, 0xa, 0xf2,
    0xed, 0x0, 0x0, 0xe, 0xe0, 0xed, 0x0, 0x0,
    0x9f, 0x70, 0xee, 0x99, 0xad, 0xfc, 0x0, 0xef,
    0xff, 0xfd, 0x80, 0x0,

    /* U+0045 "E" */
    0xef, 0xff, 0xff, 0xf7, 0xee, 0x99, 0x99, 0x94,
    0xec, 0x0, 0x0, 0x0, 0xec, 0x0, 0x0, 0x0,
    0xec, 0x0, 0x0, 0x0, 0xef, 0xff, 0xff, 0x80,
    0xee, 0x99, 0x99, 0x50, 0xec, 0x0, 0x0, 0x0,
    0xec, 0x0, 0x0, 0x0, 0xec, 0x0, 0x0, 0x0,
    0xee, 0x99, 0x99, 0x94, 0xef, 0xff, 0xff, 0xf7,

    /* U+0046 "F" */
    0xef, 0xff, 0xff, 0xfe, 0xfb, 0xbb, 0xba, 0xec,
    0x0, 0x0, 0xe, 0xc0, 0x0, 0x0, 0xec, 0x0,
    0x0, 0xe, 0xfb, 0xbb, 0xb0, 0xef, 0xff, 0xff,
    0xe, 0xc0, 0x0, 0x0, 0xec, 0x0, 0x0, 0xe,
    0xc0, 0x0, 0x0, 0xec, 0x0, 0x0, 0xe, 0xc0,
    0x0, 0x0,

    /* U+0047 "G" */
    0x0, 0x7, 0xdf, 0xec, 0x50, 0x0, 0x1, 0xcf,
    0xea, 0xbf, 0xf8, 0x0, 0xa, 0xf8, 0x0, 0x1,
    0xdf, 0x30, 0x1f, 0xc0, 0x0, 0x0, 0x3d, 0x60,
    0x5f, 0x70, 0x0, 0x0, 0x0, 0x0, 0x7f, 0x40,
    0x0, 0x1, 0x11, 0x10, 0x7f, 0x40, 0x0, 0xf,
    0xff, 0xf1, 0x5f, 0x60, 0x0, 0x4, 0x4d, 0xf0,
    0x1f, 0xc0, 0x0, 0x0, 0x1f, 0xc0, 0xa, 0xf8,
    0x0, 0x0, 0xbf, 0x50, 0x0, 0xcf, 0xda, 0xae,
    0xf9, 0x0, 0x0, 0x7, 0xdf, 0xec, 0x50, 0x0,

    /* U+0048 "H" */
    0xec, 0x0, 0x0, 0x7, 0xf3, 0xec, 0x0, 0x0,
    0x7, 0xf3, 0xec, 0x0, 0x0, 0x7, 0xf3, 0xec,
    0x0, 0x0, 0x7, 0xf3, 0xec, 0x0, 0x0, 0x7,
    0xf3, 0xee, 0x99, 0x99, 0x9c, 0xf3, 0xef, 0xff,
    0xff, 0xff, 0xf3, 0xec, 0x0, 0x0, 0x7, 0xf3,
    0xec, 0x0, 0x0, 0x7, 0xf3, 0xec, 0x0, 0x0,
    0x7, 0xf3, 0xec, 0x0, 0x0, 0x7, 0xf3, 0xec,
    0x0, 0x0, 0x7, 0xf3,

    /* U+0049 "I" */
    0xbf, 0xbf, 0xbf, 0xbf, 0xbf, 0xbf, 0xbf, 0xbf,
    0xbf, 0xbf, 0xbf, 0xbf,

    /* U+004A "J" */
    0x0, 0x0, 0x2f, 0x80, 0x0, 0x2, 0xf8, 0x0,
    0x0, 0x2f, 0x80, 0x0, 0x2, 0xf8, 0x0, 0x0,
    0x2f, 0x80, 0x0, 0x2, 0xf8, 0x0, 0x0, 0x2f,
    0x80, 0x0, 0x2, 0xf8, 0x0, 0x0, 0x3f, 0x89,
    0xb0, 0x6, 0xf7, 0x7f, 0xda, 0xff, 0x10, 0x7e,
    0xfc, 0x30,

    /* U+004B "K" */
    0xec, 0x0, 0x0, 0xcf, 0x40, 0xec, 0x0, 0xa,
    0xf6, 0x0, 0xec, 0x0, 0x8f, 0x80, 0x0, 0xec,
    0x6, 0xfa, 0x0, 0x0, 0xec, 0x4f, 0xc0, 0x0,
    0x0, 0xee, 0xfd, 0x10, 0x0, 0x0, 0xed, 0xef,
    0x30, 0x0, 0x0, 0xec, 0x2e, 0xe2, 0x0, 0x0,
    0xec, 0x3, 0xfd, 0x10, 0x0, 0xec, 0x0, 0x5f,
    0xc0, 0x0, 0xec, 0x0, 0x6, 0xfb, 0x0, 0xec,
    0x0, 0x0, 0x8f, 0xa0,

    /* U+004C "L" */
    0xbf, 0x0, 0x0, 0x0, 0xbf, 0x0, 0x0, 0x0,
    0xbf, 0x0, 0x0, 0x0, 0xbf, 0x0, 0x0, 0x0,
    0xbf, 0x0, 0x0, 0x0, 0xbf, 0x0, 0x0, 0x0,
    0xbf, 0x0, 0x0, 0x0, 0xbf, 0x0, 0x0, 0x0,
    0xbf, 0x0, 0x0, 0x0, 0xbf, 0x0, 0x0, 0x0,
    0xbf, 0x99, 0x99, 0x91, 0xbf, 0xff, 0xff, 0xf2,

    /* U+004D "M" */
    0xed, 0x0, 0x0, 0x0, 0x4, 0xf7, 0xef, 0x50,
    0x0, 0x0, 0xb, 0xf7, 0xef, 0xc0, 0x0, 0x0,
    0x3f, 0xf7, 0xef, 0xf3, 0x0, 0x0, 0xaf, 0xf7,
    0xeb, 0xeb, 0x0, 0x2, 0xfa, 0xf7, 0xeb, 0x8f,
    0x20, 0x9, 0xf3, 0xf7, 0xeb, 0x1f, 0xa0, 0x1f,
    0xa1, 0xf7, 0xeb, 0x9, 0xf1, 0x7f, 0x31, 0xf7,
    0xeb, 0x2, 0xf9, 0xec, 0x1, 0xf7, 0xeb, 0x0,
    0xbf, 0xf5, 0x1, 0xf7, 0xeb, 0x0, 0x4f, 0xd0,
    0x1, 0xf7, 0xeb, 0x0, 0xc, 0x60, 0x1, 0xf7,

    /* U+004E "N" */
    0xef, 0x20, 0x0, 0x8, 0xf3, 0xef, 0xc0, 0x0,
    0x8, 0xf3, 0xef, 0xf6, 0x0, 0x8, 0xf3, 0xed,
    0xee, 0x10, 0x8, 0xf3, 0xed, 0x4f, 0xa0, 0x8,
    0xf3, 0xed, 0xa, 0xf4, 0x8, 0xf3, 0xed, 0x1,
    0xee, 0x8, 0xf3, 0xed, 0x0, 0x6f, 0x98, 0xf3,
    0xed, 0x0, 0xb, 0xfb, 0xf3, 0xed, 0x0, 0x2,
    0xff, 0xf3, 0xed, 0x0, 0x0, 0x7f, 0xf3, 0xed,
    0x0, 0x0, 0xd, 0xf3,

    /* U+004F "O" */
    0x0, 0x7, 0xcf, 0xec, 0x60, 0x0, 0x1, 0xcf,
    0xea, 0xae, 0xfb, 0x0, 0xa, 0xf8, 0x0, 0x0,
    0xaf, 0x70, 0x1f, 0xc0, 0x0, 0x0, 0xe, 0xe0,
    0x5f, 0x70, 0x0, 0x0, 0x9, 0xf3, 0x7f, 0x40,
    0x0, 0x0, 0x7, 0xf5, 0x7f, 0x40, 0x0, 0x0,
    0x7, 0xf5, 0x5f, 0x60, 0x0, 0x0, 0x9, 0xf3,
    0x1f, 0xc0, 0x0, 0x0, 0xe, 0xe0, 0xa, 0xf8,
    0x0, 0x0, 0xaf, 0x70, 0x1, 0xcf, 0xda, 0xae,
    0xfb, 0x0, 0x0, 0x7, 0xdf, 0xec, 0x60, 0x0,

    /* U+0050 "P" */
    0xef, 0xff, 0xff, 0xb2, 0xe, 0xe9, 0x99, 0xbf,
    0xd0, 0xec, 0x0, 0x0, 0x8f, 0x5e, 0xc0, 0x0,
    0x3, 0xf8, 0xec, 0x0, 0x0, 0x4f, 0x7e, 0xc0,
    0x0, 0x2c, 0xf3, 0xef, 0xff, 0xff, 0xf9, 0xe,
    0xe9, 0x99, 0x84, 0x0, 0xec, 0x0, 0x0, 0x0,
    0xe, 0xc0, 0x0, 0x0, 0x0, 0xec, 0x0, 0x0,
    0x0, 0xe, 0xc0, 0x0, 0x0, 0x0,

    /* U+0051 "Q" */
    0x0, 0x7, 0xcf, 0xec, 0x60, 0x0, 0x1, 0xcf,
    0xea, 0xae, 0xfb, 0x0, 0xa, 0xf8, 0x0, 0x0,
    0xaf, 0x70, 0x1f, 0xc0, 0x0, 0x0, 0xe, 0xe0,
    0x5f, 0x70, 0x0, 0x0, 0x9, 0xf3, 0x7f, 0x40,
    0x0, 0x0, 0x7, 0xf5, 0x7f, 0x40, 0x0, 0x0,
    0x7, 0xf5, 0x5f, 0x60, 0x0, 0x0, 0x9, 0xf3,
    0x1f, 0xc0, 0x0, 0xb, 0xcf, 0xe0, 0xa, 0xf8,
    0x0, 0x6, 0xff, 0x80, 0x1, 0xcf, 0xda, 0xae,
    0xff, 0xc0, 0x0, 0x7, 0xdf, 0xec, 0x65, 0x90,

    /* U+0052 "R" */
    0xef, 0xff, 0xff, 0xa1, 0xe, 0xe9, 0x99, 0xcf,
    0xd0, 0xec, 0x0, 0x0, 0x9f, 0x5e, 0xc0, 0x0,
    0x3, 0xf8, 0xec, 0x0, 0x0, 0x3f, 0x7e, 0xc0,
    0x0, 0x9, 0xf4, 0xee, 0x99, 0x9c, 0xfc, 0xe,
    0xff, 0xff, 0xff, 0x10, 0xec, 0x0, 0xd, 0xf1,
    0xe, 0xc0, 0x0, 0x6f, 0x80, 0xec, 0x0, 0x0,
    0xdf, 0x1e, 0xc0, 0x0, 0x6, 0xf8,

    /* U+0053 "S" */
    0x0, 0x4b, 0xff, 0xd7, 0x0, 0x5, 0xff, 0xba,
    0xef, 0xa0, 0xd, 0xf2, 0x0, 0x1c, 0xf5, 0xe,
    0xd0, 0x0, 0x2, 0x93, 0xa, 0xfb, 0x40, 0x0,
    0x0, 0x1, 0xbf, 0xff, 0xa5, 0x0, 0x0, 0x2,
    0x7c, 0xff, 0xc0, 0x0, 0x0, 0x0, 0x19, 0xf8,
    0x3b, 0x60, 0x0, 0x1, 0xfb, 0x1f, 0xe3, 0x0,
    0x7, 0xf8, 0x6, 0xff, 0xba, 0xdf, 0xe1, 0x0,
    0x3b, 0xef, 0xd8, 0x10,

    /* U+0054 "T" */
    0xdf, 0xff, 0xff, 0xff, 0xf8, 0x89, 0x99, 0xfd,
    0x99, 0x94, 0x0, 0x0, 0xfa, 0x0, 0x0, 0x0,
    0x0, 0xfa, 0x0, 0x0, 0x0, 0x0, 0xfa, 0x0,
    0x0, 0x0, 0x0, 0xfa, 0x0, 0x0, 0x0, 0x0,
    0xfa, 0x0, 0x0, 0x0, 0x0, 0xfa, 0x0, 0x0,
    0x0, 0x0, 0xfa, 0x0, 0x0, 0x0, 0x0, 0xfa,
    0x0, 0x0, 0x0, 0x0, 0xfa, 0x0, 0x0, 0x0,
    0x0, 0xfa, 0x0, 0x0,

    /* U+0055 "U" */
    0xed, 0x0, 0x0, 0x6, 0xf4, 0xed, 0x0, 0x0,
    0x6, 0xf4, 0xed, 0x0, 0x0, 0x6, 0xf4, 0xed,
    0x0, 0x0, 0x6, 0xf4, 0xed, 0x0, 0x0, 0x6,
    0xf4, 0xed, 0x0, 0x0, 0x6, 0xf4, 0xed, 0x0,
    0x0, 0x6, 0xf4, 0xdd, 0x0, 0x0, 0x6, 0xf4,
    0xbf, 0x10, 0x0, 0xa, 0xf2, 0x6f, 0xa0, 0x0,
    0x4f, 0xd0, 0xc, 0xfe, 0xac, 0xff, 0x30, 0x0,
    0x7d, 0xfe, 0xa2, 0x0,

    /* U+0056 "V" */
    0xcf, 0x0, 0x0, 0x0, 0xed, 0x7f, 0x40, 0x0,
    0x3, 0xf8, 0x2f, 0x90, 0x0, 0x8, 0xf3, 0xd,
    0xe0, 0x0, 0xd, 0xe0, 0x8, 0xf3, 0x0, 0x2f,
    0x90, 0x3, 0xf8, 0x0, 0x7f, 0x40, 0x0, 0xed,
    0x0, 0xde, 0x0, 0x0, 0x9f, 0x22, 0xfa, 0x0,
    0x0, 0x4f, 0x77, 0xf5, 0x0, 0x0, 0xe, 0xcc,
    0xf0, 0x0, 0x0, 0xa, 0xff, 0xb0, 0x0, 0x0,
    0x5, 0xff, 0x60, 0x0,

    /* U+0057 "W" */
    0xaf, 0x10, 0x0, 0x5f, 0xb0, 0x0, 0xb, 0xf1,
    0x5f, 0x50, 0x0, 0x9f, 0xf0, 0x0, 0xf, 0xc0,
    0x1f, 0xa0, 0x0, 0xdf, 0xf3, 0x0, 0x3f, 0x70,
    0xc, 0xe0, 0x1, 0xfb, 0xf8, 0x0, 0x8f, 0x30,
    0x8, 0xf2, 0x6, 0xf4, 0xec, 0x0, 0xce, 0x0,
    0x4, 0xf6, 0xa, 0xf0, 0x9f, 0x0, 0xfa, 0x0,
    0x0, 0xfb, 0xe, 0xb0, 0x5f, 0x45, 0xf5, 0x0,
    0x0, 0xbf, 0x3f, 0x70, 0x1f, 0x99, 0xf1, 0x0,
    0x0, 0x6f, 0xbf, 0x20, 0xc, 0xdd, 0xc0, 0x0,
    0x0, 0x2f, 0xfe, 0x0, 0x8, 0xff, 0x80, 0x0,
    0x0, 0xd, 0xfa, 0x0, 0x3, 0xff, 0x30, 0x0,
    0x0, 0x9, 0xf5, 0x0, 0x0, 0xff, 0x0, 0x0,

    /* U+0058 "X" */
    0x6f, 0xa0, 0x0, 0x6, 0xfa, 0x0, 0xcf, 0x40,
    0x1, 0xee, 0x10, 0x2, 0xfd, 0x0, 0xaf, 0x50,
    0x0, 0x7, 0xf8, 0x4f, 0xb0, 0x0, 0x0, 0xc,
    0xfe, 0xf1, 0x0, 0x0, 0x0, 0x3f, 0xf6, 0x0,
    0x0, 0x0, 0x4, 0xff, 0x80, 0x0, 0x0, 0x0,
    0xef, 0xdf, 0x20, 0x0, 0x0, 0x9f, 0x63, 0xfc,
    0x0, 0x0, 0x3f, 0xc0, 0x8, 0xf7, 0x0, 0xd,
    0xf2, 0x0, 0xe, 0xf2, 0x8, 0xf8, 0x0, 0x0,
    0x4f, 0xb0,

    /* U+0059 "Y" */
    0xbf, 0x30, 0x0, 0xb, 0xf3, 0x2f, 0xc0, 0x0,
    0x4f, 0xa0, 0x9, 0xf5, 0x0, 0xdf, 0x20, 0x1,
    0xfd, 0x6, 0xf8, 0x0, 0x0, 0x8f, 0x7e, 0xe1,
    0x0, 0x0, 0xe, 0xff, 0x70, 0x0, 0x0, 0x6,
    0xfd, 0x0, 0x0, 0x0, 0x1, 0xf9, 0x0, 0x0,
    0x0, 0x1, 0xf9, 0x0, 0x0, 0x0, 0x1, 0xf9,
    0x0, 0x0, 0x0, 0x1, 0xf9, 0x0, 0x0, 0x0,
    0x1, 0xf9, 0x0, 0x0,

    /* U+005A "Z" */
    0xe, 0xff, 0xff, 0xff, 0xf6, 0x8, 0x99, 0x99,
    0xcf, 0xd0, 0x0, 0x0, 0x0, 0xdf, 0x40, 0x0,
    0x0, 0x6, 0xfa, 0x0, 0x0, 0x0, 0x1e, 0xf2,
    0x0, 0x0, 0x0, 0x9f, 0x80, 0x0, 0x0, 0x2,
    0xfe, 0x0, 0x0, 0x0, 0xb, 0xf5, 0x0, 0x0,
    0x0, 0x5f, 0xc0, 0x0, 0x0, 0x0, 0xdf, 0x30,
    0x0, 0x0, 0x7, 0xfe, 0x99, 0x99, 0x94, 0x1f,
    0xff, 0xff, 0xff, 0xf7,

    /* U+005B "[" */
    0xcf, 0xf9, 0xce, 0x84, 0xcc, 0x0, 0xcc, 0x0,
    0xcc, 0x0, 0xcc, 0x0, 0xcc, 0x0, 0xcc, 0x0,
    0xcc, 0x0, 0xcc, 0x0, 0xcc, 0x0, 0xcc, 0x0,
    0xcc, 0x0, 0xcc, 0x0, 0xcc, 0x0, 0xcc, 0x0,
    0xce, 0x84, 0xcf, 0xf9,

    /* U+005C "\\" */
    0xe, 0xc0, 0x0, 0xa, 0xf0, 0x0, 0x6, 0xf4,
    0x0, 0x2, 0xf8, 0x0, 0x0, 0xec, 0x0, 0x0,
    0xaf, 0x0, 0x0, 0x6f, 0x40, 0x0, 0x2f, 0x90,
    0x0, 0xd, 0xd0, 0x0, 0x9, 0xf1, 0x0, 0x5,
    0xf5, 0x0, 0x1, 0xf9,

    /* U+005D "]" */
    0xef, 0xf7, 0x78, 0xf7, 0x1, 0xf7, 0x1, 0xf7,
    0x1, 0xf7, 0x1, 0xf7, 0x1, 0xf7, 0x1, 0xf7,
    0x1, 0xf7, 0x1, 0xf7, 0x1, 0xf7, 0x1, 0xf7,
    0x1, 0xf7, 0x1, 0xf7, 0x1, 0xf7, 0x1, 0xf7,
    0x78, 0xf7, 0xef, 0xf7,

    /* U+005E "^" */
    0x0, 0x1, 0xa1, 0x0, 0x0, 0x1, 0xdf, 0xd1,
    0x0, 0x1, 0xde, 0x5e, 0xd1, 0x1, 0xcf, 0x30,
    0x3f, 0xd1, 0xb, 0x30, 0x0, 0x3a, 0x0,

    /* U+005F "_" */
    0x11, 0x11, 0x11, 0x11, 0x11, 0xf, 0xff, 0xff,
    0xff, 0xff, 0xf9, 0x44, 0x44, 0x44, 0x44, 0x44,
    0x20,

    /* U+0060 "`" */
    0x2d, 0x10, 0xc, 0x80, 0x6, 0xe0,

    /* U+0061 "a" */
    0x0, 0x7d, 0xfe, 0x91, 0x0, 0x9f, 0xc9, 0xcf,
    0xb0, 0x9, 0xa0, 0x0, 0xbf, 0x10, 0x0, 0x46,
    0x9e, 0xf2, 0x6, 0xef, 0xec, 0xef, 0x22, 0xfc,
    0x20, 0x9, 0xf2, 0x5f, 0x50, 0x1, 0xff, 0x22,
    0xfd, 0x78, 0xef, 0xf2, 0x4, 0xdf, 0xe8, 0x5f,
    0x20,

    /* U+0062 "b" */
    0xec, 0x0, 0x0, 0x0, 0xe, 0xc0, 0x0, 0x0,
    0x0, 0xec, 0x0, 0x0, 0x0, 0xe, 0xd9, 0xef,
    0xb3, 0x0, 0xef, 0xe9, 0xaf, 0xf2, 0xf, 0xf2,
    0x0, 0x4f, 0xb0, 0xff, 0x0, 0x0, 0xdf, 0xf,
    0xf0, 0x0, 0xb, 0xf1, 0xff, 0x0, 0x0, 0xdf,
    0xf, 0xf2, 0x0, 0x4f, 0xb0, 0xef, 0xe9, 0xaf,
    0xf2, 0xe, 0xa9, 0xef, 0xb3, 0x0,

    /* U+0063 "c" */
    0x0, 0x5c, 0xfe, 0xa2, 0x0, 0x6f, 0xea, 0xbf,
    0xe1, 0xf, 0xe1, 0x0, 0x6e, 0x54, 0xf9, 0x0,
    0x0, 0x0, 0x5f, 0x70, 0x0, 0x0, 0x4, 0xf9,
    0x0, 0x0, 0x0, 0xf, 0xe1, 0x0, 0x6d, 0x40,
    0x6f, 0xea, 0xbf, 0xe1, 0x0, 0x5c, 0xfe, 0xa1,
    0x0,

    /* U+0064 "d" */
    0x0, 0x0, 0x0, 0x1f, 0x90, 0x0, 0x0, 0x1,
    0xf9, 0x0, 0x0, 0x0, 0x1f, 0x90, 0x5, 0xdf,
    0xd8, 0xf9, 0x6, 0xfe, 0x9a, 0xff, 0x90, 0xfe,
    0x10, 0x6, 0xfa, 0x4f, 0x90, 0x0, 0xf, 0xd5,
    0xf7, 0x0, 0x0, 0xfe, 0x4f, 0x90, 0x0, 0xf,
    0xd0, 0xfe, 0x10, 0x6, 0xfa, 0x6, 0xfe, 0x9a,
    0xff, 0x90, 0x5, 0xdf, 0xd6, 0xe9,

    /* U+0065 "e" */
    0x0, 0x4c, 0xfe, 0xa1, 0x0, 0x5f, 0xe9, 0x9f,
    0xe0, 0xe, 0xe1, 0x0, 0x4f, 0x73, 0xf9, 0x11,
    0x11, 0xfc, 0x5f, 0xff, 0xff, 0xff, 0xe4, 0xfd,
    0x44, 0x44, 0x73, 0xe, 0xe1, 0x0, 0x3a, 0x40,
    0x5f, 0xea, 0xbf, 0xf3, 0x0, 0x4c, 0xfe, 0xb2,
    0x0,

    /* U+0066 "f" */
    0x0, 0x4e, 0xfc, 0x0, 0xee, 0x64, 0x1, 0xf9,
    0x0, 0x8f, 0xff, 0xfc, 0x27, 0xff, 0x54, 0x1,
    0xf9, 0x0, 0x1, 0xf9, 0x0, 0x1, 0xf9, 0x0,
    0x1, 0xf9, 0x0, 0x1, 0xf9, 0x0, 0x1, 0xf9,
    0x0, 0x1, 0xf9, 0x0,

    /* U+0067 "g" */
    0x0, 0x5d, 0xfd, 0x7e, 0x90, 0x6f, 0xb5, 0x6e,
    0xf9, 0xf, 0xd0, 0x0, 0x4f, 0xa4, 0xf8, 0x0,
    0x0, 0xfd, 0x5f, 0x70, 0x0, 0xf, 0xe4, 0xf9,
    0x0, 0x0, 0xfd, 0xf, 0xe1, 0x0, 0x7f, 0xa0,
    0x6f, 0xe9, 0xaf, 0xf9, 0x0, 0x5d, 0xfd, 0x8f,
    0x90, 0x0, 0x0, 0x1, 0xf9, 0x1, 0x91, 0x0,
    0x7f, 0x70, 0x6f, 0xea, 0xcf, 0xe1, 0x0, 0x5c,
    0xfe, 0xa2, 0x0,

    /* U+0068 "h" */
    0xe9, 0x0, 0x0, 0x0, 0xe9, 0x0, 0x0, 0x0,
    0xe9, 0x0, 0x0, 0x0, 0xe9, 0x7d, 0xfd, 0x40,
    0xef, 0xfb, 0xbf, 0xf3, 0xef, 0x50, 0x6, 0xfa,
    0xff, 0x0, 0x0, 0xfd, 0xef, 0x0, 0x0, 0xdd,
    0xed, 0x0, 0x0, 0xde, 0xed, 0x0, 0x0, 0xde,
    0xed, 0x0, 0x0, 0xde, 0xed, 0x0, 0x0, 0xde,

    /* U+0069 "i" */
    0xbf, 0x79, 0x0, 0xbf, 0xbf, 0xbf, 0xbf, 0xbf,
    0xbf, 0xbf, 0xbf, 0xbf,

    /* U+006A "j" */
    0x0, 0x7f, 0x30, 0x4, 0xa2, 0x0, 0x0, 0x0,
    0x7, 0xf3, 0x0, 0x7f, 0x30, 0x7, 0xf3, 0x0,
    0x7f, 0x30, 0x7, 0xf3, 0x0, 0x7f, 0x30, 0x7,
    0xf3, 0x0, 0x7f, 0x30, 0x7, 0xf3, 0x0, 0x7f,
    0x30, 0x8, 0xf3, 0x1a, 0xff, 0x12, 0xfe, 0x70,

    /* U+006B "k" */
    0xed, 0x0, 0x0, 0x0, 0xed, 0x0, 0x0, 0x0,
    0xed, 0x0, 0x0, 0x0, 0xed, 0x0, 0x3f, 0xd1,
    0xed, 0x1, 0xef, 0x20, 0xed, 0xb, 0xf5, 0x0,
    0xed, 0x8f, 0x80, 0x0, 0xee, 0xfe, 0x0, 0x0,
    0xed, 0x7f, 0x90, 0x0, 0xed, 0xa, 0xf8, 0x0,
    0xed, 0x0, 0xcf, 0x60, 0xed, 0x0, 0x1e, 0xf4,

    /* U+006C "l" */
    0xbf, 0xbf, 0xbf, 0xbf, 0xbf, 0xbf, 0xbf, 0xbf,
    0xbf, 0xbf, 0xbf, 0xbf,

    /* U+006D "m" */
    0xea, 0x9e, 0xfa, 0x7, 0xef, 0xb1, 0xe, 0xfd,
    0x9d, 0xff, 0xe9, 0xbf, 0xb0, 0xef, 0x10, 0xe,
    0xf4, 0x0, 0xcf, 0xe, 0xf0, 0x0, 0xbf, 0x0,
    0x8, 0xf2, 0xec, 0x0, 0xb, 0xf0, 0x0, 0x8f,
    0x2e, 0xc0, 0x0, 0xbf, 0x0, 0x8, 0xf2, 0xec,
    0x0, 0xb, 0xf0, 0x0, 0x8f, 0x2e, 0xc0, 0x0,
    0xbf, 0x0, 0x8, 0xf2, 0xec, 0x0, 0xb, 0xf0,
    0x0, 0x8f, 0x20,

    /* U+006E "n" */
    0xe9, 0x7d, 0xfd, 0x40, 0xef, 0xfb, 0xbf, 0xf3,
    0xef, 0x50, 0x6, 0xfa, 0xff, 0x0, 0x0, 0xfd,
    0xef, 0x0, 0x0, 0xdd, 0xed, 0x0, 0x0, 0xde,
    0xed, 0x0, 0x0, 0xde, 0xed, 0x0, 0x0, 0xde,
    0xed, 0x0, 0x0, 0xde,

    /* U+006F "o" */
    0x0, 0x4c, 0xfe, 0xa2, 0x0, 0x5, 0xfe, 0xab,
    0xff, 0x20, 0xe, 0xe1, 0x0, 0x4f, 0xb0, 0x3f,
    0x90, 0x0, 0xd, 0xf0, 0x5f, 0x70, 0x0, 0xb,
    0xf1, 0x3f, 0x90, 0x0, 0xd, 0xf0, 0xe, 0xe1,
    0x0, 0x4f, 0xb0, 0x5, 0xfe, 0xab, 0xff, 0x20,
    0x0, 0x4c, 0xfe, 0xa2, 0x0,

    /* U+0070 "p" */
    0xea, 0x9e, 0xfb, 0x30, 0xe, 0xfe, 0x9a, 0xff,
    0x20, 0xff, 0x20, 0x4, 0xfb, 0xf, 0xf0, 0x0,
    0xd, 0xf0, 0xff, 0x0, 0x0, 0xbf, 0x1f, 0xf0,
    0x0, 0xd, 0xf0, 0xff, 0x20, 0x4, 0xfb, 0xe,
    0xfe, 0x9a, 0xff, 0x20, 0xed, 0x9e, 0xfb, 0x30,
    0xe, 0xc0, 0x0, 0x0, 0x0, 0xec, 0x0, 0x0,
    0x0, 0xe, 0xc0, 0x0, 0x0, 0x0, 0xec, 0x0,
    0x0, 0x0, 0x0,

    /* U+0071 "q" */
    0x0, 0x5d, 0xfd, 0x7e, 0x90, 0x6f, 0xe9, 0xaf,
    0xf9, 0xf, 0xe1, 0x0, 0x6f, 0xa4, 0xf9, 0x0,
    0x0, 0xfd, 0x5f, 0x70, 0x0, 0xf, 0xe4, 0xf9,
    0x0, 0x0, 0xfd, 0xf, 0xe1, 0x0, 0x6f, 0xa0,
    0x6f, 0xe9, 0xaf, 0xf9, 0x0, 0x5d, 0xfd, 0x7f,
    0x90, 0x0, 0x0, 0x1, 0xf9, 0x0, 0x0, 0x0,
    0x1f, 0x90, 0x0, 0x0, 0x1, 0xf9, 0x0, 0x0,
    0x0, 0x1f, 0x90,

    /* U+0072 "r" */
    0xe9, 0x7e, 0xce, 0xff, 0xb7, 0xef, 0x50, 0xe,
    0xe0, 0x0, 0xed, 0x0, 0xe, 0xd0, 0x0, 0xed,
    0x0, 0xe, 0xd0, 0x0, 0xed, 0x0, 0x0,

    /* U+0073 "s" */
    0x1, 0xae, 0xfd, 0x60, 0xc, 0xf9, 0x8d, 0xf7,
    0xf, 0xa0, 0x0, 0xb7, 0xd, 0xf9, 0x50, 0x0,
    0x1, 0x8d, 0xff, 0xa1, 0x0, 0x0, 0x27, 0xfb,
    0x2c, 0x80, 0x0, 0xdd, 0xd, 0xfb, 0x8b, 0xf9,
    0x1, 0x9e, 0xfd, 0x80,

    /* U+0074 "t" */
    0x1, 0x84, 0x0, 0x0, 0x3f, 0x80, 0x0, 0x3,
    0xf8, 0x0, 0xd, 0xff, 0xff, 0xf1, 0x48, 0xfd,
    0x55, 0x0, 0x3f, 0x80, 0x0, 0x3, 0xf8, 0x0,
    0x0, 0x3f, 0x80, 0x0, 0x2, 0xf8, 0x0, 0x0,
    0x2f, 0x90, 0x0, 0x0, 0xef, 0x99, 0x0, 0x4,
    0xdf, 0xe0,

    /* U+0075 "u" */
    0xf, 0xa0, 0x0, 0xf, 0xb0, 0xfa, 0x0, 0x0,
    0xfb, 0xf, 0xa0, 0x0, 0xf, 0xb0, 0xfa, 0x0,
    0x0, 0xfb, 0xf, 0xa0, 0x0, 0xf, 0xb0, 0xfc,
    0x0, 0x1, 0xfb, 0xc, 0xf3, 0x0, 0x7f, 0xb0,
    0x5f, 0xfa, 0xbf, 0xfb, 0x0, 0x6e, 0xfd, 0x5c,
    0xb0,

    /* U+0076 "v" */
    0x8f, 0x20, 0x0, 0x9f, 0x12, 0xf8, 0x0, 0xe,
    0xc0, 0xd, 0xd0, 0x4, 0xf6, 0x0, 0x7f, 0x20,
    0x9f, 0x10, 0x1, 0xf8, 0xe, 0xb0, 0x0, 0xc,
    0xd4, 0xf5, 0x0, 0x0, 0x6f, 0xcf, 0x0, 0x0,
    0x1, 0xff, 0xa0, 0x0, 0x0, 0xb, 0xf5, 0x0,
    0x0,

    /* U+0077 "w" */
    0x8f, 0x10, 0x8, 0xf3, 0x0, 0x7f, 0x23, 0xf6,
    0x0, 0xdf, 0x70, 0xc, 0xe0, 0xf, 0xb0, 0x2f,
    0xec, 0x1, 0xf9, 0x0, 0xaf, 0x6, 0xf6, 0xf1,
    0x5f, 0x40, 0x5, 0xf4, 0xbb, 0x1f, 0x6a, 0xf0,
    0x0, 0x1f, 0xaf, 0x60, 0xba, 0xeb, 0x0, 0x0,
    0xcf, 0xf1, 0x6, 0xff, 0x60, 0x0, 0x7, 0xfc,
    0x0, 0x2f, 0xf2, 0x0, 0x0, 0x3f, 0x70, 0x0,
    0xdd, 0x0, 0x0,

    /* U+0078 "x" */
    0x6f, 0x90, 0x0, 0xdf, 0x20, 0xbf, 0x40, 0x8f,
    0x60, 0x1, 0xee, 0x4f, 0xb0, 0x0, 0x4, 0xff,
    0xe1, 0x0, 0x0, 0xc, 0xf7, 0x0, 0x0, 0x5,
    0xff, 0xf1, 0x0, 0x1, 0xfd, 0x3f, 0xc0, 0x0,
    0xcf, 0x30, 0x7f, 0x70, 0x7f, 0x80, 0x0, 0xcf,
    0x30,

    /* U+0079 "y" */
    0x9f, 0x20, 0x0, 0x3f, 0x73, 0xf8, 0x0, 0x9,
    0xf1, 0xc, 0xe0, 0x0, 0xeb, 0x0, 0x6f, 0x40,
    0x4f, 0x50, 0x1, 0xfa, 0xa, 0xf0, 0x0, 0xa,
    0xf1, 0xf9, 0x0, 0x0, 0x4f, 0xcf, 0x40, 0x0,
    0x0, 0xdf, 0xe0, 0x0, 0x0, 0x9, 0xf8, 0x0,
    0x0, 0x0, 0x9f, 0x20, 0x0, 0x0, 0xd, 0xc0,
    0x0, 0x0, 0x3, 0xf6, 0x0, 0x0, 0x0, 0x8f,
    0x10, 0x0, 0x0,

    /* U+007A "z" */
    0x3f, 0xff, 0xff, 0xfb, 0x18, 0x88, 0x8f, 0xe1,
    0x0, 0x0, 0x7f, 0x50, 0x0, 0x2, 0xfb, 0x0,
    0x0, 0xc, 0xe1, 0x0, 0x0, 0x7f, 0x50, 0x0,
    0x3, 0xfa, 0x0, 0x0, 0xd, 0xf9, 0x88, 0x85,
    0x8f, 0xff, 0xff, 0xfa,

    /* U+007B "{" */
    0x2, 0xdf, 0x50, 0xbf, 0xa3, 0xc, 0xc0, 0x0,
    0xdc, 0x0, 0xd, 0xc0, 0x0, 0xdc, 0x0, 0xd,
    0xc0, 0x0, 0xeb, 0x0, 0x8f, 0x50, 0x8, 0xf5,
    0x0, 0xe, 0xb0, 0x0, 0xdc, 0x0, 0xd, 0xc0,
    0x0, 0xdc, 0x0, 0xd, 0xc0, 0x0, 0xcc, 0x0,
    0xb, 0xfa, 0x30, 0x2d, 0xf5,

    /* U+007C "|" */
    0x9f, 0x19, 0xf1, 0x9f, 0x19, 0xf1, 0x9f, 0x19,
    0xf1, 0x9f, 0x19, 0xf1, 0x9f, 0x19, 0xf1, 0x9f,
    0x19, 0xf1,

    /* U+007D "}" */
    0x5f, 0xd2, 0x3, 0xaf, 0xb0, 0x0, 0xcd, 0x0,
    0xc, 0xd0, 0x0, 0xcd, 0x0, 0xc, 0xd0, 0x0,
    0xcd, 0x0, 0xb, 0xe0, 0x0, 0x4f, 0x90, 0x4,
    0xf9, 0x0, 0xbe, 0x0, 0xc, 0xd0, 0x0, 0xcd,
    0x0, 0xc, 0xd0, 0x0, 0xcd, 0x0, 0xc, 0xd0,
    0x3a, 0xfb, 0x5, 0xfd, 0x30,

    /* U+007E "~" */
    0x8, 0xfd, 0x70, 0x3c, 0x31, 0xfe, 0xef, 0xfe,
    0xf4, 0x2f, 0x60, 0x6c, 0xfa, 0x0, 0x0, 0x0,
    0x0, 0x0,

    /* U+00A0 " " */

    /* U+00A1 "¡" */
    0x1f, 0x90, 0xa6, 0x0, 0x1, 0xf9, 0x1f, 0x91,
    0xf9, 0x1f, 0x91, 0xf9, 0x1f, 0x91, 0xf9, 0x1f,
    0x90, 0xc7,

    /* U+00A2 "¢" */
    0x0, 0x0, 0xc9, 0x0, 0x0, 0x0, 0x4e, 0xb3,
    0x0, 0x1, 0xdf, 0xff, 0xf8, 0x0, 0xbf, 0x71,
    0x3c, 0xf5, 0x2f, 0xb0, 0x0, 0x26, 0x15, 0xf8,
    0x0, 0x0, 0x0, 0x5f, 0x70, 0x0, 0x0, 0x2,
    0xfb, 0x0, 0x1, 0x40, 0xc, 0xf6, 0x11, 0xbf,
    0x50, 0x2e, 0xff, 0xff, 0x90, 0x0, 0x6, 0xec,
    0x30, 0x0, 0x0, 0xc, 0x90, 0x0, 0x0, 0x0,
    0x0, 0x0, 0x0,

    /* U+00A3 "£" */
    0x0, 0x6, 0xdf, 0xb1, 0x0, 0x5, 0xfd, 0xaf,
    0xc0, 0x0, 0xbf, 0x10, 0x6f, 0x50, 0xd, 0xe0,
    0x0, 0x50, 0x0, 0xdd, 0x0, 0x0, 0x4, 0x9f,
    0xf9, 0x94, 0x0, 0x6f, 0xff, 0xff, 0x70, 0x0,
    0xd, 0xd0, 0x0, 0x0, 0x0, 0xdd, 0x0, 0x0,
    0x0, 0xe, 0xd0, 0x0, 0x0, 0x4c, 0xff, 0x99,
    0x98, 0x6, 0xff, 0xff, 0xff, 0xe0,

    /* U+00A4 "¤" */
    0x7, 0x0, 0x1, 0x0, 0x43, 0x4, 0xfd, 0xbf,
    0xfe, 0xaf, 0xd0, 0x7, 0xff, 0x75, 0xaf, 0xf2,
    0x0, 0x9f, 0x20, 0x0, 0x8f, 0x20, 0xd, 0x90,
    0x0, 0x0, 0xf7, 0x0, 0xd9, 0x0, 0x0, 0xf,
    0x70, 0xa, 0xe0, 0x0, 0x6, 0xf3, 0x0, 0x6f,
    0xe4, 0x27, 0xff, 0x0, 0x3f, 0xff, 0xff, 0xff,
    0xfb, 0x0, 0xa2, 0x3, 0x41, 0x7, 0x60,

    /* U+00A5 "¥" */
    0xbf, 0x30, 0x0, 0xc, 0xf3, 0x2f, 0xd0, 0x0,
    0x5f, 0x90, 0x8, 0xf6, 0x0, 0xef, 0x10, 0x0,
    0xee, 0x18, 0xf7, 0x0, 0x0, 0x6f, 0xbf, 0xd0,
    0x0, 0x0, 0x1d, 0xff, 0x51, 0x0, 0x7, 0xff,
    0xff, 0xff, 0x0, 0x1, 0x46, 0xfd, 0x43, 0x0,
    0x0, 0x13, 0xfb, 0x11, 0x0, 0x7, 0xff, 0xff,
    0xff, 0x0, 0x2, 0x46, 0xfe, 0x44, 0x0, 0x0,
    0x1, 0xf9, 0x0, 0x0,

    /* U+00A6 "¦" */
    0x9f, 0x19, 0xf1, 0x9f, 0x19, 0xf1, 0x9f, 0x19,
    0xf1, 0x36, 0x0, 0x0, 0x36, 0x9, 0xf1, 0x9f,
    0x19, 0xf1, 0x9f, 0x19, 0xf1, 0x9f, 0x10,

    /* U+00A7 "§" */
    0x0, 0x1, 0x10, 0x0, 0x2, 0xcf, 0xfd, 0x40,
    0xc, 0xf7, 0x6e, 0xf2, 0xf, 0xb0, 0x5, 0xa3,
    0xd, 0xfb, 0x51, 0x0, 0x3, 0xff, 0xff, 0xa1,
    0xd, 0xd3, 0x5a, 0xfc, 0x3f, 0x80, 0x0, 0xdf,
    0x1e, 0xfa, 0x54, 0xfb, 0x2, 0xbf, 0xff, 0xf2,
    0x0, 0x1, 0x5c, 0xf8, 0x8, 0x70, 0x0, 0xfb,
    0xd, 0xf7, 0x38, 0xf8, 0x2, 0xdf, 0xff, 0xc1,
    0x0, 0x3, 0x42, 0x0,

    /* U+00A8 "¨" */
    0x9, 0x50, 0x87, 0x1f, 0x80, 0xdc,

    /* U+00A9 "©" */
    0x0, 0x1, 0x8d, 0xfe, 0xc6, 0x0, 0x0, 0x0,
    0x3e, 0xfd, 0xaa, 0xef, 0xc1, 0x0, 0x2, 0xfe,
    0x40, 0x0, 0x7, 0xfd, 0x0, 0xc, 0xf2, 0xa,
    0xff, 0x90, 0x6f, 0x80, 0x3f, 0x80, 0x9e, 0x56,
    0xf8, 0xc, 0xe0, 0x6f, 0x20, 0xf6, 0x0, 0x32,
    0x7, 0xf2, 0x7f, 0x11, 0xf4, 0x0, 0x0, 0x5,
    0xf3, 0x6f, 0x20, 0xf5, 0x0, 0x10, 0x7, 0xf2,
    0x3f, 0x80, 0xbd, 0x22, 0xe9, 0xc, 0xe0, 0xc,
    0xf2, 0x2d, 0xff, 0xc1, 0x6f, 0x80, 0x2, 0xfe,
    0x40, 0x22, 0x7, 0xfd, 0x0, 0x0, 0x4e, 0xfd,
    0xaa, 0xef, 0xc1, 0x0, 0x0, 0x1, 0x8d, 0xff,
    0xc6, 0x0, 0x0,

    /* U+00AA "ª" */
    0x9, 0xeb, 0x10, 0x71, 0xc6, 0xc, 0xdd, 0x74,
    0xb0, 0xb7, 0x1d, 0xcb, 0x70,

    /* U+00AB "«" */
    0x0, 0x49, 0x3, 0xa0, 0x2, 0xe6, 0x1e, 0x80,
    0xc, 0xa0, 0xbb, 0x0, 0x8f, 0x6, 0xf1, 0x0,
    0x1e, 0x71, 0xd8, 0x0, 0x4, 0xf4, 0x2f, 0x50,
    0x0, 0x7b, 0x5, 0xd0, 0x0, 0x0, 0x0, 0x0,

    /* U+00AC "¬" */
    0x1, 0x11, 0x11, 0x11, 0x0, 0xff, 0xff, 0xff,
    0xfa, 0x4, 0x44, 0x44, 0x4c, 0xa0, 0x0, 0x0,
    0x0, 0xba, 0x0, 0x0, 0x0, 0x3, 0x20,

    /* U+00AD "­" */
    0x1, 0x11, 0x11, 0xf, 0xff, 0xfc, 0x4, 0x44,
    0x43,

    /* U+00AE "®" */
    0x0, 0x9e, 0xfb, 0x20, 0x0, 0xdb, 0x43, 0x8f,
    0x30, 0x8c, 0x2b, 0xb4, 0x7d, 0xc, 0x52, 0x80,
    0xa0, 0xf2, 0xd5, 0x2d, 0xc4, 0xf, 0x29, 0xa2,
    0x84, 0x75, 0xe0, 0x1e, 0x92, 0x6, 0xf5, 0x0,
    0x2c, 0xff, 0xe5, 0x0, 0x0, 0x1, 0x20, 0x0,
    0x0,

    /* U+00AF "¯" */
    0x1, 0x11, 0x10, 0x1f, 0xff, 0xf1, 0x4, 0x44,
    0x40,

    /* U+00B0 "°" */
    0x0, 0x1, 0x0, 0x0, 0x5f, 0xfd, 0x30, 0x3f,
    0xa6, 0xde, 0x7, 0xf0, 0x4, 0xf3, 0x5f, 0x73,
    0xbf, 0x10, 0xaf, 0xff, 0x50, 0x0, 0x24, 0x10,
    0x0,

    /* U+00B1 "±" */
    0x0, 0x0, 0xd7, 0x0, 0x0, 0x11, 0x1d, 0x81,
    0x10, 0xf, 0xff, 0xff, 0xff, 0xa0, 0x44, 0x4e,
    0x94, 0x42, 0x0, 0x0, 0xd7, 0x0, 0x0, 0x11,
    0x14, 0x21, 0x10, 0xf, 0xff, 0xff, 0xff, 0xa0,
    0x44, 0x44, 0x44, 0x42,

    /* U+00B2 "²" */
    0x4, 0xdf, 0x90, 0xf, 0x72, 0xc7, 0x18, 0x0,
    0x7b, 0x0, 0x0, 0xc8, 0x0, 0xb, 0xd1, 0x0,
    0xad, 0x10, 0xa, 0xe2, 0x10, 0x3f, 0xff, 0xfb,

    /* U+00B3 "³" */
    0x1f, 0xff, 0xf5, 0x1, 0x18, 0xe1, 0x0, 0x7e,
    0x20, 0x0, 0xff, 0x70, 0x0, 0x2, 0xf3, 0x0,
    0x0, 0xc6, 0x2f, 0x33, 0xf3, 0x7, 0xee, 0x60,

    /* U+00B4 "´" */
    0xa, 0x72, 0xf2, 0x8c, 0x0,

    /* U+00B5 "µ" */
    0xed, 0x0, 0x0, 0xde, 0xed, 0x0, 0x0, 0xde,
    0xed, 0x0, 0x0, 0xde, 0xed, 0x0, 0x0, 0xde,
    0xed, 0x0, 0x0, 0xde, 0xee, 0x0, 0x0, 0xee,
    0xef, 0x30, 0x3, 0xfe, 0xef, 0xe7, 0x7e, 0xfe,
    0xed, 0xdf, 0xe8, 0xae, 0xe9, 0x0, 0x0, 0x0,
    0xe9, 0x0, 0x0, 0x0, 0xe9, 0x0, 0x0, 0x0,
    0xe9, 0x0, 0x0, 0x0,

    /* U+00B6 "¶" */
    0x0, 0x7d, 0xff, 0xf1, 0x9f, 0x10, 0x7f, 0xff,
    0xff, 0x19, 0xf1, 0xe, 0xff, 0xff, 0xf1, 0x9f,
    0x11, 0xff, 0xff, 0xff, 0x19, 0xf1, 0xf, 0xff,
    0xff, 0xf1, 0x9f, 0x10, 0xbf, 0xff, 0xff, 0x19,
    0xf1, 0x2, 0xef, 0xff, 0xf1, 0x9f, 0x10, 0x0,
    0x57, 0xcf, 0x19, 0xf1, 0x0, 0x0, 0x9, 0xf1,
    0x9f, 0x10, 0x0, 0x0, 0x9f, 0x19, 0xf1, 0x0,
    0x0, 0x9, 0xf1, 0x9f, 0x10, 0x0, 0x0, 0x9f,
    0x19, 0xf1, 0x0, 0x0, 0x9, 0xf1, 0x9f, 0x10,
    0x0, 0x0, 0x8f, 0x18, 0xf1,

    /* U+00B7 "·" */
    0x0, 0x0, 0xe, 0xe0, 0xc, 0xd0,

    /* U+00B8 "¸" */
    0x2, 0xa0, 0x7, 0xe2, 0x0, 0xb9, 0xe, 0xf4,
    0x1, 0x10,

    /* U+00B9 "¹" */
    0x7, 0xf7, 0xd, 0xd7, 0x0, 0xb7, 0x0, 0xb7,
    0x0, 0xb7, 0x0, 0xb7, 0x0, 0xb7, 0x0, 0xb7,

    /* U+00BA "º" */
    0x7, 0xdc, 0x22, 0xd0, 0x5b, 0x5a, 0x1, 0xe2,
    0xd0, 0x5b, 0x7, 0xed, 0x20,

    /* U+00BB "»" */
    0x94, 0x7, 0x60, 0x6, 0xe2, 0x5f, 0x30, 0xa,
    0xd0, 0x8e, 0x10, 0xe, 0x80, 0xd9, 0x7, 0xe1,
    0x5f, 0x24, 0xf4, 0x2f, 0x50, 0xb7, 0x9, 0x90,
    0x0, 0x0, 0x0, 0x0,

    /* U+00BC "¼" */
    0x0, 0x0, 0x0, 0x0, 0x0, 0x0, 0x0, 0x0,
    0x8f, 0x70, 0x0, 0x0, 0x8, 0x80, 0x0, 0xc,
    0xc7, 0x0, 0x0, 0x4, 0xf4, 0x0, 0x0, 0xb,
    0x70, 0x0, 0x1, 0xe9, 0x0, 0x0, 0x0, 0xb7,
    0x0, 0x0, 0xad, 0x0, 0x0, 0x0, 0xb, 0x70,
    0x0, 0x5f, 0x30, 0x57, 0x0, 0x0, 0xb7, 0x0,
    0x1e, 0x80, 0xd, 0x60, 0x0, 0xb, 0x70, 0xb,
    0xc0, 0x4, 0xf0, 0x0, 0x0, 0x32, 0x7, 0xf2,
    0x0, 0xb9, 0x22, 0x0, 0x0, 0x2, 0xf6, 0x0,
    0x1f, 0x28, 0xa0, 0x0, 0x0, 0xdb, 0x0, 0x8,
    0xc0, 0x8a, 0x0, 0x0, 0x8e, 0x10, 0x0, 0xbf,
    0xff, 0xf4, 0x0, 0xe, 0x50, 0x0, 0x1, 0x22,
    0x9a, 0x0, 0x0, 0x0, 0x0, 0x0, 0x0, 0x0,
    0x0,

    /* U+00BD "½" */
    0x0, 0x42, 0x0, 0x0, 0x0, 0x10, 0x0, 0x0,
    0xcf, 0x70, 0x0, 0x0, 0xc, 0x90, 0x0, 0x8,
    0xb7, 0x0, 0x0, 0x9, 0xe1, 0x0, 0x0, 0xb,
    0x70, 0x0, 0x5, 0xf4, 0x0, 0x0, 0x0, 0xb7,
    0x0, 0x2, 0xe8, 0x0, 0x0, 0x0, 0xb, 0x70,
    0x0, 0xcc, 0x1, 0xbe, 0xb1, 0x0, 0xb7, 0x0,
    0x9e, 0x10, 0xba, 0x29, 0xc0, 0xb, 0x70, 0x5f,
    0x40, 0x5, 0x10, 0x3f, 0x0, 0x0, 0x2f, 0x80,
    0x0, 0x0, 0x1c, 0x90, 0x0, 0xc, 0xc0, 0x0,
    0x0, 0x2d, 0xa0, 0x0, 0x9, 0xe1, 0x0, 0x0,
    0x4e, 0x70, 0x0, 0x0, 0xd4, 0x0, 0x0, 0xe,
    0xff, 0xff, 0x0, 0x0, 0x0, 0x0, 0x0, 0x12,
    0x22, 0x20,

    /* U+00BE "¾" */
    0x0, 0x0, 0x0, 0x0, 0x0, 0x0, 0x0, 0x0,
    0x1f, 0xff, 0xf4, 0x0, 0x0, 0x7, 0x70, 0x0,
    0x2, 0x28, 0xf1, 0x0, 0x0, 0x3f, 0x50, 0x0,
    0x0, 0x6e, 0x20, 0x0, 0x0, 0xda, 0x0, 0x0,
    0x0, 0xff, 0x70, 0x0, 0x9, 0xe0, 0x0, 0x0,
    0x0, 0x2, 0xf3, 0x0, 0x5f, 0x30, 0x22, 0x0,
    0x0, 0x0, 0xc6, 0x1, 0xe8, 0x0, 0xd7, 0x0,
    0x2e, 0x22, 0xf3, 0xb, 0xc0, 0x4, 0xf1, 0x0,
    0x9, 0xff, 0x80, 0x6f, 0x20, 0xb, 0x92, 0x20,
    0x0, 0x11, 0x2, 0xf6, 0x0, 0x2f, 0x29, 0x80,
    0x0, 0x0, 0xc, 0xb0, 0x0, 0x9b, 0x9, 0x80,
    0x0, 0x0, 0x8e, 0x10, 0x0, 0xdf, 0xff, 0xf3,
    0x0, 0x0, 0xe5, 0x0, 0x0, 0x12, 0x2a, 0x90,
    0x0, 0x0, 0x0, 0x0, 0x0, 0x0, 0x0, 0x0,

    /* U+00BF "¿" */
    0x0, 0x5, 0xf6, 0x0, 0x0, 0x5, 0xf6, 0x0,
    0x0, 0x0, 0x0, 0x0, 0x0, 0x4, 0xd5, 0x0,
    0x0, 0x9, 0xf4, 0x0, 0x0, 0x6f, 0xc0, 0x0,
    0x4, 0xfc, 0x10, 0x0, 0xe, 0xe0, 0x0, 0x0,
    0x2f, 0x90, 0x0, 0x33, 0x1f, 0xc0, 0x1, 0xfb,
    0xa, 0xfc, 0xae, 0xf4, 0x0, 0x9e, 0xfc, 0x40,

    /* U+00C0 "À" */
    0x0, 0x7, 0xa0, 0x0, 0x0, 0x0, 0x0, 0x2f,
    0x20, 0x0, 0x0, 0x0, 0x0, 0xc8, 0x0, 0x0,
    0x0, 0x0, 0x0, 0x0, 0x0, 0x0, 0x0, 0x1,
    0xff, 0xa0, 0x0, 0x0, 0x0, 0x6f, 0xfe, 0x0,
    0x0, 0x0, 0xb, 0xf9, 0xf4, 0x0, 0x0, 0x0,
    0xfb, 0x3f, 0x90, 0x0, 0x0, 0x5f, 0x60, 0xdd,
    0x0, 0x0, 0xa, 0xf1, 0x8, 0xf3, 0x0, 0x0,
    0xfc, 0x0, 0x3f, 0x80, 0x0, 0x4f, 0x70, 0x0,
    0xed, 0x0, 0x9, 0xff, 0xff, 0xff, 0xf2, 0x0,
    0xef, 0x99, 0x99, 0xef, 0x70, 0x3f, 0x80, 0x0,
    0x0, 0xfc, 0x8, 0xf3, 0x0, 0x0, 0xa, 0xf1,

    /* U+00C1 "Á" */
    0x0, 0x0, 0x3, 0xd1, 0x0, 0x0, 0x0, 0x0,
    0x9b, 0x0, 0x0, 0x0, 0x0, 0xf, 0x40, 0x0,
    0x0, 0x0, 0x0, 0x0, 0x0, 0x0, 0x0, 0x1,
    0xff, 0xa0, 0x0, 0x0, 0x0, 0x6f, 0xfe, 0x0,
    0x0, 0x0, 0xb, 0xf9, 0xf4, 0x0, 0x0, 0x0,
    0xfb, 0x3f, 0x90, 0x0, 0x0, 0x5f, 0x60, 0xed,
    0x0, 0x0, 0xa, 0xf1, 0x9, 0xf3, 0x0, 0x0,
    0xfc, 0x0, 0x4f, 0x80, 0x0, 0x4f, 0x70, 0x0,
    0xed, 0x0, 0x9, 0xff, 0xff, 0xff, 0xf2, 0x0,
    0xef, 0x99, 0x99, 0xef, 0x70, 0x3f, 0x80, 0x0,
    0x0, 0xfc, 0x8, 0xf3, 0x0, 0x0, 0xa, 0xf1,

    /* U+00C2 "Â" */
    0x0, 0x0, 0x57, 0x10, 0x0, 0x0, 0x0, 0x4f,
    0xdc, 0x0, 0x0, 0x0, 0x2f, 0x71, 0xea, 0x0,
    0x0, 0x0, 0x0, 0x0, 0x0, 0x0, 0x0, 0x1,
    0xff, 0xa0, 0x0, 0x0, 0x0, 0x6f, 0xfe, 0x0,
    0x0, 0x0, 0xb, 0xf9, 0xf4, 0x0, 0x0, 0x0,
    0xfb, 0x3f, 0x90, 0x0, 0x0, 0x5f, 0x60, 0xed,
    0x0, 0x0, 0xa, 0xf1, 0x9, 0xf3, 0x0, 0x0,
    0xfc, 0x0, 0x4f, 0x80, 0x0, 0x4f, 0x70, 0x0,
    0xed, 0x0, 0x9, 0xff, 0xff, 0xff, 0xf2, 0x0,
    0xef, 0x99, 0x99, 0xef, 0x70, 0x3f, 0x80, 0x0,
    0x0, 0xfc, 0x8, 0xf3, 0x0, 0x0, 0xa, 0xf1,

    /* U+00C3 "Ã" */
    0x0, 0x0, 0x0, 0x0, 0x0, 0x0, 0x2, 0xee,
    0x64, 0xe0, 0x0, 0x0, 0x6d, 0x5d, 0xfb, 0x0,
    0x0, 0x1, 0x20, 0x2, 0x0, 0x0, 0x0, 0x0,
    0x0, 0x0, 0x0, 0x0, 0x0, 0x1f, 0xfa, 0x0,
    0x0, 0x0, 0x6, 0xff, 0xe0, 0x0, 0x0, 0x0,
    0xbf, 0x9f, 0x40, 0x0, 0x0, 0xf, 0xb3, 0xf9,
    0x0, 0x0, 0x5, 0xf6, 0xe, 0xd0, 0x0, 0x0,
    0xaf, 0x10, 0x9f, 0x30, 0x0, 0xf, 0xc0, 0x4,
    0xf8, 0x0, 0x4, 0xf7, 0x0, 0xe, 0xd0, 0x0,
    0x9f, 0xff, 0xff, 0xff, 0x20, 0xe, 0xf9, 0x99,
    0x9e, 0xf7, 0x3, 0xf8, 0x0, 0x0, 0xf, 0xc0,
    0x8f, 0x30, 0x0, 0x0, 0xaf, 0x10,

    /* U+00C4 "Ä" */
    0x0, 0x19, 0x40, 0x86, 0x0, 0x0, 0x2, 0xf7,
    0xe, 0xb0, 0x0, 0x0, 0x0, 0x0, 0x0, 0x0,
    0x0, 0x0, 0x1f, 0xfa, 0x0, 0x0, 0x0, 0x6,
    0xff, 0xe0, 0x0, 0x0, 0x0, 0xbf, 0x9f, 0x40,
    0x0, 0x0, 0xf, 0xb3, 0xf9, 0x0, 0x0, 0x5,
    0xf6, 0xe, 0xd0, 0x0, 0x0, 0xaf, 0x10, 0x9f,
    0x30, 0x0, 0xf, 0xc0, 0x4, 0xf8, 0x0, 0x4,
    0xf7, 0x0, 0xe, 0xd0, 0x0, 0x9f, 0xff, 0xff,
    0xff, 0x20, 0xe, 0xf9, 0x99, 0x9e, 0xf7, 0x3,
    0xf8, 0x0, 0x0, 0xf, 0xc0, 0x8f, 0x30, 0x0,
    0x0, 0xaf, 0x10,

    /* U+00C5 "Å" */
    0x0, 0x1, 0xbe, 0x60, 0x0, 0x0, 0x0, 0x9a,
    0x3f, 0x10, 0x0, 0x0, 0x9, 0x91, 0xe2, 0x0,
    0x0, 0x0, 0x2e, 0xf9, 0x0, 0x0, 0x0, 0x0,
    0x1, 0x0, 0x0, 0x0, 0x0, 0x1f, 0xfa, 0x0,
    0x0, 0x0, 0x6, 0xff, 0xe0, 0x0, 0x0, 0x0,
    0xbf, 0x9f, 0x40, 0x0, 0x0, 0xf, 0xb3, 0xf9,
    0x0, 0x0, 0x5, 0xf6, 0xe, 0xd0, 0x0, 0x0,
    0xaf, 0x10, 0x9f, 0x30, 0x0, 0xf, 0xc0, 0x4,
    0xf8, 0x0, 0x4, 0xf7, 0x0, 0xe, 0xd0, 0x0,
    0x9f, 0xff, 0xff, 0xff, 0x20, 0xe, 0xf9, 0x99,
    0x9e, 0xf7, 0x3, 0xf8, 0x0, 0x0, 0xf, 0xc0,
    0x8f, 0x30, 0x0, 0x0, 0xaf, 0x10,

    /* U+00C6 "Æ" */
    0x0, 0x1, 0xff, 0xff, 0xff, 0xff, 0xff, 0x10,
    0x0, 0x6f, 0xdd, 0xfc, 0x99, 0x99, 0x91, 0x0,
    0xb, 0xf0, 0x4f, 0x60, 0x0, 0x0, 0x0, 0x0,
    0xfb, 0x4, 0xf6, 0x0, 0x0, 0x0, 0x0, 0x5f,
    0x60, 0x4f, 0x60, 0x0, 0x0, 0x0, 0xa, 0xf1,
    0x4, 0xff, 0xff, 0xff, 0x20, 0x0, 0xfc, 0x0,
    0x4f, 0xc9, 0x99, 0x91, 0x0, 0x4f, 0x70, 0x4,
    0xf6, 0x0, 0x0, 0x0, 0x9, 0xff, 0xff, 0xff,
    0x70, 0x0, 0x0, 0x0, 0xef, 0x99, 0x9d, 0xf6,
    0x0, 0x0, 0x0, 0x3f, 0x80, 0x0, 0x4f, 0xc9,
    0x99, 0x99, 0x18, 0xf3, 0x0, 0x4, 0xff, 0xff,
    0xff, 0xf1,

    /* U+00C7 "Ç" */
    0x0, 0x7, 0xcf, 0xfc, 0x60, 0x0, 0x1, 0xcf,
    0xea, 0xbe, 0xfa, 0x0, 0xa, 0xf8, 0x0, 0x0,
    0xaf, 0x70, 0x1f, 0xc0, 0x0, 0x0, 0xe, 0xc0,
    0x5f, 0x60, 0x0, 0x0, 0x0, 0x0, 0x7f, 0x40,
    0x0, 0x0, 0x0, 0x0, 0x7f, 0x40, 0x0, 0x0,
    0x0, 0x0, 0x5f, 0x60, 0x0, 0x0, 0x1, 0x0,
    0x1f, 0xc0, 0x0, 0x0, 0xe, 0xc0, 0xa, 0xf8,
    0x0, 0x0, 0xaf, 0x70, 0x1, 0xcf, 0xea, 0xbe,
    0xfa, 0x0, 0x0, 0x7, 0xdf, 0xfc, 0x50, 0x0,
    0x0, 0x0, 0x9, 0x90, 0x0, 0x0, 0x0, 0x0,
    0x7, 0xf3, 0x0, 0x0, 0x0, 0x0, 0x4, 0xe5,
    0x0, 0x0, 0x0, 0x0, 0x2f, 0xb0, 0x0, 0x0,

    /* U+00C8 "È" */
    0x0, 0x88, 0x0, 0x0, 0x0, 0x4f, 0x10, 0x0,
    0x0, 0xd, 0x70, 0x0, 0x0, 0x0, 0x0, 0x0,
    0xef, 0xff, 0xff, 0xf7, 0xee, 0x99, 0x99, 0x94,
    0xec, 0x0, 0x0, 0x0, 0xec, 0x0, 0x0, 0x0,
    0xec, 0x0, 0x0, 0x0, 0xef, 0xff, 0xff, 0x80,
    0xee, 0x99, 0x99, 0x50, 0xec, 0x0, 0x0, 0x0,
    0xec, 0x0, 0x0, 0x0, 0xec, 0x0, 0x0, 0x0,
    0xee, 0x99, 0x99, 0x94, 0xef, 0xff, 0xff, 0xf7,

    /* U+00C9 "É" */
    0x0, 0x0, 0x88, 0x0, 0x0, 0x1, 0xf4, 0x0,
    0x0, 0x7, 0xd0, 0x0, 0x0, 0x0, 0x0, 0x0,
    0xef, 0xff, 0xff, 0xf7, 0xee, 0x99, 0x99, 0x94,
    0xec, 0x0, 0x0, 0x0, 0xec, 0x0, 0x0, 0x0,
    0xec, 0x0, 0x0, 0x0, 0xef, 0xff, 0xff, 0x80,
    0xee, 0x99, 0x99, 0x50, 0xec, 0x0, 0x0, 0x0,
    0xec, 0x0, 0x0, 0x0, 0xec, 0x0, 0x0, 0x0,
    0xee, 0x99, 0x99, 0x94, 0xef, 0xff, 0xff, 0xf7,

    /* U+00CA "Ê" */
    0x0, 0x18, 0x50, 0x0, 0x0, 0xdd, 0xf4, 0x0,
    0xa, 0xd1, 0x8e, 0x20, 0x0, 0x0, 0x0, 0x0,
    0xef, 0xff, 0xff, 0xf7, 0xee, 0x99, 0x99, 0x94,
    0xec, 0x0, 0x0, 0x0, 0xec, 0x0, 0x0, 0x0,
    0xec, 0x0, 0x0, 0x0, 0xef, 0xff, 0xff, 0x80,
    0xee, 0x99, 0x99, 0x50, 0xec, 0x0, 0x0, 0x0,
    0xec, 0x0, 0x0, 0x0, 0xec, 0x0, 0x0, 0x0,
    0xee, 0x99, 0x99, 0x94, 0xef, 0xff, 0xff, 0xf7,

    /* U+00CB "Ë" */
    0x6, 0x80, 0x49, 0x10, 0xb, 0xe0, 0x7f, 0x20,
    0x0, 0x0, 0x0, 0x0, 0xef, 0xff, 0xff, 0xf7,
    0xee, 0x99, 0x99, 0x94, 0xec, 0x0, 0x0, 0x0,
    0xec, 0x0, 0x0, 0x0, 0xec, 0x0, 0x0, 0x0,
    0xef, 0xff, 0xff, 0x80, 0xee, 0x99, 0x99, 0x50,
    0xec, 0x0, 0x0, 0x0, 0xec, 0x0, 0x0, 0x0,
    0xec, 0x0, 0x0, 0x0, 0xee, 0x99, 0x99, 0x94,
    0xef, 0xff, 0xff, 0xf7,

    /* U+00CC "Ì" */
    0x7a, 0x2, 0xf2, 0xc, 0x80, 0x0, 0xb, 0xf0,
    0xbf, 0xb, 0xf0, 0xbf, 0xb, 0xf0, 0xbf, 0xb,
    0xf0, 0xbf, 0xb, 0xf0, 0xbf, 0xb, 0xf0, 0xbf,

    /* U+00CD "Í" */
    0x7, 0xa0, 0xe6, 0x5f, 0x0, 0x0, 0xbf, 0xb,
    0xf0, 0xbf, 0xb, 0xf0, 0xbf, 0xb, 0xf0, 0xbf,
    0xb, 0xf0, 0xbf, 0xb, 0xf0, 0xbf, 0xb, 0xf0,

    /* U+00CE "Î" */
    0x0, 0x67, 0x0, 0x7, 0xfd, 0xa0, 0x4f, 0x52,
    0xf7, 0x0, 0x0, 0x0, 0x0, 0xbf, 0x0, 0x0,
    0xbf, 0x0, 0x0, 0xbf, 0x0, 0x0, 0xbf, 0x0,
    0x0, 0xbf, 0x0, 0x0, 0xbf, 0x0, 0x0, 0xbf,
    0x0, 0x0, 0xbf, 0x0, 0x0, 0xbf, 0x0, 0x0,
    0xbf, 0x0, 0x0, 0xbf, 0x0, 0x0, 0xbf, 0x0,

    /* U+00CF "Ï" */
    0x29, 0x20, 0x95, 0x4f, 0x41, 0xf8, 0x0, 0x0,
    0x0, 0x0, 0xbf, 0x0, 0x0, 0xbf, 0x0, 0x0,
    0xbf, 0x0, 0x0, 0xbf, 0x0, 0x0, 0xbf, 0x0,
    0x0, 0xbf, 0x0, 0x0, 0xbf, 0x0, 0x0, 0xbf,
    0x0, 0x0, 0xbf, 0x0, 0x0, 0xbf, 0x0, 0x0,
    0xbf, 0x0, 0x0, 0xbf, 0x0,

    /* U+00D0 "Ð" */
    0xe, 0xff, 0xff, 0xd7, 0x0, 0x0, 0xee, 0xaa,
    0xad, 0xfc, 0x0, 0xe, 0xd0, 0x0, 0x9, 0xf7,
    0x0, 0xed, 0x0, 0x0, 0xe, 0xe0, 0xe, 0xd0,
    0x0, 0x0, 0xaf, 0x21, 0xfe, 0x11, 0x0, 0x8,
    0xf3, 0xdf, 0xff, 0xf7, 0x0, 0x8f, 0x33, 0xff,
    0x44, 0x10, 0xa, 0xf2, 0xe, 0xd0, 0x0, 0x0,
    0xee, 0x0, 0xed, 0x0, 0x0, 0x9f, 0x70, 0xe,
    0xe9, 0x9a, 0xdf, 0xc0, 0x0, 0xef, 0xff, 0xfd,
    0x80, 0x0,

    /* U+00D1 "Ñ" */
    0x0, 0x0, 0x0, 0x0, 0x0, 0x0, 0x7f, 0xb3,
    0xa7, 0x0, 0x0, 0xc8, 0x8f, 0xf4, 0x0, 0x0,
    0x21, 0x1, 0x20, 0x0, 0xef, 0x20, 0x0, 0x8,
    0xf3, 0xef, 0xc0, 0x0, 0x8, 0xf3, 0xef, 0xf6,
    0x0, 0x8, 0xf3, 0xed, 0xee, 0x10, 0x8, 0xf3,
    0xed, 0x4f, 0xa0, 0x8, 0xf3, 0xed, 0xa, 0xf4,
    0x8, 0xf3, 0xed, 0x1, 0xee, 0x8, 0xf3, 0xed,
    0x0, 0x6f, 0x98, 0xf3, 0xed, 0x0, 0xb, 0xfb,
    0xf3, 0xed, 0x0, 0x2, 0xff, 0xf3, 0xed, 0x0,
    0x0, 0x7f, 0xf3, 0xed, 0x0, 0x0, 0xd, 0xf3,

    /* U+00D2 "Ò" */
    0x0, 0x0, 0xc8, 0x0, 0x0, 0x0, 0x0, 0x0,
    0x6e, 0x0, 0x0, 0x0, 0x0, 0x0, 0xc, 0x30,
    0x0, 0x0, 0x0, 0x0, 0x0, 0x0, 0x0, 0x0,
    0x0, 0x7, 0xcf, 0xec, 0x60, 0x0, 0x1, 0xcf,
    0xea, 0xae, 0xfb, 0x0, 0xa, 0xf8, 0x0, 0x0,
    0xaf, 0x70, 0x1f, 0xc0, 0x0, 0x0, 0xe, 0xe0,
    0x5f, 0x70, 0x0, 0x0, 0x9, 0xf3, 0x7f, 0x40,
    0x0, 0x0, 0x7, 0xf5, 0x7f, 0x40, 0x0, 0x0,
    0x7, 0xf5, 0x5f, 0x60, 0x0, 0x0, 0x9, 0xf3,
    0x1f, 0xc0, 0x0, 0x0, 0xe, 0xe0, 0xa, 0xf8,
    0x0, 0x0, 0xaf, 0x70, 0x1, 0xcf, 0xda, 0xae,
    0xfb, 0x0, 0x0, 0x7, 0xdf, 0xec, 0x60, 0x0,

    /* U+00D3 "Ó" */
    0x0, 0x0, 0x0, 0xba, 0x0, 0x0, 0x0, 0x0,
    0x1, 0xf3, 0x0, 0x0, 0x0, 0x0, 0x6, 0xb0,
    0x0, 0x0, 0x0, 0x0, 0x0, 0x0, 0x0, 0x0,
    0x0, 0x7, 0xcf, 0xec, 0x60, 0x0, 0x1, 0xcf,
    0xea, 0xae, 0xfb, 0x0, 0xa, 0xf8, 0x0, 0x0,
    0xaf, 0x70, 0x1f, 0xc0, 0x0, 0x0, 0xe, 0xe0,
    0x5f, 0x70, 0x0, 0x0, 0x9, 0xf3, 0x7f, 0x40,
    0x0, 0x0, 0x7, 0xf5, 0x7f, 0x40, 0x0, 0x0,
    0x7, 0xf5, 0x5f, 0x60, 0x0, 0x0, 0x9, 0xf3,
    0x1f, 0xc0, 0x0, 0x0, 0xe, 0xe0, 0xa, 0xf8,
    0x0, 0x0, 0xaf, 0x70, 0x1, 0xcf, 0xda, 0xae,
    0xfb, 0x0, 0x0, 0x7, 0xdf, 0xec, 0x60, 0x0,

    /* U+00D4 "Ô" */
    0x0, 0x0, 0x7, 0x60, 0x0, 0x0, 0x0, 0x0,
    0xad, 0xf7, 0x0, 0x0, 0x0, 0x7, 0xf2, 0x5f,
    0x40, 0x0, 0x0, 0x0, 0x0, 0x0, 0x0, 0x0,
    0x0, 0x7, 0xcf, 0xec, 0x60, 0x0, 0x1, 0xcf,
    0xea, 0xae, 0xfb, 0x0, 0xa, 0xf8, 0x0, 0x0,
    0xaf, 0x70, 0x1f, 0xc0, 0x0, 0x0, 0xe, 0xe0,
    0x5f, 0x70, 0x0, 0x0, 0x9, 0xf3, 0x7f, 0x40,
    0x0, 0x0, 0x7, 0xf5, 0x7f, 0x40, 0x0, 0x0,
    0x7, 0xf5, 0x5f, 0x60, 0x0, 0x0, 0x9, 0xf3,
    0x1f, 0xc0, 0x0, 0x0, 0xe, 0xe0, 0xa, 0xf8,
    0x0, 0x0, 0xaf, 0x70, 0x1, 0xcf, 0xda, 0xae,
    0xfb, 0x0, 0x0, 0x7, 0xdf, 0xec, 0x60, 0x0,

    /* U+00D5 "Õ" */
    0x0, 0x0, 0x0, 0x0, 0x0, 0x0, 0x0, 0x3,
    0xe9, 0x7, 0xa0, 0x0, 0x0, 0x8, 0xaa, 0x88,
    0xa0, 0x0, 0x0, 0x9, 0x80, 0xbf, 0x50, 0x0,
    0x0, 0x2, 0x10, 0x2, 0x0, 0x0, 0x0, 0x7,
    0xcf, 0xec, 0x60, 0x0, 0x1, 0xcf, 0xea, 0xae,
    0xfb, 0x0, 0xa, 0xf8, 0x0, 0x0, 0xaf, 0x70,
    0x1f, 0xc0, 0x0, 0x0, 0xe, 0xe0, 0x5f, 0x70,
    0x0, 0x0, 0x9, 0xf3, 0x7f, 0x40, 0x0, 0x0,
    0x7, 0xf5, 0x7f, 0x40, 0x0, 0x0, 0x7, 0xf5,
    0x5f, 0x60, 0x0, 0x0, 0x9, 0xf3, 0x1f, 0xc0,
    0x0, 0x0, 0xe, 0xe0, 0xa, 0xf8, 0x0, 0x0,
    0xaf, 0x70, 0x1, 0xcf, 0xda, 0xae, 0xfb, 0x0,
    0x0, 0x7, 0xdf, 0xec, 0x60, 0x0,

    /* U+00D6 "Ö" */
    0x0, 0x7, 0xf1, 0x4f, 0x50, 0x0, 0x0, 0x4,
    0x91, 0x29, 0x30, 0x0, 0x0, 0x0, 0x0, 0x0,
    0x0, 0x0, 0x0, 0x7, 0xcf, 0xec, 0x60, 0x0,
    0x1, 0xcf, 0xea, 0xae, 0xfb, 0x0, 0xa, 0xf8,
    0x0, 0x0, 0xaf, 0x70, 0x1f, 0xc0, 0x0, 0x0,
    0xe, 0xe0, 0x5f, 0x70, 0x0, 0x0, 0x9, 0xf3,
    0x7f, 0x40, 0x0, 0x0, 0x7, 0xf5, 0x7f, 0x40,
    0x0, 0x0, 0x7, 0xf5, 0x5f, 0x60, 0x0, 0x0,
    0x9, 0xf3, 0x1f, 0xc0, 0x0, 0x0, 0xe, 0xe0,
    0xa, 0xf8, 0x0, 0x0, 0xaf, 0x70, 0x1, 0xcf,
    0xda, 0xae, 0xfb, 0x0, 0x0, 0x7, 0xdf, 0xec,
    0x60, 0x0,

    /* U+00D7 "×" */
    0x7, 0x50, 0x5, 0x80, 0x9, 0xf5, 0x5f, 0x90,
    0x0, 0x9f, 0xf9, 0x0, 0x0, 0x5f, 0xf5, 0x0,
    0x4, 0xf9, 0x9f, 0x40, 0xb, 0x90, 0xa, 0xb0,
    0x0, 0x0, 0x0, 0x0,

    /* U+00D8 "Ø" */
    0x0, 0x7, 0xcf, 0xec, 0x62, 0xb1, 0x1, 0xcf,
    0xea, 0xae, 0xff, 0xf3, 0xa, 0xf8, 0x0, 0x1,
    0xff, 0xc0, 0x1f, 0xc0, 0x0, 0xb, 0xff, 0xe0,
    0x5f, 0x70, 0x0, 0xaf, 0x69, 0xf3, 0x7f, 0x40,
    0x8, 0xf8, 0x7, 0xf5, 0x7f, 0x40, 0x7f, 0x90,
    0x7, 0xf5, 0x5f, 0x65, 0xfb, 0x0, 0x9, 0xf3,
    0x1f, 0xff, 0xc0, 0x0, 0xe, 0xe0, 0xe, 0xff,
    0x10, 0x0, 0xaf, 0x70, 0x2f, 0xff, 0xda, 0xae,
    0xfb, 0x0, 0xb, 0x37, 0xdf, 0xec, 0x60, 0x0,

    /* U+00D9 "Ù" */
    0x0, 0xb, 0x90, 0x0, 0x0, 0x0, 0x5, 0xf0,
    0x0, 0x0, 0x0, 0x0, 0xc4, 0x0, 0x0, 0x0,
    0x0, 0x0, 0x0, 0x0, 0xed, 0x0, 0x0, 0x6,
    0xf4, 0xed, 0x0, 0x0, 0x6, 0xf4, 0xed, 0x0,
    0x0, 0x6, 0xf4, 0xed, 0x0, 0x0, 0x6, 0xf4,
    0xed, 0x0, 0x0, 0x6, 0xf4, 0xed, 0x0, 0x0,
    0x6, 0xf4, 0xed, 0x0, 0x0, 0x6, 0xf4, 0xdd,
    0x0, 0x0, 0x6, 0xf4, 0xbf, 0x10, 0x0, 0xa,
    0xf2, 0x6f, 0xa0, 0x0, 0x4f, 0xd0, 0xc, 0xfe,
    0xac, 0xff, 0x30, 0x0, 0x7d, 0xfe, 0xa2, 0x0,

    /* U+00DA "Ú" */
    0x0, 0x0, 0x1f, 0x30, 0x0, 0x0, 0x0, 0x7d,
    0x0, 0x0, 0x0, 0x0, 0xb6, 0x0, 0x0, 0x0,
    0x0, 0x0, 0x0, 0x0, 0xed, 0x0, 0x0, 0x6,
    0xf4, 0xed, 0x0, 0x0, 0x6, 0xf4, 0xed, 0x0,
    0x0, 0x6, 0xf4, 0xed, 0x0, 0x0, 0x6, 0xf4,
    0xed, 0x0, 0x0, 0x6, 0xf4, 0xed, 0x0, 0x0,
    0x6, 0xf4, 0xed, 0x0, 0x0, 0x6, 0xf4, 0xdd,
    0x0, 0x0, 0x6, 0xf4, 0xbf, 0x10, 0x0, 0xa,
    0xf2, 0x6f, 0xa0, 0x0, 0x4f, 0xd0, 0xc, 0xfe,
    0xac, 0xff, 0x30, 0x0, 0x7d, 0xfe, 0xa2, 0x0,

    /* U+00DB "Û" */
    0x0, 0x1, 0x84, 0x0, 0x0, 0x0, 0xd, 0xdf,
    0x40, 0x0, 0x0, 0xad, 0x8, 0xe2, 0x0, 0x0,
    0x0, 0x0, 0x0, 0x0, 0xed, 0x0, 0x0, 0x6,
    0xf4, 0xed, 0x0, 0x0, 0x6, 0xf4, 0xed, 0x0,
    0x0, 0x6, 0xf4, 0xed, 0x0, 0x0, 0x6, 0xf4,
    0xed, 0x0, 0x0, 0x6, 0xf4, 0xed, 0x0, 0x0,
    0x6, 0xf4, 0xed, 0x0, 0x0, 0x6, 0xf4, 0xdd,
    0x0, 0x0, 0x6, 0xf4, 0xbf, 0x10, 0x0, 0xa,
    0xf2, 0x6f, 0xa0, 0x0, 0x4f, 0xd0, 0xc, 0xfe,
    0xac, 0xff, 0x30, 0x0, 0x7d, 0xfe, 0xa2, 0x0,

    /* U+00DC "Ü" */
    0x0, 0xbe, 0x7, 0xf2, 0x0, 0x0, 0x68, 0x4,
    0x91, 0x0, 0x0, 0x0, 0x0, 0x0, 0x0, 0xed,
    0x0, 0x0, 0x6, 0xf4, 0xed, 0x0, 0x0, 0x6,
    0xf4, 0xed, 0x0, 0x0, 0x6, 0xf4, 0xed, 0x0,
    0x0, 0x6, 0xf4, 0xed, 0x0, 0x0, 0x6, 0xf4,
    0xed, 0x0, 0x0, 0x6, 0xf4, 0xed, 0x0, 0x0,
    0x6, 0xf4, 0xdd, 0x0, 0x0, 0x6, 0xf4, 0xbf,
    0x10, 0x0, 0xa, 0xf2, 0x6f, 0xa0, 0x0, 0x4f,
    0xd0, 0xc, 0xfe, 0xac, 0xff, 0x30, 0x0, 0x7d,
    0xfe, 0xa2, 0x0,

    /* U+00DD "Ý" */
    0x0, 0x0, 0xc, 0x30, 0x0, 0x0, 0x0, 0x6e,
    0x0, 0x0, 0x0, 0x0, 0xc8, 0x0, 0x0, 0x0,
    0x0, 0x0, 0x0, 0x0, 0xbf, 0x30, 0x0, 0xb,
    0xf3, 0x2f, 0xc0, 0x0, 0x4f, 0xa0, 0x9, 0xf5,
    0x0, 0xdf, 0x20, 0x1, 0xfd, 0x6, 0xf8, 0x0,
    0x0, 0x8f, 0x7e, 0xe1, 0x0, 0x0, 0xe, 0xff,
    0x70, 0x0, 0x0, 0x6, 0xfd, 0x0, 0x0, 0x0,
    0x1, 0xf9, 0x0, 0x0, 0x0, 0x1, 0xf9, 0x0,
    0x0, 0x0, 0x1, 0xf9, 0x0, 0x0, 0x0, 0x1,
    0xf9, 0x0, 0x0, 0x0, 0x1, 0xf9, 0x0, 0x0,

    /* U+00DE "Þ" */
    0xed, 0x0, 0x0, 0x0, 0xe, 0xd0, 0x0, 0x0,
    0x0, 0xee, 0x99, 0x97, 0x10, 0xe, 0xff, 0xff,
    0xff, 0x40, 0xed, 0x0, 0x4, 0xee, 0xe, 0xd0,
    0x0, 0x7, 0xf4, 0xed, 0x0, 0x0, 0x5f, 0x5e,
    0xd0, 0x0, 0xb, 0xf2, 0xee, 0x99, 0x9d, 0xf9,
    0xe, 0xff, 0xff, 0xe7, 0x0, 0xed, 0x0, 0x0,
    0x0, 0xe, 0xd0, 0x0, 0x0, 0x0,

    /* U+00DF "ß" */
    0x7, 0xdf, 0xd7, 0x0, 0x5f, 0xea, 0xdf, 0x80,
    0xcf, 0x10, 0xd, 0xf0, 0xed, 0x0, 0xc, 0xf0,
    0xed, 0x0, 0x6f, 0xb0, 0xed, 0x6, 0xff, 0x50,
    0xed, 0x2, 0x8d, 0xf5, 0xed, 0x0, 0x1, 0xed,
    0xed, 0x0, 0x0, 0xcf, 0xed, 0x0, 0x2, 0xfd,
    0xed, 0x1b, 0xbf, 0xf6, 0xed, 0x1e, 0xfd, 0x60,

    /* U+00E0 "à" */
    0x0, 0xe, 0x60, 0x0, 0x0, 0x0, 0x8c, 0x0,
    0x0, 0x0, 0x2, 0xd1, 0x0, 0x0, 0x0, 0x0,
    0x0, 0x0, 0x0, 0x7d, 0xfe, 0x91, 0x0, 0x9f,
    0xc9, 0xcf, 0xb0, 0x9, 0xa0, 0x0, 0xbf, 0x10,
    0x0, 0x46, 0x9e, 0xf2, 0x6, 0xef, 0xec, 0xef,
    0x22, 0xfc, 0x20, 0x9, 0xf2, 0x5f, 0x50, 0x1,
    0xff, 0x22, 0xfd, 0x78, 0xef, 0xf2, 0x4, 0xdf,
    0xe8, 0x5f, 0x20,

    /* U+00E1 "á" */
    0x0, 0x0, 0x1f, 0x40, 0x0, 0x0, 0x6, 0xd0,
    0x0, 0x0, 0x0, 0xa6, 0x0, 0x0, 0x0, 0x0,
    0x0, 0x0, 0x0, 0x7d, 0xfe, 0x91, 0x0, 0x9f,
    0xc9, 0xcf, 0xb0, 0x9, 0xa0, 0x0, 0xbf, 0x10,
    0x0, 0x46, 0x9e, 0xf2, 0x6, 0xef, 0xec, 0xef,
    0x22, 0xfc, 0x20, 0x9, 0xf2, 0x5f, 0x50, 0x1,
    0xff, 0x22, 0xfd, 0x78, 0xef, 0xf2, 0x4, 0xdf,
    0xe8, 0x5f, 0x20,

    /* U+00E2 "â" */
    0x0, 0x7, 0xfc, 0x0, 0x0, 0x4, 0xf5, 0xea,
    0x0, 0x0, 0x75, 0x2, 0x81, 0x0, 0x0, 0x0,
    0x0, 0x0, 0x0, 0x7d, 0xfe, 0x91, 0x0, 0x9f,
    0xc9, 0xcf, 0xb0, 0x9, 0xa0, 0x0, 0xbf, 0x10,
    0x0, 0x46, 0x9e, 0xf2, 0x6, 0xef, 0xec, 0xef,
    0x22, 0xfc, 0x20, 0x9, 0xf2, 0x5f, 0x50, 0x1,
    0xff, 0x22, 0xfd, 0x78, 0xef, 0xf2, 0x4, 0xdf,
    0xe8, 0x5f, 0x20,

    /* U+00E3 "ã" */
    0x0, 0x0, 0x0, 0x0, 0x0, 0x8, 0xfb, 0x2b,
    0x70, 0x0, 0xd7, 0x9f, 0xf4, 0x0, 0x3, 0x10,
    0x12, 0x0, 0x0, 0x0, 0x0, 0x0, 0x0, 0x7,
    0xdf, 0xe9, 0x10, 0x9, 0xfc, 0x9c, 0xfb, 0x0,
    0x9a, 0x0, 0xb, 0xf1, 0x0, 0x4, 0x69, 0xef,
    0x20, 0x6e, 0xfe, 0xce, 0xf2, 0x2f, 0xc2, 0x0,
    0x9f, 0x25, 0xf5, 0x0, 0x1f, 0xf2, 0x2f, 0xd7,
    0x8e, 0xff, 0x20, 0x4d, 0xfe, 0x85, 0xf2,

    /* U+00E4 "ä" */
    0x0, 0xbe, 0x7, 0xf2, 0x0, 0x7, 0x90, 0x4a,
    0x10, 0x0, 0x0, 0x0, 0x0, 0x0, 0x7, 0xdf,
    0xe9, 0x10, 0x9, 0xfc, 0x9c, 0xfb, 0x0, 0x9a,
    0x0, 0xb, 0xf1, 0x0, 0x4, 0x69, 0xef, 0x20,
    0x6e, 0xfe, 0xce, 0xf2, 0x2f, 0xc2, 0x0, 0x9f,
    0x25, 0xf5, 0x0, 0x1f, 0xf2, 0x2f, 0xd7, 0x8e,
    0xff, 0x20, 0x4d, 0xfe, 0x85, 0xf2,

    /* U+00E5 "å" */
    0x0, 0x7, 0xeb, 0x0, 0x0, 0x2, 0xf3, 0xb8,
    0x0, 0x0, 0x3e, 0x9, 0x80, 0x0, 0x0, 0xaf,
    0xd1, 0x0, 0x0, 0x0, 0x10, 0x0, 0x0, 0x7,
    0xdf, 0xe9, 0x10, 0x9, 0xfc, 0x9c, 0xfb, 0x0,
    0x9a, 0x0, 0xb, 0xf1, 0x0, 0x4, 0x69, 0xef,
    0x20, 0x6e, 0xfe, 0xce, 0xf2, 0x2f, 0xc2, 0x0,
    0x9f, 0x25, 0xf5, 0x0, 0x1f, 0xf2, 0x2f, 0xd7,
    0x8e, 0xff, 0x20, 0x4d, 0xfe, 0x85, 0xf2,

    /* U+00E6 "æ" */
    0x0, 0x5d, 0xfe, 0x80, 0x6d, 0xfd, 0x60, 0x0,
    0x7f, 0xc8, 0xbf, 0xff, 0xc8, 0xbf, 0x70, 0xa,
    0xb0, 0x0, 0xdf, 0xb0, 0x0, 0xbf, 0x0, 0x0,
    0x0, 0xf, 0xf9, 0x11, 0x17, 0xf3, 0x2, 0x9d,
    0xff, 0xff, 0xff, 0xff, 0xff, 0x51, 0xed, 0x74,
    0x4f, 0xfa, 0x44, 0x45, 0x61, 0x5f, 0x50, 0x1,
    0xff, 0xc0, 0x0, 0x78, 0x2, 0xfe, 0xab, 0xfe,
    0x9f, 0xda, 0xcf, 0xb0, 0x5, 0xdf, 0xe9, 0x10,
    0x6d, 0xfe, 0x70, 0x0,

    /* U+00E7 "ç" */
    0x0, 0x5c, 0xfe, 0xa2, 0x0, 0x6f, 0xea, 0xbf,
    0xe1, 0xf, 0xe1, 0x0, 0x6e, 0x54, 0xf9, 0x0,
    0x0, 0x0, 0x5f, 0x70, 0x0, 0x0, 0x4, 0xf9,
    0x0, 0x0, 0x0, 0xf, 0xe1, 0x0, 0x6d, 0x40,
    0x6f, 0xea, 0xbf, 0xe1, 0x0, 0x5c, 0xff, 0xa1,
    0x0, 0x0, 0xd, 0x40, 0x0, 0x0, 0x0, 0xae,
    0x0, 0x0, 0x0, 0x16, 0xf1, 0x0, 0x0, 0x6,
    0xf8, 0x0, 0x0,

    /* U+00E8 "è" */
    0x0, 0xa, 0xa0, 0x0, 0x0, 0x0, 0x4f, 0x10,
    0x0, 0x0, 0x0, 0xc5, 0x0, 0x0, 0x0, 0x0,
    0x0, 0x0, 0x0, 0x4c, 0xfe, 0xa1, 0x0, 0x5f,
    0xe9, 0x9f, 0xe0, 0xe, 0xe1, 0x0, 0x4f, 0x73,
    0xf9, 0x11, 0x11, 0xfc, 0x5f, 0xff, 0xff, 0xff,
    0xe4, 0xfd, 0x44, 0x44, 0x73, 0xe, 0xe1, 0x0,
    0x3a, 0x40, 0x5f, 0xea, 0xbf, 0xf3, 0x0, 0x4c,
    0xfe, 0xb2, 0x0,

    /* U+00E9 "é" */
    0x0, 0x0, 0xa, 0xa0, 0x0, 0x0, 0x1, 0xf3,
    0x0, 0x0, 0x0, 0x5b, 0x0, 0x0, 0x0, 0x0,
    0x0, 0x0, 0x0, 0x4c, 0xfe, 0xa1, 0x0, 0x5f,
    0xe9, 0x9f, 0xe0, 0xe, 0xe1, 0x0, 0x4f, 0x73,
    0xf9, 0x11, 0x11, 0xfc, 0x5f, 0xff, 0xff, 0xff,
    0xe4, 0xfd, 0x44, 0x44, 0x73, 0xe, 0xe1, 0x0,
    0x3a, 0x40, 0x5f, 0xea, 0xbf, 0xf3, 0x0, 0x4c,
    0xfe, 0xb2, 0x0,

    /* U+00EA "ê" */
    0x0, 0x4, 0xfe, 0x10, 0x0, 0x2, 0xf7, 0xcc,
    0x0, 0x0, 0x56, 0x1, 0x73, 0x0, 0x0, 0x0,
    0x0, 0x0, 0x0, 0x4c, 0xfe, 0xa1, 0x0, 0x5f,
    0xe9, 0x9f, 0xe0, 0xe, 0xe1, 0x0, 0x4f, 0x73,
    0xf9, 0x11, 0x11, 0xfc, 0x5f, 0xff, 0xff, 0xff,
    0xe4, 0xfd, 0x44, 0x44, 0x73, 0xe, 0xe1, 0x0,
    0x3a, 0x40, 0x5f, 0xea, 0xbf, 0xf3, 0x0, 0x4c,
    0xfe, 0xb2, 0x0,

    /* U+00EB "ë" */
    0x0, 0x8f, 0x15, 0xf4, 0x0, 0x5, 0xa0, 0x3a,
    0x20, 0x0, 0x0, 0x0, 0x0, 0x0, 0x4, 0xcf,
    0xea, 0x10, 0x5, 0xfe, 0x99, 0xfe, 0x0, 0xee,
    0x10, 0x4, 0xf7, 0x3f, 0x91, 0x11, 0x1f, 0xc5,
    0xff, 0xff, 0xff, 0xfe, 0x4f, 0xd4, 0x44, 0x47,
    0x30, 0xee, 0x10, 0x3, 0xa4, 0x5, 0xfe, 0xab,
    0xff, 0x30, 0x4, 0xcf, 0xeb, 0x20,

    /* U+00EC "ì" */
    0x7a, 0x2, 0xf2, 0xc, 0x80, 0x0, 0xb, 0xf0,
    0xbf, 0xb, 0xf0, 0xbf, 0xb, 0xf0, 0xbf, 0xb,
    0xf0, 0xbf, 0xb, 0xf0,

    /* U+00ED "í" */
    0x7, 0xa0, 0xe6, 0x5f, 0x0, 0x0, 0xbf, 0xb,
    0xf0, 0xbf, 0xb, 0xf0, 0xbf, 0xb, 0xf0, 0xbf,
    0xb, 0xf0, 0xbf, 0x0,

    /* U+00EE "î" */
    0x0, 0x57, 0x10, 0x5, 0xfd, 0xb0, 0x3f, 0x61,
    0xe9, 0x0, 0x0, 0x0, 0x0, 0xbf, 0x0, 0x0,
    0xbf, 0x0, 0x0, 0xbf, 0x0, 0x0, 0xbf, 0x0,
    0x0, 0xbf, 0x0, 0x0, 0xbf, 0x0, 0x0, 0xbf,
    0x0, 0x0, 0xbf, 0x0, 0x0, 0xbf, 0x0,

    /* U+00EF "ï" */
    0x4f, 0x41, 0xf8, 0x2a, 0x20, 0xa5, 0x0, 0x0,
    0x0, 0x0, 0xbf, 0x0, 0x0, 0xbf, 0x0, 0x0,
    0xbf, 0x0, 0x0, 0xbf, 0x0, 0x0, 0xbf, 0x0,
    0x0, 0xbf, 0x0, 0x0, 0xbf, 0x0, 0x0, 0xbf,
    0x0, 0x0, 0xbf, 0x0,

    /* U+00F0 "ð" */
    0x0, 0x0, 0x0, 0x40, 0x0, 0x0, 0x7e, 0xff,
    0x30, 0x0, 0x0, 0xbf, 0xf3, 0x0, 0x0, 0x5,
    0x58, 0xc0, 0x0, 0x5c, 0xfd, 0x8f, 0x40, 0x6f,
    0xd9, 0xaf, 0xf9, 0xe, 0xd0, 0x0, 0x7f, 0xb4,
    0xf7, 0x0, 0x0, 0xfc, 0x5f, 0x50, 0x0, 0xe,
    0xd4, 0xf7, 0x0, 0x0, 0xfc, 0xf, 0xd0, 0x0,
    0x7f, 0x80, 0x6f, 0xd9, 0xbf, 0xe1, 0x0, 0x5c,
    0xfe, 0xa1, 0x0,

    /* U+00F1 "ñ" */
    0x0, 0x0, 0x0, 0x0, 0x8, 0xff, 0xff, 0x80,
    0x2, 0x33, 0x43, 0x0, 0x0, 0x0, 0x0, 0x0,
    0xe9, 0x7d, 0xfd, 0x40, 0xef, 0xfb, 0xbf, 0xf3,
    0xef, 0x50, 0x6, 0xfa, 0xff, 0x0, 0x0, 0xfd,
    0xef, 0x0, 0x0, 0xdd, 0xed, 0x0, 0x0, 0xde,
    0xed, 0x0, 0x0, 0xde, 0xed, 0x0, 0x0, 0xde,
    0xed, 0x0, 0x0, 0xde,

    /* U+00F2 "ò" */
    0x0, 0xd, 0x70, 0x0, 0x0, 0x0, 0x6, 0xe0,
    0x0, 0x0, 0x0, 0x0, 0xd3, 0x0, 0x0, 0x0,
    0x0, 0x0, 0x0, 0x0, 0x0, 0x4c, 0xfe, 0xa2,
    0x0, 0x5, 0xfe, 0xab, 0xff, 0x20, 0xe, 0xe1,
    0x0, 0x4f, 0xb0, 0x3f, 0x90, 0x0, 0xd, 0xf0,
    0x5f, 0x70, 0x0, 0xb, 0xf1, 0x3f, 0x90, 0x0,
    0xd, 0xf0, 0xe, 0xe1, 0x0, 0x4f, 0xb0, 0x5,
    0xfe, 0xab, 0xff, 0x20, 0x0, 0x4c, 0xfe, 0xa2,
    0x0,

    /* U+00F3 "ó" */
    0x0, 0x0, 0xd, 0x70, 0x0, 0x0, 0x0, 0x3f,
    0x10, 0x0, 0x0, 0x0, 0x89, 0x0, 0x0, 0x0,
    0x0, 0x0, 0x0, 0x0, 0x0, 0x4c, 0xfe, 0xa2,
    0x0, 0x5, 0xfe, 0xab, 0xff, 0x20, 0xe, 0xe1,
    0x0, 0x4f, 0xb0, 0x3f, 0x90, 0x0, 0xd, 0xf0,
    0x5f, 0x70, 0x0, 0xb, 0xf1, 0x3f, 0x90, 0x0,
    0xd, 0xf0, 0xe, 0xe1, 0x0, 0x4f, 0xb0, 0x5,
    0xfe, 0xab, 0xff, 0x20, 0x0, 0x4c, 0xfe, 0xa2,
    0x0,

    /* U+00F4 "ô" */
    0x0, 0x4, 0xfe, 0x10, 0x0, 0x0, 0x2f, 0x7b,
    0xc0, 0x0, 0x0, 0x56, 0x1, 0x73, 0x0, 0x0,
    0x0, 0x0, 0x0, 0x0, 0x0, 0x4c, 0xfe, 0xa2,
    0x0, 0x5, 0xfe, 0xab, 0xff, 0x20, 0xe, 0xe1,
    0x0, 0x4f, 0xb0, 0x3f, 0x90, 0x0, 0xd, 0xf0,
    0x5f, 0x70, 0x0, 0xb, 0xf1, 0x3f, 0x90, 0x0,
    0xd, 0xf0, 0xe, 0xe1, 0x0, 0x4f, 0xb0, 0x5,
    0xfe, 0xab, 0xff, 0x20, 0x0, 0x4c, 0xfe, 0xa2,
    0x0,

    /* U+00F5 "õ" */
    0x0, 0x0, 0x0, 0x0, 0x0, 0x0, 0x6f, 0xb3,
    0xa8, 0x0, 0x0, 0xc8, 0x9f, 0xf5, 0x0, 0x0,
    0x31, 0x1, 0x20, 0x0, 0x0, 0x0, 0x0, 0x0,
    0x0, 0x0, 0x4c, 0xfe, 0xa2, 0x0, 0x5, 0xfe,
    0xab, 0xff, 0x20, 0xe, 0xe1, 0x0, 0x4f, 0xb0,
    0x3f, 0x90, 0x0, 0xd, 0xf0, 0x5f, 0x70, 0x0,
    0xb, 0xf1, 0x3f, 0x90, 0x0, 0xd, 0xf0, 0xe,
    0xe1, 0x0, 0x4f, 0xb0, 0x5, 0xfe, 0xab, 0xff,
    0x20, 0x0, 0x4c, 0xfe, 0xa2, 0x0,

    /* U+00F6 "ö" */
    0x0, 0x8f, 0x15, 0xf4, 0x0, 0x0, 0x5a, 0x3,
    0xa2, 0x0, 0x0, 0x0, 0x0, 0x0, 0x0, 0x0,
    0x4c, 0xfe, 0xa2, 0x0, 0x5, 0xfe, 0xab, 0xff,
    0x20, 0xe, 0xe1, 0x0, 0x4f, 0xb0, 0x3f, 0x90,
    0x0, 0xd, 0xf0, 0x5f, 0x70, 0x0, 0xb, 0xf1,
    0x3f, 0x90, 0x0, 0xd, 0xf0, 0xe, 0xe1, 0x0,
    0x4f, 0xb0, 0x5, 0xfe, 0xab, 0xff, 0x20, 0x0,
    0x4c, 0xfe, 0xa2, 0x0,

    /* U+00F7 "÷" */
    0x0, 0x0, 0xfb, 0x0, 0x0, 0x0, 0xc9, 0x0,
    0x1, 0x11, 0x11, 0x10, 0xf, 0xff, 0xff, 0xfb,
    0x4, 0x44, 0xfd, 0x42, 0x0, 0x0, 0xc9, 0x0,

    /* U+00F8 "ø" */
    0x0, 0x4c, 0xfe, 0xa6, 0x90, 0x5, 0xfe, 0xab,
    0xff, 0xf2, 0xe, 0xe1, 0x2, 0xff, 0xd0, 0x3f,
    0x90, 0x2e, 0xbd, 0xf0, 0x5f, 0x72, 0xeb, 0xb,
    0xf1, 0x3f, 0xbe, 0xb0, 0xd, 0xf0, 0xf, 0xfd,
    0x0, 0x4f, 0xb0, 0x4f, 0xff, 0xab, 0xff, 0x20,
    0x1a, 0x6c, 0xfe, 0xa2, 0x0,

    /* U+00F9 "ù" */
    0x0, 0xb, 0x90, 0x0, 0x0, 0x0, 0x4f, 0x0,
    0x0, 0x0, 0x0, 0xc5, 0x0, 0x0, 0x0, 0x0,
    0x0, 0x0, 0xf, 0xa0, 0x0, 0xf, 0xb0, 0xfa,
    0x0, 0x0, 0xfb, 0xf, 0xa0, 0x0, 0xf, 0xb0,
    0xfa, 0x0, 0x0, 0xfb, 0xf, 0xa0, 0x0, 0xf,
    0xb0, 0xfc, 0x0, 0x1, 0xfb, 0xc, 0xf3, 0x0,
    0x7f, 0xb0, 0x5f, 0xfa, 0xbf, 0xfb, 0x0, 0x6e,
    0xfd, 0x5c, 0xb0,

    /* U+00FA "ú" */
    0x0, 0x0, 0xe, 0x50, 0x0, 0x0, 0x5, 0xe0,
    0x0, 0x0, 0x0, 0x97, 0x0, 0x0, 0x0, 0x0,
    0x0, 0x0, 0xf, 0xa0, 0x0, 0xf, 0xb0, 0xfa,
    0x0, 0x0, 0xfb, 0xf, 0xa0, 0x0, 0xf, 0xb0,
    0xfa, 0x0, 0x0, 0xfb, 0xf, 0xa0, 0x0, 0xf,
    0xb0, 0xfc, 0x0, 0x1, 0xfb, 0xc, 0xf3, 0x0,
    0x7f, 0xb0, 0x5f, 0xfa, 0xbf, 0xfb, 0x0, 0x6e,
    0xfd, 0x5c, 0xb0,

    /* U+00FB "û" */
    0x0, 0x1, 0x76, 0x0, 0x0, 0x1, 0xda, 0xd9,
    0x0, 0x0, 0x56, 0x1, 0x72, 0x0, 0x0, 0x0,
    0x0, 0x0, 0xf, 0xa0, 0x0, 0xf, 0xb0, 0xfa,
    0x0, 0x0, 0xfb, 0xf, 0xa0, 0x0, 0xf, 0xb0,
    0xfa, 0x0, 0x0, 0xfb, 0xf, 0xa0, 0x0, 0xf,
    0xb0, 0xfc, 0x0, 0x1, 0xfb, 0xc, 0xf3, 0x0,
    0x7f, 0xb0, 0x5f, 0xfa, 0xbf, 0xfb, 0x0, 0x6e,
    0xfd, 0x5c, 0xb0,

    /* U+00FC "ü" */
    0x0, 0x9f, 0x5, 0xf4, 0x0, 0x5, 0xa0, 0x3a,
    0x20, 0x0, 0x0, 0x0, 0x0, 0x0, 0xfa, 0x0,
    0x0, 0xfb, 0xf, 0xa0, 0x0, 0xf, 0xb0, 0xfa,
    0x0, 0x0, 0xfb, 0xf, 0xa0, 0x0, 0xf, 0xb0,
    0xfa, 0x0, 0x0, 0xfb, 0xf, 0xc0, 0x0, 0x1f,
    0xb0, 0xcf, 0x30, 0x7, 0xfb, 0x5, 0xff, 0xab,
    0xff, 0xb0, 0x6, 0xef, 0xd5, 0xcb,

    /* U+00FD "ý" */
    0x0, 0x0, 0x3d, 0x10, 0x0, 0x0, 0x9, 0xb0,
    0x0, 0x0, 0x0, 0xf4, 0x0, 0x0, 0x0, 0x0,
    0x0, 0x0, 0x9f, 0x20, 0x0, 0x3f, 0x73, 0xf8,
    0x0, 0x9, 0xf1, 0xc, 0xe0, 0x0, 0xeb, 0x0,
    0x6f, 0x40, 0x4f, 0x50, 0x1, 0xfa, 0xa, 0xf0,
    0x0, 0xa, 0xf1, 0xf9, 0x0, 0x0, 0x4f, 0xcf,
    0x40, 0x0, 0x0, 0xdf, 0xe0, 0x0, 0x0, 0x9,
    0xf8, 0x0, 0x0, 0x0, 0x9f, 0x20, 0x0, 0x0,
    0xd, 0xc0, 0x0, 0x0, 0x3, 0xf6, 0x0, 0x0,
    0x0, 0x8f, 0x10, 0x0, 0x0,

    /* U+00FE "þ" */
    0xed, 0x0, 0x0, 0x0, 0xe, 0xd0, 0x0, 0x0,
    0x0, 0xed, 0x0, 0x0, 0x0, 0xf, 0xf9, 0xef,
    0xb3, 0x0, 0xff, 0xe9, 0xaf, 0xf2, 0xf, 0xf2,
    0x0, 0x4f, 0xb0, 0xff, 0x0, 0x0, 0xdf, 0xf,
    0xf0, 0x0, 0xb, 0xf1, 0xff, 0x0, 0x0, 0xdf,
    0xf, 0xf2, 0x0, 0x4f, 0xb0, 0xef, 0xe9, 0xaf,
    0xf2, 0xe, 0xd9, 0xef, 0xb3, 0x0, 0xec, 0x0,
    0x0, 0x0, 0xe, 0xc0, 0x0, 0x0, 0x0, 0xec,
    0x0, 0x0, 0x0, 0xe, 0xc0, 0x0, 0x0, 0x0,

    /* U+00FF "ÿ" */
    0x0, 0xea, 0xb, 0xe0, 0x0, 0x9, 0x60, 0x78,
    0x0, 0x0, 0x0, 0x0, 0x0, 0x9, 0xf2, 0x0,
    0x3, 0xf7, 0x3f, 0x80, 0x0, 0x9f, 0x10, 0xce,
    0x0, 0xe, 0xb0, 0x6, 0xf4, 0x4, 0xf5, 0x0,
    0x1f, 0xa0, 0xaf, 0x0, 0x0, 0xaf, 0x1f, 0x90,
    0x0, 0x4, 0xfc, 0xf4, 0x0, 0x0, 0xd, 0xfe,
    0x0, 0x0, 0x0, 0x9f, 0x80, 0x0, 0x0, 0x9,
    0xf2, 0x0, 0x0, 0x0, 0xdc, 0x0, 0x0, 0x0,
    0x3f, 0x60, 0x0, 0x0, 0x8, 0xf1, 0x0, 0x0,

    /* U+0401 "Ё" */
    0x6, 0x80, 0x49, 0x10, 0xb, 0xe0, 0x7f, 0x20,
    0x0, 0x0, 0x0, 0x0, 0xef, 0xff, 0xff, 0xf7,
    0xee, 0x99, 0x99, 0x94, 0xec, 0x0, 0x0, 0x0,
    0xec, 0x0, 0x0, 0x0, 0xec, 0x0, 0x0, 0x0,
    0xef, 0xff, 0xff, 0x80, 0xee, 0x99, 0x99, 0x50,
    0xec, 0x0, 0x0, 0x0, 0xec, 0x0, 0x0, 0x0,
    0xec, 0x0, 0x0, 0x0, 0xee, 0x99, 0x99, 0x94,
    0xef, 0xff, 0xff, 0xf7,

    /* U+0410 "А" */
    0x0, 0x1, 0xff, 0xa0, 0x0, 0x0, 0x0, 0x6f,
    0xfe, 0x0, 0x0, 0x0, 0xb, 0xf9, 0xf4, 0x0,
    0x0, 0x0, 0xfb, 0x3f, 0x90, 0x0, 0x0, 0x5f,
    0x60, 0xed, 0x0, 0x0, 0xa, 0xf1, 0x9, 0xf3,
    0x0, 0x0, 0xfc, 0x0, 0x4f, 0x80, 0x0, 0x4f,
    0x70, 0x0, 0xed, 0x0, 0x9, 0xff, 0xff, 0xff,
    0xf2, 0x0, 0xef, 0x99, 0x99, 0xef, 0x70, 0x3f,
    0x80, 0x0, 0x0, 0xfc, 0x8, 0xf3, 0x0, 0x0,
    0xa, 0xf1,

    /* U+0411 "Б" */
    0xef, 0xff, 0xff, 0xfa, 0xe, 0xe9, 0x99, 0x99,
    0x60, 0xec, 0x0, 0x0, 0x0, 0xe, 0xc0, 0x0,
    0x0, 0x0, 0xec, 0x0, 0x0, 0x0, 0xe, 0xff,
    0xff, 0xfb, 0x20, 0xee, 0x99, 0x9a, 0xfe, 0x1e,
    0xc0, 0x0, 0x6, 0xf6, 0xec, 0x0, 0x0, 0x3f,
    0x8e, 0xc0, 0x0, 0x7, 0xf6, 0xee, 0x99, 0x9b,
    0xfe, 0x1e, 0xff, 0xff, 0xfb, 0x20,

    /* U+0412 "В" */
    0xef, 0xff, 0xfe, 0x70, 0xe, 0xe9, 0x99, 0xdf,
    0x70, 0xed, 0x0, 0x0, 0xed, 0xe, 0xd0, 0x0,
    0xc, 0xf0, 0xed, 0x0, 0x5, 0xfb, 0xe, 0xff,
    0xff, 0xff, 0x20, 0xee, 0x99, 0x9b, 0xfb, 0xe,
    0xd0, 0x0, 0x8, 0xf5, 0xed, 0x0, 0x0, 0x3f,
    0x7e, 0xd0, 0x0, 0x8, 0xf6, 0xee, 0x99, 0x9c,
    0xfe, 0x1e, 0xff, 0xff, 0xfb, 0x20,

    /* U+0413 "Г" */
    0xef, 0xff, 0xff, 0xf7, 0xee, 0x99, 0x99, 0x94,
    0xec, 0x0, 0x0, 0x0, 0xec, 0x0, 0x0, 0x0,
    0xec, 0x0, 0x0, 0x0, 0xec, 0x0, 0x0, 0x0,
    0xec, 0x0, 0x0, 0x0, 0xec, 0x0, 0x0, 0x0,
    0xec, 0x0, 0x0, 0x0, 0xec, 0x0, 0x0, 0x0,
    0xec, 0x0, 0x0, 0x0, 0xec, 0x0, 0x0, 0x0,

    /* U+0414 "Д" */
    0x0, 0xf, 0xff, 0xff, 0xff, 0x70, 0x0, 0xf,
    0xd9, 0x99, 0xbf, 0x70, 0x0, 0xf, 0x90, 0x0,
    0x3f, 0x70, 0x0, 0x1f, 0x80, 0x0, 0x3f, 0x70,
    0x0, 0x2f, 0x70, 0x0, 0x3f, 0x70, 0x0, 0x4f,
    0x60, 0x0, 0x3f, 0x70, 0x0, 0x5f, 0x40, 0x0,
    0x3f, 0x70, 0x0, 0x7f, 0x30, 0x0, 0x3f, 0x70,
    0x0, 0xaf, 0x10, 0x0, 0x3f, 0x70, 0x2, 0xfc,
    0x0, 0x0, 0x3f, 0x70, 0x4e, 0xfc, 0x99, 0x99,
    0xaf, 0xc2, 0x7f, 0xff, 0xff, 0xff, 0xff, 0xf5,
    0x7f, 0x30, 0x0, 0x0, 0x5, 0xf5, 0x7f, 0x30,
    0x0, 0x0, 0x5, 0xf4,

    /* U+0415 "Е" */
    0xef, 0xff, 0xff, 0xf7, 0xee, 0x99, 0x99, 0x94,
    0xec, 0x0, 0x0, 0x0, 0xec, 0x0, 0x0, 0x0,
    0xec, 0x0, 0x0, 0x0, 0xef, 0xff, 0xff, 0x80,
    0xee, 0x99, 0x99, 0x50, 0xec, 0x0, 0x0, 0x0,
    0xec, 0x0, 0x0, 0x0, 0xec, 0x0, 0x0, 0x0,
    0xee, 0x99, 0x99, 0x94, 0xef, 0xff, 0xff, 0xf7,

    /* U+0416 "Ж" */
    0x2f, 0xd0, 0x0, 0x9f, 0x10, 0x6, 0xf9, 0x0,
    0x6f, 0x90, 0x9, 0xf1, 0x2, 0xfd, 0x0, 0x0,
    0xaf, 0x50, 0x9f, 0x10, 0xcf, 0x30, 0x0, 0x1,
    0xee, 0x19, 0xf1, 0x8f, 0x70, 0x0, 0x0, 0x3,
    0xfb, 0x9f, 0x5f, 0xb0, 0x0, 0x0, 0x0, 0x8,
    0xfe, 0xfe, 0xe1, 0x0, 0x0, 0x0, 0x0, 0xbf,
    0xdf, 0xdf, 0x40, 0x0, 0x0, 0x0, 0x7f, 0x99,
    0xf3, 0xfe, 0x10, 0x0, 0x0, 0x3f, 0xd0, 0x9f,
    0x15, 0xfb, 0x0, 0x0, 0x1e, 0xf2, 0x9, 0xf1,
    0x9, 0xf7, 0x0, 0xb, 0xf5, 0x0, 0x9f, 0x10,
    0xd, 0xf3, 0x7, 0xf9, 0x0, 0x9, 0xf1, 0x0,
    0x2f, 0xe1,

    /* U+0417 "З" */
    0x0, 0x3b, 0xef, 0xc6, 0x0, 0x5, 0xff, 0xaa,
    0xef, 0x70, 0x2, 0xc2, 0x0, 0x1e, 0xf0, 0x0,
    0x0, 0x0, 0xc, 0xf0, 0x0, 0x0, 0x0, 0x6f,
    0xd0, 0x0, 0x1, 0xff, 0xff, 0x30, 0x0, 0x0,
    0xab, 0xef, 0xb0, 0x0, 0x0, 0x0, 0x9, 0xf5,
    0x2, 0x10, 0x0, 0x4, 0xf7, 0x3f, 0xb1, 0x0,
    0xa, 0xf4, 0xa, 0xfe, 0xaa, 0xdf, 0xb0, 0x0,
    0x6c, 0xff, 0xd7, 0x0,

    /* U+0418 "И" */
    0xed, 0x0, 0x0, 0xd, 0xf3, 0xed, 0x0, 0x0,
    0x7f, 0xf3, 0xed, 0x0, 0x2, 0xff, 0xf3, 0xed,
    0x0, 0xb, 0xfb, 0xf3, 0xed, 0x0, 0x6f, 0x98,
    0xf3, 0xed, 0x1, 0xee, 0x8, 0xf3, 0xed, 0xa,
    0xf4, 0x8, 0xf3, 0xed, 0x4f, 0xa0, 0x8, 0xf3,
    0xed, 0xdf, 0x10, 0x8, 0xf3, 0xef, 0xf6, 0x0,
    0x8, 0xf3, 0xef, 0xc0, 0x0, 0x8, 0xf3, 0xef,
    0x20, 0x0, 0x8, 0xf3,

    /* U+0419 "Й" */
    0x0, 0x8d, 0x29, 0xe0, 0x0, 0x0, 0x1d, 0xff,
    0x50, 0x0, 0x0, 0x0, 0x31, 0x0, 0x0, 0xed,
    0x0, 0x0, 0xd, 0xf3, 0xed, 0x0, 0x0, 0x7f,
    0xf3, 0xed, 0x0, 0x2, 0xff, 0xf3, 0xed, 0x0,
    0xb, 0xfb, 0xf3, 0xed, 0x0, 0x6f, 0x98, 0xf3,
    0xed, 0x1, 0xee, 0x8, 0xf3, 0xed, 0xa, 0xf4,
    0x8, 0xf3, 0xed, 0x4f, 0xa0, 0x8, 0xf3, 0xed,
    0xdf, 0x10, 0x8, 0xf3, 0xef, 0xf6, 0x0, 0x8,
    0xf3, 0xef, 0xc0, 0x0, 0x8, 0xf3, 0xef, 0x20,
    0x0, 0x8, 0xf3,

    /* U+041A "К" */
    0xec, 0x0, 0x0, 0xcf, 0x40, 0xec, 0x0, 0xa,
    0xf6, 0x0, 0xec, 0x0, 0x8f, 0x80, 0x0, 0xec,
    0x6, 0xfa, 0x0, 0x0, 0xec, 0x4f, 0xc0, 0x0,
    0x0, 0xee, 0xfd, 0x10, 0x0, 0x0, 0xed, 0xef,
    0x30, 0x0, 0x0, 0xec, 0x2e, 0xe2, 0x0, 0x0,
    0xec, 0x3, 0xfd, 0x10, 0x0, 0xec, 0x0, 0x5f,
    0xc0, 0x0, 0xec, 0x0, 0x6, 0xfb, 0x0, 0xec,
    0x0, 0x0, 0x8f, 0xa0,

    /* U+041B "Л" */
    0x0, 0x4f, 0xff, 0xff, 0xff, 0x50, 0x5, 0xfb,
    0x99, 0x9b, 0xf5, 0x0, 0x6f, 0x40, 0x0, 0x5f,
    0x50, 0x7, 0xf3, 0x0, 0x5, 0xf5, 0x0, 0x8f,
    0x10, 0x0, 0x5f, 0x50, 0xa, 0xf0, 0x0, 0x5,
    0xf5, 0x0, 0xce, 0x0, 0x0, 0x5f, 0x50, 0xe,
    0xc0, 0x0, 0x5, 0xf5, 0x1, 0xfa, 0x0, 0x0,
    0x5f, 0x50, 0x5f, 0x60, 0x0, 0x5, 0xf5, 0x5d,
    0xf2, 0x0, 0x0, 0x5f, 0x5b, 0xf8, 0x0, 0x0,
    0x5, 0xf5, 0x1, 0x0, 0x0, 0x0, 0x0, 0x0,

    /* U+041C "М" */
    0xed, 0x0, 0x0, 0x0, 0x4, 0xf7, 0xef, 0x50,
    0x0, 0x0, 0xb, 0xf7, 0xef, 0xc0, 0x0, 0x0,
    0x3f, 0xf7, 0xef, 0xf3, 0x0, 0x0, 0xaf, 0xf7,
    0xeb, 0xeb, 0x0, 0x2, 0xfa, 0xf7, 0xeb, 0x8f,
    0x20, 0x9, 0xf3, 0xf7, 0xeb, 0x1f, 0xa0, 0x1f,
    0xa1, 0xf7, 0xeb, 0x9, 0xf1, 0x7f, 0x31, 0xf7,
    0xeb, 0x2, 0xf9, 0xec, 0x1, 0xf7, 0xeb, 0x0,
    0xbf, 0xf5, 0x1, 0xf7, 0xeb, 0x0, 0x4f, 0xd0,
    0x1, 0xf7, 0xeb, 0x0, 0xc, 0x60, 0x1, 0xf7,

    /* U+041D "Н" */
    0xec, 0x0, 0x0, 0x7, 0xf3, 0xec, 0x0, 0x0,
    0x7, 0xf3, 0xec, 0x0, 0x0, 0x7, 0xf3, 0xec,
    0x0, 0x0, 0x7, 0xf3, 0xec, 0x0, 0x0, 0x7,
    0xf3, 0xee, 0x99, 0x99, 0x9c, 0xf3, 0xef, 0xff,
    0xff, 0xff, 0xf3, 0xec, 0x0, 0x0, 0x7, 0xf3,
    0xec, 0x0, 0x0, 0x7, 0xf3, 0xec, 0x0, 0x0,
    0x7, 0xf3, 0xec, 0x0, 0x0, 0x7, 0xf3, 0xec,
    0x0, 0x0, 0x7, 0xf3,

    /* U+041E "О" */
    0x0, 0x7, 0xcf, 0xec, 0x60, 0x0, 0x1, 0xcf,
    0xea, 0xae, 0xfb, 0x0, 0xa, 0xf8, 0x0, 0x0,
    0xaf, 0x70, 0x1f, 0xc0, 0x0, 0x0, 0xe, 0xe0,
    0x5f, 0x70, 0x0, 0x0, 0x9, 0xf3, 0x7f, 0x40,
    0x0, 0x0, 0x7, 0xf5, 0x7f, 0x40, 0x0, 0x0,
    0x7, 0xf5, 0x5f, 0x60, 0x0, 0x0, 0x9, 0xf3,
    0x1f, 0xc0, 0x0, 0x0, 0xe, 0xe0, 0xa, 0xf8,
    0x0, 0x0, 0xaf, 0x70, 0x1, 0xcf, 0xda, 0xae,
    0xfb, 0x0, 0x0, 0x7, 0xdf, 0xec, 0x60, 0x0,

    /* U+041F "П" */
    0xef, 0xff, 0xff, 0xff, 0xf4, 0xee, 0x99, 0x99,
    0x9c, 0xf4, 0xec, 0x0, 0x0, 0x6, 0xf4, 0xec,
    0x0, 0x0, 0x6, 0xf4, 0xec, 0x0, 0x0, 0x6,
    0xf4, 0xec, 0x0, 0x0, 0x6, 0xf4, 0xec, 0x0,
    0x0, 0x6, 0xf4, 0xec, 0x0, 0x0, 0x6, 0xf4,
    0xec, 0x0, 0x0, 0x6, 0xf4, 0xec, 0x0, 0x0,
    0x6, 0xf4, 0xec, 0x0, 0x0, 0x6, 0xf4, 0xec,
    0x0, 0x0, 0x6, 0xf4,

    /* U+0420 "Р" */
    0xef, 0xff, 0xff, 0xb2, 0xe, 0xe9, 0x99, 0xbf,
    0xd0, 0xec, 0x0, 0x0, 0x8f, 0x5e, 0xc0, 0x0,
    0x3, 0xf8, 0xec, 0x0, 0x0, 0x4f, 0x7e, 0xc0,
    0x0, 0x2c, 0xf3, 0xef, 0xff, 0xff, 0xf9, 0xe,
    0xe9, 0x99, 0x84, 0x0, 0xec, 0x0, 0x0, 0x0,
    0xe, 0xc0, 0x0, 0x0, 0x0, 0xec, 0x0, 0x0,
    0x0, 0xe, 0xc0, 0x0, 0x0, 0x0,

    /* U+0421 "С" */
    0x0, 0x7, 0xcf, 0xfc, 0x60, 0x0, 0x1, 0xcf,
    0xea, 0xbe, 0xfa, 0x0, 0xa, 0xf8, 0x0, 0x0,
    0xaf, 0x70, 0x1f, 0xc0, 0x0, 0x0, 0xe, 0xc0,
    0x5f, 0x60, 0x0, 0x0, 0x0, 0x0, 0x7f, 0x40,
    0x0, 0x0, 0x0, 0x0, 0x7f, 0x40, 0x0, 0x0,
    0x0, 0x0, 0x5f, 0x60, 0x0, 0x0, 0x1, 0x0,
    0x1f, 0xc0, 0x0, 0x0, 0xe, 0xc0, 0xa, 0xf8,
    0x0, 0x0, 0xaf, 0x70, 0x1, 0xcf, 0xea, 0xbe,
    0xfa, 0x0, 0x0, 0x7, 0xdf, 0xec, 0x50, 0x0,

    /* U+0422 "Т" */
    0xdf, 0xff, 0xff, 0xff, 0xf8, 0x89, 0x99, 0xfd,
    0x99, 0x94, 0x0, 0x0, 0xfa, 0x0, 0x0, 0x0,
    0x0, 0xfa, 0x0, 0x0, 0x0, 0x0, 0xfa, 0x0,
    0x0, 0x0, 0x0, 0xfa, 0x0, 0x0, 0x0, 0x0,
    0xfa, 0x0, 0x0, 0x0, 0x0, 0xfa, 0x0, 0x0,
    0x0, 0x0, 0xfa, 0x0, 0x0, 0x0, 0x0, 0xfa,
    0x0, 0x0, 0x0, 0x0, 0xfa, 0x0, 0x0, 0x0,
    0x0, 0xfa, 0x0, 0x0,

    /* U+0423 "У" */
    0x8f, 0x40, 0x0, 0x1, 0xfb, 0x1f, 0xb0, 0x0,
    0x7, 0xf4, 0xa, 0xf2, 0x0, 0xe, 0xd0, 0x3,
    0xf9, 0x0, 0x5f, 0x60, 0x0, 0xcf, 0x0, 0xce,
    0x0, 0x0, 0x4f, 0x73, 0xf7, 0x0, 0x0, 0xd,
    0xda, 0xf1, 0x0, 0x0, 0x6, 0xff, 0x90, 0x0,
    0x0, 0x0, 0xef, 0x20, 0x0, 0x0, 0x1, 0xfb,
    0x0, 0x0, 0x0, 0x8, 0xf4, 0x0, 0x0, 0x0,
    0xe, 0xc0, 0x0, 0x0,

    /* U+0424 "Ф" */
    0x0, 0x0, 0x1f, 0xa1, 0x0, 0x0, 0x0, 0x9f,
    0xff, 0xff, 0xe5, 0x0, 0xa, 0xfc, 0x8f, 0xd8,
    0xff, 0x40, 0x2f, 0xc0, 0xf, 0xa0, 0x3f, 0xc0,
    0x6f, 0x50, 0xf, 0xa0, 0xb, 0xf1, 0x7f, 0x30,
    0xf, 0xa0, 0x8, 0xf2, 0x7f, 0x40, 0xf, 0xa0,
    0xa, 0xf1, 0x4f, 0xa0, 0xf, 0xa0, 0xe, 0xe0,
    0xd, 0xf9, 0x4f, 0xc4, 0xcf, 0x70, 0x2, 0xdf,
    0xff, 0xff, 0xfa, 0x0, 0x0, 0x4, 0x5f, 0xc5,
    0x20, 0x0, 0x0, 0x0, 0xf, 0xa0, 0x0, 0x0,

    /* U+0425 "Х" */
    0x6f, 0xa0, 0x0, 0x6, 0xfa, 0x0, 0xcf, 0x40,
    0x1, 0xee, 0x10, 0x2, 0xfd, 0x0, 0xaf, 0x50,
    0x0, 0x7, 0xf8, 0x4f, 0xb0, 0x0, 0x0, 0xc,
    0xfe, 0xf1, 0x0, 0x0, 0x0, 0x3f, 0xf6, 0x0,
    0x0, 0x0, 0x4, 0xff, 0x80, 0x0, 0x0, 0x0,
    0xef, 0xdf, 0x20, 0x0, 0x0, 0x9f, 0x63, 0xfc,
    0x0, 0x0, 0x3f, 0xc0, 0x8, 0xf7, 0x0, 0xd,
    0xf2, 0x0, 0xe, 0xf2, 0x8, 0xf8, 0x0, 0x0,
    0x4f, 0xb0,

    /* U+0426 "Ц" */
    0xec, 0x0, 0x0, 0x4, 0xf6, 0xe, 0xc0, 0x0,
    0x0, 0x4f, 0x60, 0xec, 0x0, 0x0, 0x4, 0xf6,
    0xe, 0xc0, 0x0, 0x0, 0x4f, 0x60, 0xec, 0x0,
    0x0, 0x4, 0xf6, 0xe, 0xc0, 0x0, 0x0, 0x4f,
    0x60, 0xec, 0x0, 0x0, 0x4, 0xf6, 0xe, 0xc0,
    0x0, 0x0, 0x4f, 0x60, 0xec, 0x0, 0x0, 0x4,
    0xf6, 0xe, 0xc0, 0x0, 0x0, 0x4f, 0x60, 0xee,
    0x88, 0x88, 0x8a, 0xfb, 0x5e, 0xff, 0xff, 0xff,
    0xff, 0xfa, 0x0, 0x0, 0x0, 0x0, 0xf, 0xa0,
    0x0, 0x0, 0x0, 0x0, 0xb7,

    /* U+0427 "Ч" */
    0xed, 0x0, 0x0, 0x2f, 0x8e, 0xd0, 0x0, 0x2,
    0xf8, 0xed, 0x0, 0x0, 0x2f, 0x8d, 0xd0, 0x0,
    0x2, 0xf8, 0xcf, 0x0, 0x0, 0x2f, 0x89, 0xf7,
    0x0, 0x5, 0xf8, 0x2f, 0xfc, 0xac, 0xff, 0x80,
    0x3b, 0xef, 0xda, 0xf8, 0x0, 0x0, 0x0, 0x2f,
    0x80, 0x0, 0x0, 0x2, 0xf8, 0x0, 0x0, 0x0,
    0x2f, 0x80, 0x0, 0x0, 0x2, 0xf8,

    /* U+0428 "Ш" */
    0xec, 0x0, 0x6, 0xf4, 0x0, 0xd, 0xde, 0xc0,
    0x0, 0x6f, 0x40, 0x0, 0xdd, 0xec, 0x0, 0x6,
    0xf4, 0x0, 0xd, 0xde, 0xc0, 0x0, 0x6f, 0x40,
    0x0, 0xdd, 0xec, 0x0, 0x6, 0xf4, 0x0, 0xd,
    0xde, 0xc0, 0x0, 0x6f, 0x40, 0x0, 0xdd, 0xec,
    0x0, 0x6, 0xf4, 0x0, 0xd, 0xde, 0xc0, 0x0,
    0x6f, 0x40, 0x0, 0xdd, 0xec, 0x0, 0x6, 0xf4,
    0x0, 0xd, 0xde, 0xc0, 0x0, 0x6f, 0x40, 0x0,
    0xdd, 0xee, 0x99, 0x9b, 0xfb, 0x99, 0x9f, 0xde,
    0xff, 0xff, 0xff, 0xff, 0xff, 0xfd,

    /* U+0429 "Щ" */
    0xec, 0x0, 0x6, 0xf4, 0x0, 0xd, 0xd0, 0xe,
    0xc0, 0x0, 0x6f, 0x40, 0x0, 0xdd, 0x0, 0xec,
    0x0, 0x6, 0xf4, 0x0, 0xd, 0xd0, 0xe, 0xc0,
    0x0, 0x6f, 0x40, 0x0, 0xdd, 0x0, 0xec, 0x0,
    0x6, 0xf4, 0x0, 0xd, 0xd0, 0xe, 0xc0, 0x0,
    0x6f, 0x40, 0x0, 0xdd, 0x0, 0xec, 0x0, 0x6,
    0xf4, 0x0, 0xd, 0xd0, 0xe, 0xc0, 0x0, 0x6f,
    0x40, 0x0, 0xdd, 0x0, 0xec, 0x0, 0x6, 0xf4,
    0x0, 0xd, 0xd0, 0xe, 0xc0, 0x0, 0x6f, 0x40,
    0x0, 0xdd, 0x0, 0xee, 0x88, 0x8b, 0xfa, 0x88,
    0x8f, 0xf8, 0xe, 0xff, 0xff, 0xff, 0xff, 0xff,
    0xff, 0xf1, 0x0, 0x0, 0x0, 0x0, 0x0, 0x0,
    0x9f, 0x10, 0x0, 0x0, 0x0, 0x0, 0x0, 0x4,
    0x80,

    /* U+042A "Ъ" */
    0x1f, 0xff, 0x20, 0x0, 0x0, 0x0, 0x6b, 0xf2,
    0x0, 0x0, 0x0, 0x0, 0x8f, 0x20, 0x0, 0x0,
    0x0, 0x8, 0xf2, 0x0, 0x0, 0x0, 0x0, 0x8f,
    0xa9, 0x99, 0x60, 0x0, 0x8, 0xff, 0xff, 0xff,
    0xd1, 0x0, 0x8f, 0x20, 0x0, 0x8f, 0x90, 0x8,
    0xf2, 0x0, 0x0, 0xed, 0x0, 0x8f, 0x20, 0x0,
    0xd, 0xe0, 0x8, 0xf2, 0x0, 0x2, 0xfb, 0x0,
    0x8f, 0xa9, 0x99, 0xff, 0x40, 0x8, 0xff, 0xff,
    0xfd, 0x50,

    /* U+042B "Ы" */
    0xec, 0x0, 0x0, 0x0, 0x5, 0xf5, 0xec, 0x0,
    0x0, 0x0, 0x5, 0xf5, 0xec, 0x0, 0x0, 0x0,
    0x5, 0xf5, 0xec, 0x0, 0x0, 0x0, 0x5, 0xf5,
    0xee, 0x99, 0x99, 0x40, 0x5, 0xf5, 0xef, 0xff,
    0xff, 0xf9, 0x5, 0xf5, 0xec, 0x0, 0x2, 0xcf,
    0x35, 0xf5, 0xec, 0x0, 0x0, 0x4f, 0x75, 0xf5,
    0xec, 0x0, 0x0, 0x3f, 0x85, 0xf5, 0xec, 0x0,
    0x0, 0x8f, 0x55, 0xf5, 0xee, 0x99, 0x9b, 0xfd,
    0x5, 0xf5, 0xef, 0xff, 0xff, 0xb2, 0x5, 0xf5,

    /* U+042C "Ь" */
    0xec, 0x0, 0x0, 0x0, 0xe, 0xc0, 0x0, 0x0,
    0x0, 0xec, 0x0, 0x0, 0x0, 0xe, 0xc0, 0x0,
    0x0, 0x0, 0xee, 0x99, 0x99, 0x40, 0xe, 0xff,
    0xff, 0xff, 0x90, 0xec, 0x0, 0x2, 0xcf, 0x3e,
    0xc0, 0x0, 0x4, 0xf7, 0xec, 0x0, 0x0, 0x3f,
    0x8e, 0xc0, 0x0, 0x8, 0xf5, 0xee, 0x99, 0x9b,
    0xfd, 0xe, 0xff, 0xff, 0xfb, 0x20,

    /* U+042D "Э" */
    0x0, 0x29, 0xdf, 0xea, 0x20, 0x0, 0x3f, 0xfc,
    0xac, 0xff, 0x50, 0xe, 0xf3, 0x0, 0x3, 0xef,
    0x14, 0xf6, 0x0, 0x0, 0x5, 0xf7, 0x0, 0x0,
    0x0, 0x0, 0xf, 0xc0, 0x0, 0x0, 0xff, 0xff,
    0xfe, 0x0, 0x0, 0x9, 0x99, 0x9f, 0xe0, 0x0,
    0x0, 0x0, 0x0, 0xfc, 0x4f, 0x80, 0x0, 0x0,
    0x6f, 0x70, 0xef, 0x50, 0x0, 0x3e, 0xe1, 0x3,
    0xff, 0xca, 0xcf, 0xf4, 0x0, 0x2, 0xae, 0xfe,
    0xa2, 0x0,

    /* U+042E "Ю" */
    0xec, 0x0, 0x0, 0x6d, 0xfe, 0xa2, 0x0, 0xec,
    0x0, 0x9, 0xfb, 0x68, 0xfe, 0x20, 0xec, 0x0,
    0x4f, 0xa0, 0x0, 0x3f, 0xb0, 0xec, 0x0, 0xbf,
    0x20, 0x0, 0xb, 0xf2, 0xec, 0x0, 0xee, 0x0,
    0x0, 0x6, 0xf5, 0xef, 0xbb, 0xfc, 0x0, 0x0,
    0x5, 0xf7, 0xef, 0xff, 0xfc, 0x0, 0x0, 0x5,
    0xf7, 0xec, 0x0, 0xee, 0x0, 0x0, 0x6, 0xf5,
    0xec, 0x0, 0xaf, 0x20, 0x0, 0xb, 0xf2, 0xec,
    0x0, 0x4f, 0xa0, 0x0, 0x3f, 0xc0, 0xec, 0x0,
    0x9, 0xfb, 0x68, 0xfe, 0x20, 0xec, 0x0, 0x0,
    0x6d, 0xfe, 0xa2, 0x0,

    /* U+042F "Я" */
    0x0, 0x7e, 0xff, 0xff, 0xf4, 0x7, 0xfe, 0x99,
    0x9c, 0xf4, 0xe, 0xe1, 0x0, 0x6, 0xf4, 0x1f,
    0x90, 0x0, 0x6, 0xf4, 0x1f, 0x90, 0x0, 0x6,
    0xf4, 0xe, 0xe1, 0x0, 0x6, 0xf4, 0x6, 0xfe,
    0xa9, 0x9c, 0xf4, 0x0, 0x8f, 0xff, 0xff, 0xf4,
    0x0, 0x9f, 0x40, 0x6, 0xf4, 0x2, 0xfc, 0x0,
    0x6, 0xf4, 0x9, 0xf4, 0x0, 0x6, 0xf4, 0x2f,
    0xc0, 0x0, 0x6, 0xf4,

    /* U+0430 "а" */
    0x0, 0x7d, 0xfe, 0x91, 0x0, 0x9f, 0xc9, 0xcf,
    0xb0, 0x9, 0xa0, 0x0, 0xbf, 0x10, 0x0, 0x46,
    0x9e, 0xf2, 0x6, 0xef, 0xec, 0xef, 0x22, 0xfc,
    0x20, 0x9, 0xf2, 0x5f, 0x50, 0x1, 0xff, 0x22,
    0xfd, 0x78, 0xef, 0xf2, 0x4, 0xdf, 0xe8, 0x5f,
    0x20,

    /* U+0431 "б" */
    0x0, 0x0, 0x0, 0x3, 0x0, 0x0, 0x5b, 0xef,
    0xf0, 0x0, 0xcf, 0xd9, 0x75, 0x0, 0x9f, 0x40,
    0x0, 0x0, 0xf, 0x93, 0x88, 0x50, 0x2, 0xfc,
    0xff, 0xff, 0xa0, 0x4f, 0xf6, 0x2, 0xcf, 0x65,
    0xfa, 0x0, 0x2, 0xfb, 0x5f, 0x70, 0x0, 0xf,
    0xd2, 0xf8, 0x0, 0x0, 0xfc, 0xe, 0xe1, 0x0,
    0x7f, 0x70, 0x5f, 0xea, 0xcf, 0xd0, 0x0, 0x5d,
    0xfe, 0x91, 0x0,

    /* U+0432 "в" */
    0xef, 0xff, 0xfb, 0x10, 0xee, 0x66, 0x8f, 0xb0,
    0xed, 0x0, 0xe, 0xd0, 0xed, 0x11, 0x4f, 0xa0,
    0xef, 0xff, 0xff, 0x40, 0xed, 0x44, 0x4d, 0xf2,
    0xed, 0x0, 0x7, 0xf5, 0xee, 0x55, 0x6d, 0xf2,
    0xef, 0xff, 0xfd, 0x60,

    /* U+0433 "г" */
    0xef, 0xff, 0xff, 0x3e, 0xe9, 0x99, 0x91, 0xec,
    0x0, 0x0, 0xe, 0xc0, 0x0, 0x0, 0xec, 0x0,
    0x0, 0xe, 0xc0, 0x0, 0x0, 0xec, 0x0, 0x0,
    0xe, 0xc0, 0x0, 0x0, 0xec, 0x0, 0x0, 0x0,

    /* U+0434 "д" */
    0x0, 0x9f, 0xff, 0xff, 0x90, 0x0, 0xae, 0x55,
    0x6f, 0x90, 0x0, 0xbd, 0x0, 0x1f, 0x90, 0x0,
    0xcc, 0x0, 0x1f, 0x90, 0x0, 0xea, 0x0, 0x1f,
    0x90, 0x0, 0xf9, 0x0, 0x1f, 0x90, 0x4, 0xf5,
    0x0, 0x1f, 0x90, 0x3d, 0xf6, 0x55, 0x6f, 0xb2,
    0x8f, 0xff, 0xff, 0xff, 0xf7, 0x8f, 0x10, 0x0,
    0x2, 0xf7, 0x7f, 0x10, 0x0, 0x1, 0xf7,

    /* U+0435 "е" */
    0x0, 0x4c, 0xfe, 0xa1, 0x0, 0x5f, 0xe9, 0x9f,
    0xe0, 0xe, 0xe1, 0x0, 0x4f, 0x73, 0xf9, 0x11,
    0x11, 0xfc, 0x5f, 0xff, 0xff, 0xff, 0xe4, 0xfd,
    0x44, 0x44, 0x73, 0xe, 0xe1, 0x0, 0x3a, 0x40,
    0x5f, 0xea, 0xbf, 0xf3, 0x0, 0x4c, 0xfe, 0xb2,
    0x0,

    /* U+0436 "ж" */
    0x4f, 0x80, 0xd, 0xb0, 0xa, 0xf3, 0x9, 0xf3,
    0xd, 0xb0, 0x5f, 0x70, 0x0, 0xdd, 0xd, 0xb1,
    0xec, 0x0, 0x0, 0x3f, 0x9d, 0xbb, 0xf2, 0x0,
    0x0, 0xb, 0xfe, 0xef, 0x90, 0x0, 0x0, 0x4f,
    0x8d, 0xba, 0xf2, 0x0, 0x1, 0xed, 0xd, 0xb1,
    0xed, 0x0, 0xb, 0xf2, 0xd, 0xb0, 0x4f, 0x90,
    0x7f, 0x70, 0xd, 0xb0, 0x8, 0xf5,

    /* U+0437 "з" */
    0x2, 0xae, 0xfc, 0x30, 0xe, 0xfa, 0xaf, 0xf1,
    0x4, 0x20, 0x7, 0xf5, 0x0, 0x1, 0x2b, 0xf3,
    0x0, 0xf, 0xff, 0xe0, 0x0, 0x4, 0x5a, 0xf5,
    0x19, 0x20, 0x3, 0xf9, 0x3f, 0xfb, 0xae, 0xf4,
    0x2, 0xae, 0xfd, 0x50,

    /* U+0438 "и" */
    0xeb, 0x0, 0x4, 0xf6, 0xeb, 0x0, 0x1e, 0xf6,
    0xeb, 0x0, 0xbf, 0xf6, 0xeb, 0x6, 0xf7, 0xf6,
    0xeb, 0x2f, 0x93, 0xf6, 0xeb, 0xcd, 0x3, 0xf6,
    0xef, 0xf3, 0x3, 0xf6, 0xef, 0x80, 0x3, 0xf6,
    0xec, 0x0, 0x3, 0xf6,

    /* U+0439 "й" */
    0x3, 0xf4, 0x5f, 0x30, 0x0, 0xaf, 0xf9, 0x0,
    0x0, 0x2, 0x20, 0x0, 0xeb, 0x0, 0x4, 0xf6,
    0xeb, 0x0, 0x1e, 0xf6, 0xeb, 0x0, 0xbf, 0xf6,
    0xeb, 0x6, 0xf7, 0xf6, 0xeb, 0x2f, 0x93, 0xf6,
    0xeb, 0xcd, 0x3, 0xf6, 0xef, 0xf3, 0x3, 0xf6,
    0xef, 0x80, 0x3, 0xf6, 0xec, 0x0, 0x3, 0xf6,

    /* U+043A "к" */
    0xed, 0x0, 0x3f, 0xd1, 0xed, 0x1, 0xef, 0x20,
    0xed, 0xb, 0xf5, 0x0, 0xed, 0x8f, 0x80, 0x0,
    0xee, 0xfe, 0x0, 0x0, 0xed, 0x7f, 0x90, 0x0,
    0xed, 0xa, 0xf8, 0x0, 0xed, 0x0, 0xcf, 0x60,
    0xed, 0x0, 0x1e, 0xf4,

    /* U+043B "л" */
    0x0, 0xdf, 0xff, 0xff, 0x60, 0xe, 0xe9, 0x9b,
    0xf6, 0x0, 0xfa, 0x0, 0x4f, 0x60, 0xf, 0x80,
    0x4, 0xf6, 0x2, 0xf7, 0x0, 0x4f, 0x60, 0x4f,
    0x50, 0x4, 0xf6, 0x7, 0xf3, 0x0, 0x4f, 0x65,
    0xdf, 0x0, 0x4, 0xf6, 0xbf, 0x80, 0x0, 0x4f,
    0x60, 0x10, 0x0, 0x0, 0x0,

    /* U+043C "м" */
    0xec, 0x0, 0x0, 0x5, 0xf4, 0xef, 0x30, 0x0,
    0xd, 0xf4, 0xef, 0xb0, 0x0, 0x5f, 0xf4, 0xef,
    0xf3, 0x0, 0xcf, 0xf4, 0xeb, 0xdb, 0x4, 0xf8,
    0xf4, 0xeb, 0x5f, 0x2c, 0xc5, 0xf4, 0xeb, 0xd,
    0xdf, 0x45, 0xf4, 0xeb, 0x6, 0xfc, 0x5, 0xf4,
    0xeb, 0x0, 0xe5, 0x5, 0xf4,

    /* U+043D "н" */
    0xec, 0x0, 0x0, 0xfa, 0xec, 0x0, 0x0, 0xfa,
    0xec, 0x0, 0x0, 0xfa, 0xec, 0x0, 0x0, 0xfa,
    0xef, 0xff, 0xff, 0xfa, 0xee, 0x99, 0x99, 0xfa,
    0xec, 0x0, 0x0, 0xfa, 0xec, 0x0, 0x0, 0xfa,
    0xec, 0x0, 0x0, 0xfa,

    /* U+043E "о" */
    0x0, 0x4c, 0xfe, 0xa2, 0x0, 0x5, 0xfe, 0xab,
    0xff, 0x20, 0xe, 0xe1, 0x0, 0x4f, 0xb0, 0x3f,
    0x90, 0x0, 0xd, 0xf0, 0x5f, 0x70, 0x0, 0xb,
    0xf1, 0x3f, 0x90, 0x0, 0xd, 0xf0, 0xe, 0xe1,
    0x0, 0x4f, 0xb0, 0x5, 0xfe, 0xab, 0xff, 0x20,
    0x0, 0x4c, 0xfe, 0xa2, 0x0,

    /* U+043F "п" */
    0xef, 0xff, 0xff, 0xf6, 0xee, 0x99, 0x9b, 0xf6,
    0xec, 0x0, 0x4, 0xf6, 0xec, 0x0, 0x4, 0xf6,
    0xec, 0x0, 0x4, 0xf6, 0xec, 0x0, 0x4, 0xf6,
    0xec, 0x0, 0x4, 0xf6, 0xec, 0x0, 0x4, 0xf6,
    0xec, 0x0, 0x4, 0xf6,

    /* U+0440 "р" */
    0xea, 0x9e, 0xfb, 0x30, 0xe, 0xfe, 0x9a, 0xff,
    0x20, 0xff, 0x20, 0x4, 0xfb, 0xf, 0xf0, 0x0,
    0xd, 0xf0, 0xff, 0x0, 0x0, 0xbf, 0x1f, 0xf0,
    0x0, 0xd, 0xf0, 0xff, 0x20, 0x4, 0xfb, 0xe,
    0xfe, 0x9a, 0xff, 0x20, 0xed, 0x9e, 0xfb, 0x30,
    0xe, 0xc0, 0x0, 0x0, 0x0, 0xec, 0x0, 0x0,
    0x0, 0xe, 0xc0, 0x0, 0x0, 0x0, 0xec, 0x0,
    0x0, 0x0, 0x0,

    /* U+0441 "с" */
    0x0, 0x5c, 0xfe, 0xa2, 0x0, 0x6f, 0xea, 0xbf,
    0xe1, 0xf, 0xe1, 0x0, 0x6e, 0x54, 0xf9, 0x0,
    0x0, 0x0, 0x5f, 0x70, 0x0, 0x0, 0x4, 0xf9,
    0x0, 0x0, 0x0, 0xf, 0xe1, 0x0, 0x6d, 0x40,
    0x6f, 0xea, 0xbf, 0xe1, 0x0, 0x5c, 0xfe, 0xa1,
    0x0,

    /* U+0442 "т" */
    0x9f, 0xff, 0xff, 0xff, 0x58, 0x8d, 0xf8, 0x88,
    0x0, 0xa, 0xf0, 0x0, 0x0, 0xa, 0xf0, 0x0,
    0x0, 0xa, 0xf0, 0x0, 0x0, 0xa, 0xf0, 0x0,
    0x0, 0xa, 0xf0, 0x0, 0x0, 0xa, 0xf0, 0x0,
    0x0, 0xa, 0xf0, 0x0,

    /* U+0443 "у" */
    0x9f, 0x20, 0x0, 0x3f, 0x73, 0xf8, 0x0, 0x9,
    0xf1, 0xc, 0xe0, 0x0, 0xeb, 0x0, 0x6f, 0x40,
    0x4f, 0x50, 0x1, 0xfa, 0xa, 0xf0, 0x0, 0xa,
    0xf1, 0xf9, 0x0, 0x0, 0x4f, 0xcf, 0x40, 0x0,
    0x0, 0xdf, 0xe0, 0x0, 0x0, 0x9, 0xf8, 0x0,
    0x0, 0x0, 0x9f, 0x20, 0x0, 0x0, 0xd, 0xc0,
    0x0, 0x0, 0x3, 0xf6, 0x0, 0x0, 0x0, 0x8f,
    0x10, 0x0, 0x0,

    /* U+0444 "ф" */
    0x0, 0x0, 0xd, 0xb0, 0x0, 0x0, 0x0, 0x0,
    0xd, 0xb0, 0x0, 0x0, 0x0, 0x1, 0x3d, 0xc3,
    0x10, 0x0, 0x0, 0x9f, 0xff, 0xff, 0xf8, 0x0,
    0x9, 0xfc, 0x6e, 0xc6, 0xcf, 0x70, 0xf, 0xd0,
    0xd, 0xb0, 0xe, 0xe0, 0x4f, 0x70, 0xd, 0xb0,
    0xa, 0xf2, 0x5f, 0x60, 0xd, 0xb0, 0x8, 0xf3,
    0x4f, 0x70, 0xd, 0xb0, 0x9, 0xf2, 0x1f, 0xc0,
    0xd, 0xb0, 0xe, 0xe0, 0xa, 0xfa, 0x5d, 0xc5,
    0xbf, 0x80, 0x1, 0xcf, 0xff, 0xff, 0xfa, 0x0,
    0x0, 0x3, 0x5d, 0xc5, 0x20, 0x0, 0x0, 0x0,
    0xd, 0xb0, 0x0, 0x0, 0x0, 0x0, 0xd, 0xb0,
    0x0, 0x0, 0x0, 0x0, 0xd, 0xb0, 0x0, 0x0,

    /* U+0445 "х" */
    0x6f, 0x90, 0x0, 0xdf, 0x20, 0xbf, 0x40, 0x8f,
    0x60, 0x1, 0xee, 0x4f, 0xb0, 0x0, 0x4, 0xff,
    0xe1, 0x0, 0x0, 0xc, 0xf7, 0x0, 0x0, 0x5,
    0xff, 0xf1, 0x0, 0x1, 0xfd, 0x3f, 0xc0, 0x0,
    0xcf, 0x30, 0x7f, 0x70, 0x7f, 0x80, 0x0, 0xcf,
    0x30,

    /* U+0446 "ц" */
    0xec, 0x0, 0x4, 0xf6, 0x0, 0xec, 0x0, 0x4,
    0xf6, 0x0, 0xec, 0x0, 0x4, 0xf6, 0x0, 0xec,
    0x0, 0x4, 0xf6, 0x0, 0xec, 0x0, 0x4, 0xf6,
    0x0, 0xec, 0x0, 0x4, 0xf6, 0x0, 0xec, 0x0,
    0x4, 0xf6, 0x0, 0xee, 0x99, 0x9b, 0xfc, 0x90,
    0xef, 0xff, 0xff, 0xff, 0xf1, 0x0, 0x0, 0x0,
    0x9, 0xf1, 0x0, 0x0, 0x0, 0x6, 0xb1,

    /* U+0447 "ч" */
    0x5f, 0x50, 0x0, 0xce, 0x5f, 0x50, 0x0, 0xce,
    0x5f, 0x50, 0x0, 0xce, 0x4f, 0x70, 0x0, 0xce,
    0x1f, 0xd2, 0x3, 0xee, 0x7, 0xff, 0xff, 0xfe,
    0x0, 0x37, 0x73, 0xce, 0x0, 0x0, 0x0, 0xce,
    0x0, 0x0, 0x0, 0xce,

    /* U+0448 "ш" */
    0xeb, 0x0, 0x9f, 0x0, 0x4f, 0x5e, 0xb0, 0x9,
    0xf0, 0x4, 0xf5, 0xeb, 0x0, 0x9f, 0x0, 0x4f,
    0x5e, 0xb0, 0x9, 0xf0, 0x4, 0xf5, 0xeb, 0x0,
    0x9f, 0x0, 0x4f, 0x5e, 0xb0, 0x9, 0xf0, 0x4,
    0xf5, 0xeb, 0x0, 0x9f, 0x0, 0x4f, 0x5e, 0xd8,
    0x8c, 0xf8, 0x8a, 0xf5, 0xef, 0xff, 0xff, 0xff,
    0xff, 0x50,

    /* U+0449 "щ" */
    0xeb, 0x0, 0x9f, 0x0, 0x4f, 0x50, 0xeb, 0x0,
    0x9f, 0x0, 0x4f, 0x50, 0xeb, 0x0, 0x9f, 0x0,
    0x4f, 0x50, 0xeb, 0x0, 0x9f, 0x0, 0x4f, 0x50,
    0xeb, 0x0, 0x9f, 0x0, 0x4f, 0x50, 0xeb, 0x0,
    0x9f, 0x0, 0x4f, 0x50, 0xeb, 0x0, 0x9f, 0x0,
    0x4f, 0x50, 0xed, 0x88, 0xcf, 0x88, 0xaf, 0xb2,
    0xef, 0xff, 0xff, 0xff, 0xff, 0xf4, 0x0, 0x0,
    0x0, 0x0, 0x6, 0xf4, 0x0, 0x0, 0x0, 0x0,
    0x4, 0xb3,

    /* U+044A "ъ" */
    0xbf, 0xf3, 0x0, 0x0, 0x3, 0xaf, 0x30, 0x0,
    0x0, 0x7, 0xf4, 0x11, 0x0, 0x0, 0x7f, 0xff,
    0xff, 0x70, 0x7, 0xf6, 0x44, 0xbf, 0x60, 0x7f,
    0x30, 0x1, 0xfa, 0x7, 0xf3, 0x0, 0x1f, 0xa0,
    0x7f, 0x75, 0x6c, 0xf5, 0x7, 0xff, 0xff, 0xe7,
    0x0,

    /* U+044B "ы" */
    0xec, 0x0, 0x0, 0x5, 0xf5, 0xec, 0x0, 0x0,
    0x5, 0xf5, 0xed, 0x11, 0x0, 0x5, 0xf5, 0xef,
    0xff, 0xf7, 0x5, 0xf5, 0xed, 0x44, 0xbf, 0x65,
    0xf5, 0xec, 0x0, 0x1f, 0xa5, 0xf5, 0xec, 0x0,
    0x1f, 0xa5, 0xf5, 0xed, 0x56, 0xcf, 0x55, 0xf5,
    0xef, 0xff, 0xe7, 0x5, 0xf5,

    /* U+044C "ь" */
    0xec, 0x0, 0x0, 0x0, 0xec, 0x0, 0x0, 0x0,
    0xed, 0x11, 0x0, 0x0, 0xef, 0xff, 0xfc, 0x30,
    0xed, 0x44, 0x6f, 0xe0, 0xec, 0x0, 0x8, 0xf3,
    0xec, 0x0, 0x8, 0xf3, 0xed, 0x55, 0x7f, 0xe0,
    0xef, 0xff, 0xfc, 0x20,

    /* U+044D "э" */
    0x1, 0x9e, 0xfd, 0x60, 0x0, 0xdf, 0xca, 0xef,
    0x70, 0x4e, 0x80, 0x0, 0xdf, 0x10, 0x0, 0x1,
    0x18, 0xf5, 0x0, 0x9, 0xff, 0xff, 0x70, 0x0,
    0x24, 0x49, 0xf5, 0x3c, 0x70, 0x0, 0xdf, 0x10,
    0xdf, 0xba, 0xef, 0x70, 0x1, 0x9e, 0xfd, 0x60,
    0x0,

    /* U+044E "ю" */
    0xec, 0x0, 0x8, 0xef, 0xd7, 0x0, 0xec, 0x0,
    0xcf, 0x96, 0xaf, 0xa0, 0xec, 0x5, 0xf6, 0x0,
    0x9, 0xf3, 0xee, 0xbd, 0xf0, 0x0, 0x3, 0xf8,
    0xef, 0xff, 0xf0, 0x0, 0x2, 0xfa, 0xec, 0x6,
    0xf1, 0x0, 0x4, 0xf8, 0xec, 0x2, 0xf9, 0x0,
    0xc, 0xf3, 0xec, 0x0, 0x9f, 0xda, 0xdf, 0xa0,
    0xec, 0x0, 0x7, 0xdf, 0xd7, 0x0,

    /* U+044F "я" */
    0x1, 0xaf, 0xff, 0xff, 0x0, 0xbf, 0x96, 0x6c,
    0xf0, 0xf, 0xb0, 0x0, 0xaf, 0x0, 0xfa, 0x0,
    0xa, 0xf0, 0xd, 0xf4, 0x11, 0xaf, 0x0, 0x3e,
    0xff, 0xff, 0xf0, 0x0, 0xaf, 0x74, 0xbf, 0x0,
    0x4f, 0x70, 0xa, 0xf0, 0x1e, 0xc0, 0x0, 0xaf,
    0x0,

    /* U+0451 "ё" */
    0x0, 0x8f, 0x15, 0xf4, 0x0, 0x5, 0xa0, 0x3a,
    0x20, 0x0, 0x0, 0x0, 0x0, 0x0, 0x4, 0xcf,
    0xea, 0x10, 0x5, 0xfe, 0x99, 0xfe, 0x0, 0xee,
    0x10, 0x4, 0xf7, 0x3f, 0x91, 0x11, 0x1f, 0xc5,
    0xff, 0xff, 0xff, 0xfe, 0x4f, 0xd4, 0x44, 0x47,
    0x30, 0xee, 0x10, 0x3, 0xa4, 0x5, 0xfe, 0xab,
    0xff, 0x30, 0x4, 0xcf, 0xeb, 0x20,

    /* U+2013 "–" */
    0x1, 0x11, 0x11, 0x11, 0xf, 0xff, 0xff, 0xfb,
    0x4, 0x44, 0x44, 0x42,

    /* U+2014 "—" */
    0x1, 0x11, 0x11, 0x11, 0x11, 0x10, 0xf, 0xff,
    0xff, 0xff, 0xff, 0xf8, 0x4, 0x44, 0x44, 0x44,
    0x44, 0x42,

    /* U+2022 "•" */
    0x1, 0x41, 0x2, 0xef, 0xe2, 0x9f, 0xff, 0x98,
    0xff, 0xf7, 0xb, 0xfb, 0x0,

    /* U+2026 "…" */
    0x9c, 0x5, 0xc4, 0x1c, 0x8b, 0xf0, 0x6f, 0x51,
    0xfa,

    /* U+2212 "−" */
    0x6, 0x66, 0x66, 0x64, 0xf, 0xff, 0xff, 0xfa,

    /* U+F001 "" */
    0x0, 0x0, 0x0, 0x0, 0x0, 0x0, 0x0, 0x0,
    0x0, 0x0, 0x0, 0x0, 0x0, 0x0, 0x49, 0xdc,
    0x0, 0x0, 0x0, 0x0, 0x16, 0xbf, 0xff, 0xff,
    0x0, 0x0, 0x3, 0x8d, 0xff, 0xff, 0xff, 0xff,
    0x0, 0x0, 0xcf, 0xff, 0xff, 0xff, 0xff, 0xff,
    0x0, 0x0, 0xff, 0xff, 0xff, 0xff, 0xc7, 0xff,
    0x0, 0x0, 0xff, 0xff, 0xea, 0x51, 0x0, 0xff,
    0x0, 0x0, 0xff, 0x83, 0x0, 0x0, 0x0, 0xff,
    0x0, 0x0, 0xff, 0x0, 0x0, 0x0, 0x0, 0xff,
    0x0, 0x0, 0xff, 0x0, 0x0, 0x0, 0x0, 0xff,
    0x0, 0x0, 0xff, 0x0, 0x0, 0x0, 0x0, 0xff,
    0x0, 0x0, 0xff, 0x0, 0x0, 0x2b, 0xff, 0xff,
    0x0, 0x0, 0xff, 0x0, 0x0, 0xdf, 0xff, 0xff,
    0x2b, 0xff, 0xff, 0x0, 0x0, 0xdf, 0xff, 0xfd,
    0xdf, 0xff, 0xff, 0x0, 0x0, 0x2b, 0xff, 0xb2,
    0xdf, 0xff, 0xfd, 0x0, 0x0, 0x0, 0x0, 0x0,
    0x2b, 0xff, 0xb2, 0x0, 0x0, 0x0, 0x0, 0x0,

    /* U+F008 "" */
    0xd0, 0xf, 0xff, 0xff, 0xff, 0xff, 0xf0, 0xd,
    0xff, 0xff, 0xc8, 0x88, 0x88, 0x8c, 0xff, 0xff,
    0xf0, 0xf, 0x80, 0x0, 0x0, 0x8, 0xf0, 0xf,
    0xf0, 0xf, 0x80, 0x0, 0x0, 0x8, 0xf0, 0xf,
    0xff, 0xff, 0x80, 0x0, 0x0, 0x8, 0xff, 0xff,
    0xf0, 0xf, 0xec, 0xcc, 0xcc, 0xce, 0xf0, 0xf,
    0xf0, 0xf, 0xec, 0xcc, 0xcc, 0xce, 0xf0, 0xf,
    0xff, 0xff, 0x80, 0x0, 0x0, 0x8, 0xff, 0xff,
    0xf0, 0xf, 0x80, 0x0, 0x0, 0x8, 0xf0, 0xf,
    0xf0, 0xf, 0x80, 0x0, 0x0, 0x8, 0xf0, 0xf,
    0xff, 0xff, 0xc8, 0x88, 0x88, 0x8c, 0xff, 0xff,
    0xd0, 0xf, 0xff, 0xff, 0xff, 0xff, 0xf0, 0xd,

    /* U+F00B "" */
    0xdf, 0xff, 0x73, 0xff, 0xff, 0xff, 0xff, 0xfd,
    0xff, 0xff, 0xa5, 0xff, 0xff, 0xff, 0xff, 0xff,
    0xff, 0xff, 0xa5, 0xff, 0xff, 0xff, 0xff, 0xff,
    0xdf, 0xff, 0x73, 0xff, 0xff, 0xff, 0xff, 0xfd,
    0x0, 0x0, 0x0, 0x0, 0x0, 0x0, 0x0, 0x0,
    0xdf, 0xff, 0x73, 0xff, 0xff, 0xff, 0xff, 0xfd,
    0xff, 0xff, 0xa5, 0xff, 0xff, 0xff, 0xff, 0xff,
    0xff, 0xff, 0xa5, 0xff, 0xff, 0xff, 0xff, 0xff,
    0xdf, 0xff, 0x73, 0xff, 0xff, 0xff, 0xff, 0xfd,
    0x0, 0x0, 0x0, 0x0, 0x0, 0x0, 0x0, 0x0,
    0xdf, 0xff, 0x73, 0xff, 0xff, 0xff, 0xff, 0xfd,
    0xff, 0xff, 0xa5, 0xff, 0xff, 0xff, 0xff, 0xff,
    0xff, 0xff, 0xa5, 0xff, 0xff, 0xff, 0xff, 0xff,
    0xdf, 0xff, 0x73, 0xff, 0xff, 0xff, 0xff, 0xfd,

    /* U+F00C "" */
    0x0, 0x0, 0x0, 0x0, 0x0, 0x0, 0xa, 0xb1,
    0x0, 0x0, 0x0, 0x0, 0x0, 0x0, 0xbf, 0xfc,
    0x0, 0x0, 0x0, 0x0, 0x0, 0xb, 0xff, 0xfb,
    0x0, 0x0, 0x0, 0x0, 0x0, 0xbf, 0xff, 0xc0,
    0x1b, 0xa0, 0x0, 0x0, 0xb, 0xff, 0xfc, 0x0,
    0xcf, 0xfb, 0x0, 0x0, 0xbf, 0xff, 0xc0, 0x0,
    0xbf, 0xff, 0xb0, 0xb, 0xff, 0xfc, 0x0, 0x0,
    0xc, 0xff, 0xfb, 0xbf, 0xff, 0xc0, 0x0, 0x0,
    0x0, 0xcf, 0xff, 0xff, 0xfb, 0x0, 0x0, 0x0,
    0x0, 0xc, 0xff, 0xff, 0xb0, 0x0, 0x0, 0x0,
    0x0, 0x0, 0xbf, 0xfb, 0x0, 0x0, 0x0, 0x0,
    0x0, 0x0, 0xb, 0xb0, 0x0, 0x0, 0x0, 0x0,

    /* U+F00D "" */
    0x3, 0x0, 0x0, 0x0, 0x3, 0x8, 0xfc, 0x10,
    0x0, 0x1c, 0xf8, 0xff, 0xfc, 0x10, 0x1c, 0xff,
    0xf5, 0xff, 0xfc, 0x2c, 0xff, 0xf5, 0x5, 0xff,
    0xff, 0xff, 0xf5, 0x0, 0x5, 0xff, 0xff, 0xf5,
    0x0, 0x0, 0x1d, 0xff, 0xfd, 0x10, 0x0, 0x1c,
    0xff, 0xff, 0xfc, 0x10, 0x1c, 0xff, 0xf9, 0xff,
    0xfc, 0x1c, 0xff, 0xf5, 0x5, 0xff, 0xfc, 0xdf,
    0xf5, 0x0, 0x5, 0xff, 0xd1, 0xa4, 0x0, 0x0,
    0x4, 0xa1,

    /* U+F011 "" */
    0x0, 0x0, 0x0, 0x4f, 0xe0, 0x0, 0x0, 0x0,
    0x0, 0x2, 0x10, 0x6f, 0xf1, 0x3, 0x10, 0x0,
    0x0, 0x5f, 0xd0, 0x6f, 0xf1, 0x3f, 0xd1, 0x0,
    0x3, 0xff, 0xf1, 0x6f, 0xf1, 0x5f, 0xfd, 0x0,
    0xd, 0xff, 0x40, 0x6f, 0xf1, 0x9, 0xff, 0x70,
    0x4f, 0xf7, 0x0, 0x6f, 0xf1, 0x0, 0xcf, 0xe0,
    0x9f, 0xf0, 0x0, 0x6f, 0xf1, 0x0, 0x5f, 0xf3,
    0xbf, 0xc0, 0x0, 0x6f, 0xf1, 0x0, 0x2f, 0xf5,
    0xbf, 0xc0, 0x0, 0x4f, 0xe0, 0x0, 0x1f, 0xf6,
    0xaf, 0xe0, 0x0, 0x0, 0x0, 0x0, 0x4f, 0xf4,
    0x6f, 0xf4, 0x0, 0x0, 0x0, 0x0, 0xaf, 0xf0,
    0xf, 0xfe, 0x10, 0x0, 0x0, 0x5, 0xff, 0xa0,
    0x6, 0xff, 0xd3, 0x0, 0x0, 0x7f, 0xff, 0x20,
    0x0, 0x9f, 0xff, 0xda, 0xbe, 0xff, 0xf4, 0x0,
    0x0, 0x6, 0xff, 0xff, 0xff, 0xfd, 0x30, 0x0,
    0x0, 0x0, 0x17, 0xbd, 0xca, 0x50, 0x0, 0x0,

    /* U+F013 "" */
    0x0, 0x0, 0x0, 0x8b, 0xb8, 0x0, 0x0, 0x0,
    0x0, 0x0, 0x0, 0xff, 0xff, 0x0, 0x0, 0x0,
    0x0, 0x30, 0x6, 0xff, 0xff, 0x60, 0x3, 0x0,
    0x4, 0xfd, 0xdf, 0xff, 0xff, 0xfd, 0xef, 0x40,
    0xd, 0xff, 0xff, 0xff, 0xff, 0xff, 0xff, 0xd0,
    0x4f, 0xff, 0xff, 0xf9, 0x9f, 0xff, 0xff, 0xf4,
    0x8, 0xff, 0xff, 0x20, 0x2, 0xff, 0xff, 0x80,
    0x0, 0xff, 0xf9, 0x0, 0x0, 0x9f, 0xff, 0x0,
    0x0, 0xff, 0xf9, 0x0, 0x0, 0x9f, 0xff, 0x0,
    0x8, 0xff, 0xff, 0x20, 0x2, 0xff, 0xff, 0x80,
    0x4f, 0xff, 0xff, 0xf9, 0x9f, 0xff, 0xff, 0xf4,
    0xd, 0xff, 0xff, 0xff, 0xff, 0xff, 0xff, 0xd0,
    0x4, 0xfe, 0xdf, 0xff, 0xff, 0xfd, 0xdf, 0x40,
    0x0, 0x30, 0x6, 0xff, 0xff, 0x60, 0x3, 0x0,
    0x0, 0x0, 0x0, 0xff, 0xff, 0x0, 0x0, 0x0,
    0x0, 0x0, 0x0, 0x8b, 0xb8, 0x0, 0x0, 0x0,

    /* U+F015 "" */
    0x0, 0x0, 0x0, 0x3, 0xdd, 0x30, 0x3f, 0xf3,
    0x0, 0x0, 0x0, 0x0, 0x6f, 0xff, 0xf5, 0x4f,
    0xf4, 0x0, 0x0, 0x0, 0x9, 0xff, 0x99, 0xff,
    0xbf, 0xf4, 0x0, 0x0, 0x1, 0xbf, 0xf6, 0x22,
    0x6f, 0xff, 0xf4, 0x0, 0x0, 0x2d, 0xfe, 0x35,
    0xff, 0x53, 0xef, 0xf4, 0x0, 0x4, 0xff, 0xc1,
    0x8f, 0xff, 0xf8, 0x2d, 0xfe, 0x40, 0x7f, 0xfa,
    0x1a, 0xff, 0xff, 0xff, 0xa1, 0xaf, 0xf7, 0xcf,
    0x82, 0xdf, 0xff, 0xff, 0xff, 0xfd, 0x28, 0xfc,
    0x14, 0xe, 0xff, 0xff, 0xff, 0xff, 0xff, 0xe0,
    0x41, 0x0, 0xf, 0xff, 0xff, 0xff, 0xff, 0xff,
    0xf0, 0x0, 0x0, 0xf, 0xff, 0xf9, 0x0, 0x8f,
    0xff, 0xf0, 0x0, 0x0, 0xf, 0xff, 0xf8, 0x0,
    0x8f, 0xff, 0xf0, 0x0, 0x0, 0xf, 0xff, 0xf8,
    0x0, 0x8f, 0xff, 0xf0, 0x0, 0x0, 0xe, 0xff,
    0xf6, 0x0, 0x6f, 0xff, 0xe0, 0x0,

    /* U+F019 "" */
    0x0, 0x0, 0x0, 0xdf, 0xfd, 0x0, 0x0, 0x0,
    0x0, 0x0, 0x0, 0xff, 0xff, 0x0, 0x0, 0x0,
    0x0, 0x0, 0x0, 0xff, 0xff, 0x0, 0x0, 0x0,
    0x0, 0x0, 0x0, 0xff, 0xff, 0x0, 0x0, 0x0,
    0x0, 0x0, 0x0, 0xff, 0xff, 0x0, 0x0, 0x0,
    0x0, 0x0, 0x0, 0xff, 0xff, 0x0, 0x0, 0x0,
    0x0, 0x4f, 0xff, 0xff, 0xff, 0xff, 0xf4, 0x0,
    0x0, 0xb, 0xff, 0xff, 0xff, 0xff, 0xb0, 0x0,
    0x0, 0x0, 0xbf, 0xff, 0xff, 0xfb, 0x0, 0x0,
    0x0, 0x0, 0xb, 0xff, 0xff, 0xb0, 0x0, 0x0,
    0x0, 0x0, 0x0, 0xbf, 0xfb, 0x0, 0x0, 0x0,
    0xdf, 0xff, 0xfc, 0x1b, 0xb1, 0xcf, 0xff, 0xfd,
    0xff, 0xff, 0xff, 0xc2, 0x2c, 0xff, 0xff, 0xff,
    0xff, 0xff, 0xff, 0xff, 0xff, 0xff, 0xff, 0xff,
    0xff, 0xff, 0xff, 0xff, 0xff, 0xf0, 0xe0, 0xff,
    0xdf, 0xff, 0xff, 0xff, 0xff, 0xff, 0xff, 0xfd,

    /* U+F01C "" */
    0x0, 0x4, 0xef, 0xff, 0xff, 0xff, 0xfe, 0x40,
    0x0, 0x0, 0x1e, 0xff, 0xff, 0xff, 0xff, 0xff,
    0xe1, 0x0, 0x0, 0xaf, 0xb0, 0x0, 0x0, 0x0,
    0xb, 0xfa, 0x0, 0x5, 0xff, 0x10, 0x0, 0x0,
    0x0, 0x1, 0xff, 0x50, 0x1e, 0xf6, 0x0, 0x0,
    0x0, 0x0, 0x0, 0x6f, 0xe1, 0xaf, 0xb0, 0x0,
    0x0, 0x0, 0x0, 0x0, 0xb, 0xfa, 0xff, 0xff,
    0xff, 0x80, 0x0, 0x8, 0xff, 0xff, 0xff, 0xff,
    0xff, 0xff, 0xf1, 0x0, 0x1f, 0xff, 0xff, 0xff,
    0xff, 0xff, 0xff, 0xff, 0xff, 0xff, 0xff, 0xff,
    0xff, 0xff, 0xff, 0xff, 0xff, 0xff, 0xff, 0xff,
    0xff, 0xff, 0xff, 0xff, 0xff, 0xff, 0xff, 0xff,
    0xff, 0xff, 0xff, 0x8f, 0xff, 0xff, 0xff, 0xff,
    0xff, 0xff, 0xff, 0xf8,

    /* U+F021 "" */
    0x0, 0x0, 0x6, 0xbd, 0xda, 0x50, 0x2, 0xff,
    0x0, 0x5, 0xef, 0xff, 0xff, 0xfe, 0x42, 0xff,
    0x0, 0x7f, 0xff, 0xa7, 0x7b, 0xff, 0xf9, 0xff,
    0x5, 0xff, 0xc1, 0x0, 0x0, 0x2c, 0xff, 0xff,
    0xe, 0xfc, 0x0, 0x0, 0x2, 0x22, 0xdf, 0xff,
    0x5f, 0xf2, 0x0, 0x0, 0xf, 0xff, 0xff, 0xff,
    0x8f, 0xb0, 0x0, 0x0, 0xf, 0xff, 0xff, 0xff,
    0x0, 0x0, 0x0, 0x0, 0x0, 0x0, 0x0, 0x0,
    0x0, 0x0, 0x0, 0x0, 0x0, 0x0, 0x0, 0x0,
    0xff, 0xff, 0xff, 0xf0, 0x0, 0x0, 0xb, 0xf8,
    0xff, 0xff, 0xff, 0xf0, 0x0, 0x0, 0x2f, 0xf4,
    0xff, 0xfd, 0x22, 0x20, 0x0, 0x0, 0xcf, 0xe0,
    0xff, 0xff, 0xc2, 0x0, 0x0, 0x2c, 0xff, 0x40,
    0xff, 0x9f, 0xff, 0xb7, 0x6a, 0xff, 0xf7, 0x0,
    0xff, 0x24, 0xdf, 0xff, 0xff, 0xfe, 0x50, 0x0,
    0xff, 0x20, 0x5, 0xac, 0xdb, 0x60, 0x0, 0x0,

    /* U+F026 "" */
    0x0, 0x0, 0x0, 0x0, 0x0, 0x0, 0x0, 0x8d,
    0x0, 0x0, 0x8, 0xff, 0x0, 0x0, 0x8f, 0xff,
    0xdf, 0xff, 0xff, 0xff, 0xff, 0xff, 0xff, 0xff,
    0xff, 0xff, 0xff, 0xff, 0xff, 0xff, 0xff, 0xff,
    0xff, 0xff, 0xff, 0xff, 0xdf, 0xff, 0xff, 0xff,
    0x0, 0x0, 0x8f, 0xff, 0x0, 0x0, 0x8, 0xff,
    0x0, 0x0, 0x0, 0x8d, 0x0, 0x0, 0x0, 0x0,

    /* U+F027 "" */
    0x0, 0x0, 0x0, 0x0, 0x0, 0x0, 0x0, 0x0,
    0x0, 0x8d, 0x0, 0x0, 0x0, 0x0, 0x8, 0xff,
    0x0, 0x0, 0x0, 0x0, 0x8f, 0xff, 0x0, 0x0,
    0xcf, 0xff, 0xff, 0xff, 0x1, 0x50, 0xff, 0xff,
    0xff, 0xff, 0x6, 0xf7, 0xff, 0xff, 0xff, 0xff,
    0x0, 0xbe, 0xff, 0xff, 0xff, 0xff, 0x0, 0xae,
    0xff, 0xff, 0xff, 0xff, 0x5, 0xf8, 0xdf, 0xff,
    0xff, 0xff, 0x2, 0x60, 0x0, 0x0, 0x9f, 0xff,
    0x0, 0x0, 0x0, 0x0, 0x9, 0xff, 0x0, 0x0,
    0x0, 0x0, 0x0, 0x9e, 0x0, 0x0, 0x0, 0x0,
    0x0, 0x0, 0x0, 0x0,

    /* U+F028 "" */
    0x0, 0x0, 0x0, 0x0, 0x0, 0x0, 0x6, 0x10,
    0x0, 0x0, 0x0, 0x0, 0x0, 0x0, 0x0, 0x1f,
    0xd2, 0x0, 0x0, 0x0, 0x0, 0x8d, 0x0, 0x0,
    0x3, 0xee, 0x10, 0x0, 0x0, 0x8, 0xff, 0x0,
    0xa, 0xb1, 0x2f, 0xb0, 0x0, 0x0, 0x8f, 0xff,
    0x0, 0x5, 0xfc, 0x7, 0xf4, 0xdf, 0xff, 0xff,
    0xff, 0x2, 0x50, 0x5f, 0x60, 0xf9, 0xff, 0xff,
    0xff, 0xff, 0x6, 0xf7, 0xd, 0xc0, 0xbd, 0xff,
    0xff, 0xff, 0xff, 0x0, 0xae, 0x9, 0xf0, 0x9f,
    0xff, 0xff, 0xff, 0xff, 0x0, 0xae, 0x9, 0xf0,
    0x8f, 0xff, 0xff, 0xff, 0xff, 0x6, 0xf7, 0xd,
    0xc0, 0xad, 0xdf, 0xff, 0xff, 0xff, 0x2, 0x50,
    0x5f, 0x60, 0xe9, 0x0, 0x0, 0x8f, 0xff, 0x0,
    0x5, 0xfc, 0x6, 0xf4, 0x0, 0x0, 0x8, 0xff,
    0x0, 0xa, 0xb1, 0x2f, 0xb0, 0x0, 0x0, 0x0,
    0x8d, 0x0, 0x0, 0x2, 0xee, 0x10, 0x0, 0x0,
    0x0, 0x0, 0x0, 0x0, 0x1f, 0xd2, 0x0, 0x0,
    0x0, 0x0, 0x0, 0x0, 0x0, 0x6, 0x10, 0x0,

    /* U+F03E "" */
    0x8f, 0xff, 0xff, 0xff, 0xff, 0xff, 0xff, 0xf8,
    0xff, 0xfc, 0xff, 0xff, 0xff, 0xff, 0xff, 0xff,
    0xff, 0x20, 0x2f, 0xff, 0xff, 0xff, 0xff, 0xff,
    0xfc, 0x0, 0xc, 0xff, 0xff, 0xee, 0xff, 0xff,
    0xff, 0x20, 0x2f, 0xff, 0xfe, 0x22, 0xef, 0xff,
    0xff, 0xfc, 0xff, 0xff, 0xe2, 0x0, 0x2e, 0xff,
    0xff, 0xfe, 0x4e, 0xfe, 0x20, 0x0, 0x2, 0xff,
    0xff, 0xe2, 0x2, 0xc2, 0x0, 0x0, 0x0, 0xff,
    0xff, 0x20, 0x0, 0x0, 0x0, 0x0, 0x0, 0xff,
    0xff, 0x0, 0x0, 0x0, 0x0, 0x0, 0x0, 0xff,
    0xff, 0xff, 0xff, 0xff, 0xff, 0xff, 0xff, 0xff,
    0x8f, 0xff, 0xff, 0xff, 0xff, 0xff, 0xff, 0xf8,

    /* U+F043 "" */
    0x0, 0x0, 0x4e, 0x40, 0x0, 0x0, 0x0, 0xb,
    0xfb, 0x0, 0x0, 0x0, 0x1, 0xff, 0xf1, 0x0,
    0x0, 0x0, 0x9f, 0xff, 0x90, 0x0, 0x0, 0x2f,
    0xff, 0xff, 0x30, 0x0, 0xc, 0xff, 0xff, 0xfc,
    0x0, 0x7, 0xff, 0xff, 0xff, 0xf8, 0x2, 0xff,
    0xff, 0xff, 0xff, 0xf2, 0x9f, 0xff, 0xff, 0xff,
    0xff, 0x9e, 0xff, 0xff, 0xff, 0xff, 0xfe, 0xff,
    0x2f, 0xff, 0xff, 0xff, 0xfe, 0xf2, 0xbf, 0xff,
    0xff, 0xfe, 0x9f, 0xa1, 0xbf, 0xff, 0xff, 0x92,
    0xff, 0xa2, 0x2f, 0xff, 0xf2, 0x4, 0xff, 0xff,
    0xff, 0xf4, 0x0, 0x2, 0x9e, 0xfe, 0x92, 0x0,

    /* U+F048 "" */
    0x0, 0x0, 0x0, 0x0, 0x0, 0xff, 0x30, 0x0,
    0x1, 0xcc, 0xff, 0x40, 0x0, 0x2d, 0xff, 0xff,
    0x40, 0x3, 0xef, 0xff, 0xff, 0x40, 0x3f, 0xff,
    0xff, 0xff, 0x44, 0xff, 0xff, 0xff, 0xff, 0x9f,
    0xff, 0xff, 0xff, 0xff, 0xff, 0xff, 0xff, 0xff,
    0xff, 0xff, 0xff, 0xff, 0xff, 0xff, 0xaf, 0xff,
    0xff, 0xff, 0xff, 0x45, 0xff, 0xff, 0xff, 0xff,
    0x40, 0x4f, 0xff, 0xff, 0xff, 0x40, 0x3, 0xef,
    0xff, 0xff, 0x40, 0x0, 0x2e, 0xff, 0xff, 0x30,
    0x0, 0x1, 0xcc, 0x0, 0x0, 0x0, 0x0, 0x0,

    /* U+F04B "" */
    0x0, 0x0, 0x0, 0x0, 0x0, 0x0, 0x0, 0x8f,
    0x91, 0x0, 0x0, 0x0, 0x0, 0x0, 0xff, 0xff,
    0x70, 0x0, 0x0, 0x0, 0x0, 0xff, 0xff, 0xfd,
    0x40, 0x0, 0x0, 0x0, 0xff, 0xff, 0xff, 0xfa,
    0x10, 0x0, 0x0, 0xff, 0xff, 0xff, 0xff, 0xf7,
    0x0, 0x0, 0xff, 0xff, 0xff, 0xff, 0xff, 0xd5,
    0x0, 0xff, 0xff, 0xff, 0xff, 0xff, 0xff, 0xb2,
    0xff, 0xff, 0xff, 0xff, 0xff, 0xff, 0xfd, 0xff,
    0xff, 0xff, 0xff, 0xff, 0xff, 0xfd, 0xff, 0xff,
    0xff, 0xff, 0xff, 0xff, 0xb2, 0xff, 0xff, 0xff,
    0xff, 0xff, 0xd5, 0x0, 0xff, 0xff, 0xff, 0xff,
    0xf7, 0x0, 0x0, 0xff, 0xff, 0xff, 0xfa, 0x10,
    0x0, 0x0, 0xff, 0xff, 0xfd, 0x40, 0x0, 0x0,
    0x0, 0xff, 0xff, 0x70, 0x0, 0x0, 0x0, 0x0,
    0x8e, 0xa1, 0x0, 0x0, 0x0, 0x0, 0x0, 0x0,
    0x0, 0x0, 0x0, 0x0, 0x0, 0x0,

    /* U+F04C "" */
    0x0, 0x0, 0x0, 0x0, 0x0, 0x0, 0x0, 0x8f,
    0xff, 0xf8, 0x0, 0x8f, 0xff, 0xf8, 0xff, 0xff,
    0xff, 0x0, 0xff, 0xff, 0xff, 0xff, 0xff, 0xff,
    0x0, 0xff, 0xff, 0xff, 0xff, 0xff, 0xff, 0x0,
    0xff, 0xff, 0xff, 0xff, 0xff, 0xff, 0x0, 0xff,
    0xff, 0xff, 0xff, 0xff, 0xff, 0x0, 0xff, 0xff,
    0xff, 0xff, 0xff, 0xff, 0x0, 0xff, 0xff, 0xff,
    0xff, 0xff, 0xff, 0x0, 0xff, 0xff, 0xff, 0xff,
    0xff, 0xff, 0x0, 0xff, 0xff, 0xff, 0xff, 0xff,
    0xff, 0x0, 0xff, 0xff, 0xff, 0xff, 0xff, 0xff,
    0x0, 0xff, 0xff, 0xff, 0xff, 0xff, 0xff, 0x0,
    0xff, 0xff, 0xff, 0xff, 0xff, 0xff, 0x0, 0xff,
    0xff, 0xff, 0x7f, 0xff, 0xf7, 0x0, 0x7f, 0xff,
    0xf7,

    /* U+F04D "" */
    0x8f, 0xff, 0xff, 0xff, 0xff, 0xff, 0xf8, 0xff,
    0xff, 0xff, 0xff, 0xff, 0xff, 0xff, 0xff, 0xff,
    0xff, 0xff, 0xff, 0xff, 0xff, 0xff, 0xff, 0xff,
    0xff, 0xff, 0xff, 0xff, 0xff, 0xff, 0xff, 0xff,
    0xff, 0xff, 0xff, 0xff, 0xff, 0xff, 0xff, 0xff,
    0xff, 0xff, 0xff, 0xff, 0xff, 0xff, 0xff, 0xff,
    0xff, 0xff, 0xff, 0xff, 0xff, 0xff, 0xff, 0xff,
    0xff, 0xff, 0xff, 0xff, 0xff, 0xff, 0xff, 0xff,
    0xff, 0xff, 0xff, 0xff, 0xff, 0xff, 0xff, 0xff,
    0xff, 0xff, 0xff, 0xff, 0xff, 0xff, 0xff, 0xff,
    0xff, 0xff, 0xff, 0xff, 0xff, 0xff, 0xff, 0xff,
    0xff, 0xff, 0xff, 0x8f, 0xff, 0xff, 0xff, 0xff,
    0xff, 0xf8,

    /* U+F051 "" */
    0x0, 0x0, 0x0, 0x0, 0x0, 0xcc, 0x10, 0x0,
    0x3, 0xff, 0xff, 0xd2, 0x0, 0x4, 0xff, 0xff,
    0xfe, 0x30, 0x4, 0xff, 0xff, 0xff, 0xf4, 0x4,
    0xff, 0xff, 0xff, 0xff, 0x54, 0xff, 0xff, 0xff,
    0xff, 0xf9, 0xff, 0xff, 0xff, 0xff, 0xff, 0xff,
    0xff, 0xff, 0xff, 0xff, 0xff, 0xff, 0xff, 0xff,
    0xf9, 0xff, 0xff, 0xff, 0xff, 0x44, 0xff, 0xff,
    0xff, 0xf3, 0x4, 0xff, 0xff, 0xfe, 0x30, 0x4,
    0xff, 0xff, 0xd2, 0x0, 0x4, 0xff, 0xcc, 0x10,
    0x0, 0x3, 0xff, 0x0, 0x0, 0x0, 0x0, 0x0,

    /* U+F052 "" */
    0x0, 0x0, 0x0, 0x2d, 0xd2, 0x0, 0x0, 0x0,
    0x0, 0x0, 0x1, 0xef, 0xfe, 0x10, 0x0, 0x0,
    0x0, 0x0, 0x1d, 0xff, 0xff, 0xd1, 0x0, 0x0,
    0x0, 0x0, 0xcf, 0xff, 0xff, 0xfc, 0x0, 0x0,
    0x0, 0xb, 0xff, 0xff, 0xff, 0xff, 0xb0, 0x0,
    0x0, 0xaf, 0xff, 0xff, 0xff, 0xff, 0xfa, 0x0,
    0x9, 0xff, 0xff, 0xff, 0xff, 0xff, 0xff, 0x90,
    0xf, 0xff, 0xff, 0xff, 0xff, 0xff, 0xff, 0xf0,
    0x8, 0xff, 0xff, 0xff, 0xff, 0xff, 0xff, 0x80,
    0x0, 0x0, 0x0, 0x0, 0x0, 0x0, 0x0, 0x0,
    0xc, 0xff, 0xff, 0xff, 0xff, 0xff, 0xff, 0xc0,
    0xf, 0xff, 0xff, 0xff, 0xff, 0xff, 0xff, 0xf0,
    0xf, 0xff, 0xff, 0xff, 0xff, 0xff, 0xff, 0xf0,
    0xc, 0xff, 0xff, 0xff, 0xff, 0xff, 0xff, 0xc0,

    /* U+F053 "" */
    0x0, 0x0, 0x0, 0x1a, 0x40, 0x0, 0x0, 0x1,
    0xdf, 0xf0, 0x0, 0x0, 0x1d, 0xff, 0xa0, 0x0,
    0x1, 0xdf, 0xfa, 0x0, 0x0, 0x1d, 0xff, 0xa0,
    0x0, 0x1, 0xdf, 0xfa, 0x0, 0x0, 0xc, 0xff,
    0xa0, 0x0, 0x0, 0xd, 0xff, 0x80, 0x0, 0x0,
    0x1, 0xdf, 0xf8, 0x0, 0x0, 0x0, 0x1d, 0xff,
    0x80, 0x0, 0x0, 0x1, 0xdf, 0xf8, 0x0, 0x0,
    0x0, 0x1d, 0xff, 0x80, 0x0, 0x0, 0x1, 0xdf,
    0xf0, 0x0, 0x0, 0x0, 0x1b, 0x50,

    /* U+F054 "" */
    0x4, 0xa1, 0x0, 0x0, 0x0, 0xf, 0xfd, 0x10,
    0x0, 0x0, 0xa, 0xff, 0xd1, 0x0, 0x0, 0x0,
    0xaf, 0xfd, 0x10, 0x0, 0x0, 0xa, 0xff, 0xd1,
    0x0, 0x0, 0x0, 0xaf, 0xfd, 0x10, 0x0, 0x0,
    0xa, 0xff, 0xc0, 0x0, 0x0, 0x8, 0xff, 0xd0,
    0x0, 0x0, 0x8f, 0xfd, 0x10, 0x0, 0x8, 0xff,
    0xd1, 0x0, 0x0, 0x8f, 0xfd, 0x10, 0x0, 0x8,
    0xff, 0xd1, 0x0, 0x0, 0xf, 0xfd, 0x10, 0x0,
    0x0, 0x5, 0xb1, 0x0, 0x0, 0x0,

    /* U+F067 "" */
    0x0, 0x0, 0x4, 0xff, 0x40, 0x0, 0x0, 0x0,
    0x0, 0x8, 0xff, 0x80, 0x0, 0x0, 0x0, 0x0,
    0x8, 0xff, 0x80, 0x0, 0x0, 0x0, 0x0, 0x8,
    0xff, 0x80, 0x0, 0x0, 0x0, 0x0, 0x8, 0xff,
    0x80, 0x0, 0x0, 0x48, 0x88, 0x8c, 0xff, 0xc8,
    0x88, 0x84, 0xff, 0xff, 0xff, 0xff, 0xff, 0xff,
    0xff, 0xff, 0xff, 0xff, 0xff, 0xff, 0xff, 0xff,
    0x48, 0x88, 0x8c, 0xff, 0xc8, 0x88, 0x84, 0x0,
    0x0, 0x8, 0xff, 0x80, 0x0, 0x0, 0x0, 0x0,
    0x8, 0xff, 0x80, 0x0, 0x0, 0x0, 0x0, 0x8,
    0xff, 0x80, 0x0, 0x0, 0x0, 0x0, 0x8, 0xff,
    0x80, 0x0, 0x0, 0x0, 0x0, 0x4, 0xff, 0x40,
    0x0, 0x0,

    /* U+F068 "" */
    0x14, 0x44, 0x44, 0x44, 0x44, 0x44, 0x41, 0xef,
    0xff, 0xff, 0xff, 0xff, 0xff, 0xfe, 0xff, 0xff,
    0xff, 0xff, 0xff, 0xff, 0xff, 0x7b, 0xbb, 0xbb,
    0xbb, 0xbb, 0xbb, 0xb7,

    /* U+F06E "" */
    0x0, 0x0, 0x5, 0xad, 0xff, 0xda, 0x50, 0x0,
    0x0, 0x0, 0x4, 0xdf, 0xfc, 0x88, 0xcf, 0xfd,
    0x40, 0x0, 0x0, 0x7f, 0xfe, 0x40, 0x0, 0x4,
    0xef, 0xf7, 0x0, 0x7, 0xff, 0xf4, 0x0, 0x9e,
    0x80, 0x4f, 0xff, 0x70, 0x4f, 0xff, 0xc0, 0x0,
    0xaf, 0xf8, 0xc, 0xff, 0xf4, 0xdf, 0xff, 0x80,
    0x9a, 0xff, 0xfe, 0x8, 0xff, 0xfd, 0xdf, 0xff,
    0x80, 0xef, 0xff, 0xfe, 0x8, 0xff, 0xfd, 0x4f,
    0xff, 0xc0, 0x8f, 0xff, 0xf8, 0xc, 0xff, 0xf4,
    0x7, 0xff, 0xf4, 0x8, 0xee, 0x80, 0x4f, 0xff,
    0x70, 0x0, 0x7f, 0xfe, 0x40, 0x0, 0x4, 0xef,
    0xf8, 0x0, 0x0, 0x4, 0xdf, 0xfc, 0x88, 0xcf,
    0xfd, 0x40, 0x0, 0x0, 0x0, 0x5, 0xad, 0xff,
    0xda, 0x50, 0x0, 0x0,

    /* U+F070 "" */
    0x8c, 0x20, 0x0, 0x0, 0x0, 0x0, 0x0, 0x0,
    0x0, 0x0, 0xdf, 0xe4, 0x0, 0x0, 0x0, 0x0,
    0x0, 0x0, 0x0, 0x0, 0x1b, 0xff, 0x80, 0x49,
    0xdf, 0xfd, 0xa5, 0x0, 0x0, 0x0, 0x0, 0x7f,
    0xff, 0xff, 0xd8, 0x8c, 0xff, 0xd4, 0x0, 0x0,
    0x0, 0x4, 0xef, 0xf8, 0x0, 0x0, 0x4e, 0xff,
    0x70, 0x0, 0x0, 0x0, 0x1c, 0xff, 0x69, 0xe8,
    0x4, 0xff, 0xf7, 0x0, 0x4, 0xe3, 0x0, 0x9f,
    0xfe, 0xff, 0x80, 0xcf, 0xff, 0x40, 0xd, 0xff,
    0x70, 0x5, 0xff, 0xff, 0xe0, 0x8f, 0xff, 0xd0,
    0xd, 0xff, 0xf7, 0x0, 0x2d, 0xff, 0xe0, 0x8f,
    0xff, 0xd0, 0x4, 0xff, 0xfc, 0x0, 0x0, 0xaf,
    0xf8, 0xcf, 0xff, 0x30, 0x0, 0x7f, 0xff, 0x40,
    0x0, 0x6, 0xff, 0xff, 0xf7, 0x0, 0x0, 0x8,
    0xff, 0xf4, 0x0, 0x0, 0x3e, 0xff, 0xa0, 0x0,
    0x0, 0x0, 0x4d, 0xff, 0xc8, 0x82, 0x1, 0xbf,
    0xf7, 0x0, 0x0, 0x0, 0x0, 0x5a, 0xdf, 0xfc,
    0x10, 0x8, 0xff, 0xa0, 0x0, 0x0, 0x0, 0x0,
    0x0, 0x0, 0x0, 0x0, 0x4e, 0xfd, 0x0, 0x0,
    0x0, 0x0, 0x0, 0x0, 0x0, 0x0, 0x2, 0xc8,

    /* U+F071 "" */
    0x0, 0x0, 0x0, 0x0, 0x2d, 0xd2, 0x0, 0x0,
    0x0, 0x0, 0x0, 0x0, 0x0, 0x0, 0xbf, 0xfb,
    0x0, 0x0, 0x0, 0x0, 0x0, 0x0, 0x0, 0x5,
    0xff, 0xff, 0x50, 0x0, 0x0, 0x0, 0x0, 0x0,
    0x0, 0xd, 0xff, 0xff, 0xd0, 0x0, 0x0, 0x0,
    0x0, 0x0, 0x0, 0x7f, 0xff, 0xff, 0xf7, 0x0,
    0x0, 0x0, 0x0, 0x0, 0x1, 0xff, 0xd8, 0x8d,
    0xff, 0x10, 0x0, 0x0, 0x0, 0x0, 0xa, 0xff,
    0xa0, 0xa, 0xff, 0xa0, 0x0, 0x0, 0x0, 0x0,
    0x3f, 0xff, 0xb0, 0xb, 0xff, 0xf3, 0x0, 0x0,
    0x0, 0x0, 0xcf, 0xff, 0xc0, 0xc, 0xff, 0xfc,
    0x0, 0x0, 0x0, 0x5, 0xff, 0xff, 0xd0, 0xd,
    0xff, 0xff, 0x50, 0x0, 0x0, 0xe, 0xff, 0xff,
    0xf9, 0x9f, 0xff, 0xff, 0xe0, 0x0, 0x0, 0x8f,
    0xff, 0xff, 0xe2, 0x2e, 0xff, 0xff, 0xf8, 0x0,
    0x2, 0xff, 0xff, 0xff, 0x90, 0x9, 0xff, 0xff,
    0xff, 0x10, 0xa, 0xff, 0xff, 0xff, 0xe3, 0x3e,
    0xff, 0xff, 0xff, 0xa0, 0xf, 0xff, 0xff, 0xff,
    0xff, 0xff, 0xff, 0xff, 0xff, 0xf0, 0x8, 0xff,
    0xff, 0xff, 0xff, 0xff, 0xff, 0xff, 0xff, 0x80,

    /* U+F074 "" */
    0x0, 0x0, 0x0, 0x0, 0x0, 0x0, 0x0, 0x0,
    0x0, 0x0, 0x0, 0x0, 0x0, 0x0, 0xd8, 0x0,
    0x0, 0x0, 0x0, 0x0, 0x0, 0x0, 0xff, 0x80,
    0xff, 0xff, 0x70, 0x0, 0x7, 0xff, 0xff, 0xf8,
    0xff, 0xff, 0xf6, 0x0, 0x6f, 0xff, 0xff, 0xfd,
    0x78, 0x8e, 0xff, 0x15, 0xff, 0xe8, 0xff, 0xe2,
    0x0, 0x2, 0xe5, 0x4f, 0xfe, 0x20, 0xfe, 0x20,
    0x0, 0x0, 0x13, 0xff, 0xf3, 0x0, 0x52, 0x0,
    0x0, 0x0, 0x3f, 0xff, 0x31, 0x0, 0x52, 0x0,
    0x0, 0x2, 0xef, 0xf4, 0x5e, 0x20, 0xfe, 0x20,
    0x78, 0x8e, 0xff, 0x51, 0xff, 0xe8, 0xff, 0xe2,
    0xff, 0xff, 0xf6, 0x0, 0x6f, 0xff, 0xff, 0xfd,
    0xff, 0xff, 0x70, 0x0, 0x7, 0xff, 0xff, 0xf8,
    0x0, 0x0, 0x0, 0x0, 0x0, 0x0, 0xff, 0x80,
    0x0, 0x0, 0x0, 0x0, 0x0, 0x0, 0xd8, 0x0,
    0x0, 0x0, 0x0, 0x0, 0x0, 0x0, 0x0, 0x0,

    /* U+F077 "" */
    0x0, 0x0, 0x0, 0x0, 0x0, 0x0, 0x0, 0x0,
    0x0, 0x1, 0xdd, 0x10, 0x0, 0x0, 0x0, 0x0,
    0x1d, 0xff, 0xd1, 0x0, 0x0, 0x0, 0x1, 0xdf,
    0xff, 0xfd, 0x10, 0x0, 0x0, 0x1d, 0xff, 0x99,
    0xff, 0xd1, 0x0, 0x1, 0xdf, 0xf9, 0x0, 0x9f,
    0xfd, 0x10, 0x1d, 0xff, 0x90, 0x0, 0x9, 0xff,
    0xd1, 0xbf, 0xf9, 0x0, 0x0, 0x0, 0x9f, 0xfb,
    0x5f, 0x90, 0x0, 0x0, 0x0, 0x9, 0xf5, 0x0,
    0x0, 0x0, 0x0, 0x0, 0x0, 0x0,

    /* U+F078 "" */
    0x0, 0x0, 0x0, 0x0, 0x0, 0x0, 0x0, 0x5f,
    0x90, 0x0, 0x0, 0x0, 0x9, 0xf5, 0xbf, 0xf9,
    0x0, 0x0, 0x0, 0x9f, 0xfb, 0x1d, 0xff, 0x90,
    0x0, 0x9, 0xff, 0xd1, 0x1, 0xdf, 0xf9, 0x0,
    0x9f, 0xfd, 0x10, 0x0, 0x1d, 0xff, 0x99, 0xff,
    0xd1, 0x0, 0x0, 0x1, 0xdf, 0xff, 0xfd, 0x10,
    0x0, 0x0, 0x0, 0x1d, 0xff, 0xd1, 0x0, 0x0,
    0x0, 0x0, 0x1, 0xdd, 0x10, 0x0, 0x0, 0x0,
    0x0, 0x0, 0x0, 0x0, 0x0, 0x0,

    /* U+F079 "" */
    0x0, 0x0, 0x0, 0x0, 0x0, 0x0, 0x0, 0x0,
    0x0, 0x0, 0x0, 0x1d, 0xd1, 0x0, 0x0, 0x0,
    0x0, 0x0, 0x0, 0x0, 0x1, 0xdf, 0xfd, 0x10,
    0xef, 0xff, 0xff, 0xff, 0xd0, 0x0, 0x1d, 0xff,
    0xff, 0xd1, 0xaf, 0xff, 0xff, 0xff, 0xf0, 0x0,
    0xcf, 0xcf, 0xfc, 0xfc, 0x0, 0x0, 0x0, 0xf,
    0xf0, 0x0, 0x6b, 0x1f, 0xf1, 0xb6, 0x0, 0x0,
    0x0, 0xf, 0xf0, 0x0, 0x0, 0xf, 0xf0, 0x0,
    0x0, 0x0, 0x0, 0xf, 0xf0, 0x0, 0x0, 0xf,
    0xf0, 0x0, 0x0, 0x0, 0x0, 0xf, 0xf0, 0x0,
    0x0, 0xf, 0xf0, 0x0, 0x0, 0x0, 0x6b, 0x1f,
    0xf1, 0xb6, 0x0, 0xf, 0xf0, 0x0, 0x0, 0x0,
    0xcf, 0xcf, 0xfc, 0xfc, 0x0, 0xf, 0xff, 0xff,
    0xff, 0xfa, 0x1d, 0xff, 0xff, 0xd1, 0x0, 0xd,
    0xff, 0xff, 0xff, 0xfe, 0x1, 0xdf, 0xfd, 0x10,
    0x0, 0x0, 0x0, 0x0, 0x0, 0x0, 0x0, 0x1d,
    0xd1, 0x0, 0x0, 0x0, 0x0, 0x0, 0x0, 0x0,
    0x0, 0x0, 0x0, 0x0,

    /* U+F07B "" */
    0x8f, 0xff, 0xff, 0xe2, 0x0, 0x0, 0x0, 0x0,
    0xff, 0xff, 0xff, 0xfe, 0x20, 0x0, 0x0, 0x0,
    0xff, 0xff, 0xff, 0xff, 0xff, 0xff, 0xff, 0xf8,
    0xff, 0xff, 0xff, 0xff, 0xff, 0xff, 0xff, 0xff,
    0xff, 0xff, 0xff, 0xff, 0xff, 0xff, 0xff, 0xff,
    0xff, 0xff, 0xff, 0xff, 0xff, 0xff, 0xff, 0xff,
    0xff, 0xff, 0xff, 0xff, 0xff, 0xff, 0xff, 0xff,
    0xff, 0xff, 0xff, 0xff, 0xff, 0xff, 0xff, 0xff,
    0xff, 0xff, 0xff, 0xff, 0xff, 0xff, 0xff, 0xff,
    0xff, 0xff, 0xff, 0xff, 0xff, 0xff, 0xff, 0xff,
    0xff, 0xff, 0xff, 0xff, 0xff, 0xff, 0xff, 0xff,
    0x8f, 0xff, 0xff, 0xff, 0xff, 0xff, 0xff, 0xf8,

    /* U+F093 "" */
    0x0, 0x0, 0x0, 0xb, 0xb0, 0x0, 0x0, 0x0,
    0x0, 0x0, 0x0, 0xbf, 0xfb, 0x0, 0x0, 0x0,
    0x0, 0x0, 0xb, 0xff, 0xff, 0xb0, 0x0, 0x0,
    0x0, 0x0, 0xbf, 0xff, 0xff, 0xfb, 0x0, 0x0,
    0x0, 0xb, 0xff, 0xff, 0xff, 0xff, 0xb0, 0x0,
    0x0, 0x4f, 0xff, 0xff, 0xff, 0xff, 0xf4, 0x0,
    0x0, 0x0, 0x0, 0xff, 0xff, 0x0, 0x0, 0x0,
    0x0, 0x0, 0x0, 0xff, 0xff, 0x0, 0x0, 0x0,
    0x0, 0x0, 0x0, 0xff, 0xff, 0x0, 0x0, 0x0,
    0x0, 0x0, 0x0, 0xff, 0xff, 0x0, 0x0, 0x0,
    0x0, 0x0, 0x0, 0xff, 0xff, 0x0, 0x0, 0x0,
    0xdf, 0xff, 0xf0, 0xdf, 0xfd, 0xf, 0xff, 0xfd,
    0xff, 0xff, 0xf9, 0x0, 0x0, 0x9f, 0xff, 0xff,
    0xff, 0xff, 0xff, 0xff, 0xff, 0xff, 0xff, 0xff,
    0xff, 0xff, 0xff, 0xff, 0xff, 0xf0, 0xe0, 0xff,
    0xdf, 0xff, 0xff, 0xff, 0xff, 0xff, 0xff, 0xfd,

    /* U+F095 "" */
    0x0, 0x0, 0x0, 0x0, 0x0, 0x0, 0x0, 0x0,
    0x0, 0x0, 0x0, 0x0, 0x0, 0x0, 0xa, 0xea,
    0x62, 0x0, 0x0, 0x0, 0x0, 0x0, 0x2, 0xff,
    0xff, 0xf0, 0x0, 0x0, 0x0, 0x0, 0x0, 0x9f,
    0xff, 0xff, 0x0, 0x0, 0x0, 0x0, 0x0, 0xf,
    0xff, 0xff, 0xd0, 0x0, 0x0, 0x0, 0x0, 0x2,
    0xff, 0xff, 0xfb, 0x0, 0x0, 0x0, 0x0, 0x0,
    0x3, 0xef, 0xff, 0x70, 0x0, 0x0, 0x0, 0x0,
    0x0, 0x4, 0xff, 0xf2, 0x0, 0x0, 0x0, 0x0,
    0x0, 0x0, 0xbf, 0xfb, 0x0, 0x0, 0x0, 0x0,
    0x0, 0x0, 0x6f, 0xff, 0x30, 0x0, 0x0, 0x2,
    0x0, 0x0, 0x4f, 0xff, 0x90, 0x0, 0x2, 0x8f,
    0xf3, 0x0, 0x6f, 0xff, 0xd0, 0x0, 0xa, 0xff,
    0xff, 0xe4, 0xbf, 0xff, 0xd1, 0x0, 0x0, 0xef,
    0xff, 0xff, 0xff, 0xff, 0xd1, 0x0, 0x0, 0xa,
    0xff, 0xff, 0xff, 0xff, 0x90, 0x0, 0x0, 0x0,
    0x6f, 0xff, 0xff, 0xfb, 0x30, 0x0, 0x0, 0x0,
    0x2, 0xff, 0xdb, 0x72, 0x0, 0x0, 0x0, 0x0,
    0x0,

    /* U+F0C4 "" */
    0x8, 0xee, 0x80, 0x0, 0x0, 0x6, 0x61, 0x8,
    0xff, 0xff, 0x80, 0x0, 0x2d, 0xff, 0xd0, 0xef,
    0x33, 0xfe, 0x0, 0x2e, 0xff, 0xf3, 0xe, 0xf3,
    0x3f, 0xe0, 0x2e, 0xff, 0xf3, 0x0, 0x8f, 0xff,
    0xff, 0x6e, 0xff, 0xf3, 0x0, 0x0, 0x8e, 0xff,
    0xff, 0xff, 0xf3, 0x0, 0x0, 0x0, 0x2, 0xef,
    0xff, 0xf3, 0x0, 0x0, 0x0, 0x0, 0x2e, 0xff,
    0xff, 0x30, 0x0, 0x0, 0x8, 0xef, 0xff, 0xff,
    0xff, 0x30, 0x0, 0x8, 0xff, 0xff, 0xf6, 0xef,
    0xff, 0x30, 0x0, 0xef, 0x33, 0xfe, 0x2, 0xef,
    0xff, 0x30, 0xe, 0xf3, 0x3f, 0xe0, 0x2, 0xef,
    0xff, 0x30, 0x8f, 0xff, 0xf8, 0x0, 0x2, 0xdf,
    0xfd, 0x0, 0x8e, 0xe8, 0x0, 0x0, 0x0, 0x66,
    0x10,

    /* U+F0C5 "" */
    0x0, 0x0, 0xdf, 0xff, 0xff, 0xd, 0x20, 0x0,
    0x0, 0xff, 0xff, 0xff, 0xf, 0xe2, 0x0, 0x0,
    0xff, 0xff, 0xff, 0xf, 0xfd, 0xdf, 0xf0, 0xff,
    0xff, 0xff, 0x20, 0x0, 0xff, 0xf0, 0xff, 0xff,
    0xff, 0xff, 0xff, 0xff, 0xf0, 0xff, 0xff, 0xff,
    0xff, 0xff, 0xff, 0xf0, 0xff, 0xff, 0xff, 0xff,
    0xff, 0xff, 0xf0, 0xff, 0xff, 0xff, 0xff, 0xff,
    0xff, 0xf0, 0xff, 0xff, 0xff, 0xff, 0xff, 0xff,
    0xf0, 0xff, 0xff, 0xff, 0xff, 0xff, 0xff, 0xf0,
    0xff, 0xff, 0xff, 0xff, 0xff, 0xff, 0xf0, 0xff,
    0xff, 0xff, 0xff, 0xff, 0xff, 0xf0, 0xdf, 0xff,
    0xff, 0xff, 0xfd, 0xff, 0xf9, 0x0, 0x0, 0x0,
    0x0, 0x0, 0xff, 0xff, 0xff, 0xff, 0xff, 0x0,
    0x0, 0xdf, 0xff, 0xff, 0xff, 0xfd, 0x0, 0x0,

    /* U+F0C7 "" */
    0x8f, 0xff, 0xff, 0xff, 0xff, 0xc2, 0x0, 0xff,
    0xff, 0xff, 0xff, 0xff, 0xfe, 0x20, 0xff, 0x0,
    0x0, 0x0, 0x1, 0xff, 0xe2, 0xff, 0x0, 0x0,
    0x0, 0x0, 0xff, 0xfc, 0xff, 0x0, 0x0, 0x0,
    0x0, 0xff, 0xff, 0xff, 0x0, 0x0, 0x0, 0x0,
    0xff, 0xff, 0xff, 0xff, 0xff, 0xff, 0xff, 0xff,
    0xff, 0xff, 0xff, 0xff, 0xff, 0xff, 0xff, 0xff,
    0xff, 0xff, 0xfb, 0x11, 0xbf, 0xff, 0xff, 0xff,
    0xff, 0xf1, 0x0, 0x1f, 0xff, 0xff, 0xff, 0xff,
    0xf1, 0x0, 0x1f, 0xff, 0xff, 0xff, 0xff, 0xfb,
    0x11, 0xbf, 0xff, 0xff, 0xff, 0xff, 0xff, 0xff,
    0xff, 0xff, 0xff, 0x8f, 0xff, 0xff, 0xff, 0xff,
    0xff, 0xf8,

    /* U+F0C9 "" */
    0x12, 0x22, 0x22, 0x22, 0x22, 0x22, 0x21, 0xff,
    0xff, 0xff, 0xff, 0xff, 0xff, 0xff, 0xff, 0xff,
    0xff, 0xff, 0xff, 0xff, 0xff, 0x12, 0x22, 0x22,
    0x22, 0x22, 0x22, 0x21, 0x0, 0x0, 0x0, 0x0,
    0x0, 0x0, 0x0, 0x12, 0x22, 0x22, 0x22, 0x22,
    0x22, 0x21, 0xff, 0xff, 0xff, 0xff, 0xff, 0xff,
    0xff, 0xff, 0xff, 0xff, 0xff, 0xff, 0xff, 0xff,
    0x12, 0x22, 0x22, 0x22, 0x22, 0x22, 0x21, 0x0,
    0x0, 0x0, 0x0, 0x0, 0x0, 0x0, 0x12, 0x22,
    0x22, 0x22, 0x22, 0x22, 0x21, 0xff, 0xff, 0xff,
    0xff, 0xff, 0xff, 0xff, 0xff, 0xff, 0xff, 0xff,
    0xff, 0xff, 0xff, 0x12, 0x22, 0x22, 0x22, 0x22,
    0x22, 0x21,

    /* U+F0E0 "" */
    0x8f, 0xff, 0xff, 0xff, 0xff, 0xff, 0xff, 0xf8,
    0xff, 0xff, 0xff, 0xff, 0xff, 0xff, 0xff, 0xff,
    0xcf, 0xff, 0xff, 0xff, 0xff, 0xff, 0xff, 0xfc,
    0x9, 0xff, 0xff, 0xff, 0xff, 0xff, 0xff, 0x90,
    0xd2, 0x5f, 0xff, 0xff, 0xff, 0xff, 0xf5, 0x2d,
    0xff, 0x62, 0xcf, 0xff, 0xff, 0xfc, 0x26, 0xff,
    0xff, 0xfa, 0x18, 0xff, 0xff, 0x81, 0xaf, 0xff,
    0xff, 0xff, 0xe3, 0x4d, 0xd4, 0x3e, 0xff, 0xff,
    0xff, 0xff, 0xff, 0x81, 0x18, 0xff, 0xff, 0xff,
    0xff, 0xff, 0xff, 0xff, 0xff, 0xff, 0xff, 0xff,
    0xff, 0xff, 0xff, 0xff, 0xff, 0xff, 0xff, 0xff,
    0x8f, 0xff, 0xff, 0xff, 0xff, 0xff, 0xff, 0xf8,

    /* U+F0E7 "" */
    0x0, 0xdf, 0xff, 0xfd, 0x0, 0x0, 0x1, 0xff,
    0xff, 0xfc, 0x0, 0x0, 0x3, 0xff, 0xff, 0xf7,
    0x0, 0x0, 0x6, 0xff, 0xff, 0xf2, 0x0, 0x0,
    0x8, 0xff, 0xff, 0xd0, 0x0, 0x0, 0xa, 0xff,
    0xff, 0xff, 0xff, 0xd0, 0xc, 0xff, 0xff, 0xff,
    0xff, 0xa0, 0xe, 0xff, 0xff, 0xff, 0xff, 0x20,
    0xd, 0xff, 0xff, 0xff, 0xf8, 0x0, 0x0, 0x0,
    0xa, 0xff, 0xe0, 0x0, 0x0, 0x0, 0xe, 0xff,
    0x50, 0x0, 0x0, 0x0, 0x2f, 0xfc, 0x0, 0x0,
    0x0, 0x0, 0x5f, 0xf3, 0x0, 0x0, 0x0, 0x0,
    0x9f, 0xa0, 0x0, 0x0, 0x0, 0x0, 0xdf, 0x10,
    0x0, 0x0, 0x0, 0x0, 0xd7, 0x0, 0x0, 0x0,

    /* U+F0EA "" */
    0x0, 0x4, 0xee, 0x40, 0x0, 0x0, 0x0, 0xdf,
    0xff, 0x99, 0xff, 0xfd, 0x0, 0x0, 0xff, 0xff,
    0x99, 0xff, 0xff, 0x0, 0x0, 0xff, 0xff, 0xff,
    0xff, 0xff, 0x0, 0x0, 0xff, 0xff, 0x90, 0x0,
    0x0, 0x0, 0x0, 0xff, 0xff, 0xd, 0xff, 0xff,
    0xd, 0x20, 0xff, 0xff, 0xf, 0xff, 0xff, 0xf,
    0xe2, 0xff, 0xff, 0xf, 0xff, 0xff, 0xf, 0xfd,
    0xff, 0xff, 0xf, 0xff, 0xff, 0x20, 0x0, 0xff,
    0xff, 0xf, 0xff, 0xff, 0xff, 0xff, 0xff, 0xff,
    0xf, 0xff, 0xff, 0xff, 0xff, 0xff, 0xff, 0xf,
    0xff, 0xff, 0xff, 0xff, 0xdf, 0xff, 0xf, 0xff,
    0xff, 0xff, 0xff, 0x0, 0x0, 0xf, 0xff, 0xff,
    0xff, 0xff, 0x0, 0x0, 0xf, 0xff, 0xff, 0xff,
    0xff, 0x0, 0x0, 0xd, 0xff, 0xff, 0xff, 0xfd,

    /* U+F0F3 "" */
    0x0, 0x0, 0x0, 0xcc, 0x0, 0x0, 0x0, 0x0,
    0x0, 0x2, 0xff, 0x30, 0x0, 0x0, 0x0, 0x1,
    0xbf, 0xff, 0xfc, 0x20, 0x0, 0x0, 0x1e, 0xff,
    0xff, 0xff, 0xe1, 0x0, 0x0, 0x9f, 0xff, 0xff,
    0xff, 0xf8, 0x0, 0x0, 0xef, 0xff, 0xff, 0xff,
    0xfd, 0x0, 0x0, 0xff, 0xff, 0xff, 0xff, 0xff,
    0x0, 0x1, 0xff, 0xff, 0xff, 0xff, 0xff, 0x0,
    0x3, 0xff, 0xff, 0xff, 0xff, 0xff, 0x30, 0x8,
    0xff, 0xff, 0xff, 0xff, 0xff, 0x80, 0x1e, 0xff,
    0xff, 0xff, 0xff, 0xff, 0xe1, 0xcf, 0xff, 0xff,
    0xff, 0xff, 0xff, 0xfc, 0xcf, 0xff, 0xff, 0xff,
    0xff, 0xff, 0xfc, 0x0, 0x0, 0x0, 0x0, 0x0,
    0x0, 0x0, 0x0, 0x0, 0xe, 0xff, 0xe0, 0x0,
    0x0, 0x0, 0x0, 0x4, 0xee, 0x40, 0x0, 0x0,

    /* U+F11C "" */
    0x8f, 0xff, 0xff, 0xff, 0xff, 0xff, 0xff, 0xff,
    0xf8, 0xff, 0xff, 0xff, 0xff, 0xff, 0xff, 0xff,
    0xff, 0xff, 0xff, 0x0, 0xf0, 0xf, 0x0, 0xf0,
    0xf, 0x0, 0xff, 0xff, 0x0, 0xf0, 0xf, 0x0,
    0xf0, 0xf, 0x0, 0xff, 0xff, 0xff, 0xff, 0xff,
    0xff, 0xff, 0xff, 0xff, 0xff, 0xff, 0xf8, 0x8,
    0x80, 0x88, 0x8, 0x80, 0x8f, 0xff, 0xff, 0xf8,
    0x8, 0x80, 0x88, 0x8, 0x80, 0x8f, 0xff, 0xff,
    0xff, 0xff, 0xff, 0xff, 0xff, 0xff, 0xff, 0xff,
    0xff, 0x0, 0xf0, 0x0, 0x0, 0x0, 0xf, 0x0,
    0xff, 0xff, 0x0, 0xf0, 0x0, 0x0, 0x0, 0xf,
    0x0, 0xff, 0xff, 0xff, 0xff, 0xff, 0xff, 0xff,
    0xff, 0xff, 0xff, 0x8f, 0xff, 0xff, 0xff, 0xff,
    0xff, 0xff, 0xff, 0xf8,

    /* U+F124 "" */
    0x0, 0x0, 0x0, 0x0, 0x0, 0x0, 0x0, 0x0,
    0x0, 0x0, 0x0, 0x0, 0x0, 0x0, 0x0, 0x3,
    0xaf, 0x70, 0x0, 0x0, 0x0, 0x0, 0x0, 0x4,
    0xcf, 0xff, 0xf0, 0x0, 0x0, 0x0, 0x0, 0x6,
    0xdf, 0xff, 0xff, 0xa0, 0x0, 0x0, 0x0, 0x17,
    0xef, 0xff, 0xff, 0xff, 0x30, 0x0, 0x0, 0x18,
    0xff, 0xff, 0xff, 0xff, 0xfc, 0x0, 0x0, 0x2a,
    0xff, 0xff, 0xff, 0xff, 0xff, 0xf4, 0x0, 0x8,
    0xff, 0xff, 0xff, 0xff, 0xff, 0xff, 0xd0, 0x0,
    0xf, 0xff, 0xff, 0xff, 0xff, 0xff, 0xff, 0x60,
    0x0, 0x8, 0xff, 0xff, 0xff, 0xff, 0xff, 0xfe,
    0x0, 0x0, 0x0, 0x0, 0x0, 0x0, 0xff, 0xff,
    0xf7, 0x0, 0x0, 0x0, 0x0, 0x0, 0x0, 0xff,
    0xff, 0xf1, 0x0, 0x0, 0x0, 0x0, 0x0, 0x0,
    0xff, 0xff, 0x80, 0x0, 0x0, 0x0, 0x0, 0x0,
    0x0, 0xff, 0xff, 0x10, 0x0, 0x0, 0x0, 0x0,
    0x0, 0x0, 0xff, 0xfa, 0x0, 0x0, 0x0, 0x0,
    0x0, 0x0, 0x0, 0xff, 0xf2, 0x0, 0x0, 0x0,
    0x0, 0x0, 0x0, 0x0, 0x8f, 0x80, 0x0, 0x0,
    0x0, 0x0, 0x0, 0x0, 0x0, 0x0, 0x0, 0x0,
    0x0, 0x0,

    /* U+F15B "" */
    0xdf, 0xff, 0xff, 0xf0, 0xd2, 0x0, 0xff, 0xff,
    0xff, 0xf0, 0xfe, 0x20, 0xff, 0xff, 0xff, 0xf0,
    0xff, 0xe2, 0xff, 0xff, 0xff, 0xf0, 0xff, 0xfd,
    0xff, 0xff, 0xff, 0xf2, 0x0, 0x0, 0xff, 0xff,
    0xff, 0xff, 0xff, 0xff, 0xff, 0xff, 0xff, 0xff,
    0xff, 0xff, 0xff, 0xff, 0xff, 0xff, 0xff, 0xff,
    0xff, 0xff, 0xff, 0xff, 0xff, 0xff, 0xff, 0xff,
    0xff, 0xff, 0xff, 0xff, 0xff, 0xff, 0xff, 0xff,
    0xff, 0xff, 0xff, 0xff, 0xff, 0xff, 0xff, 0xff,
    0xff, 0xff, 0xff, 0xff, 0xff, 0xff, 0xff, 0xff,
    0xff, 0xff, 0xff, 0xff, 0xff, 0xff, 0xff, 0xff,
    0xff, 0xff, 0xdf, 0xff, 0xff, 0xff, 0xff, 0xfd,

    /* U+F1EB "" */
    0x0, 0x0, 0x0, 0x0, 0x0, 0x0, 0x0, 0x0,
    0x0, 0x0, 0x0, 0x0, 0x4, 0x9c, 0xef, 0xfe,
    0xc9, 0x40, 0x0, 0x0, 0x0, 0x7, 0xef, 0xff,
    0xff, 0xff, 0xff, 0xfe, 0x70, 0x0, 0x4, 0xdf,
    0xff, 0xfc, 0xa8, 0x8a, 0xcf, 0xff, 0xfd, 0x40,
    0x6f, 0xff, 0xd5, 0x0, 0x0, 0x0, 0x0, 0x5d,
    0xff, 0xf6, 0xcf, 0xf6, 0x0, 0x0, 0x0, 0x0,
    0x0, 0x0, 0x6f, 0xfc, 0x1a, 0x30, 0x0, 0x5a,
    0xdf, 0xfd, 0xa5, 0x0, 0x3, 0xa1, 0x0, 0x0,
    0x4d, 0xff, 0xff, 0xff, 0xff, 0xd4, 0x0, 0x0,
    0x0, 0x5, 0xff, 0xfe, 0xa8, 0x8a, 0xef, 0xff,
    0x50, 0x0, 0x0, 0x1, 0xdf, 0x70, 0x0, 0x0,
    0x7, 0xfd, 0x10, 0x0, 0x0, 0x0, 0x12, 0x0,
    0x0, 0x0, 0x0, 0x21, 0x0, 0x0, 0x0, 0x0,
    0x0, 0x0, 0x4e, 0xe4, 0x0, 0x0, 0x0, 0x0,
    0x0, 0x0, 0x0, 0x0, 0xef, 0xfe, 0x0, 0x0,
    0x0, 0x0, 0x0, 0x0, 0x0, 0x0, 0xef, 0xfe,
    0x0, 0x0, 0x0, 0x0, 0x0, 0x0, 0x0, 0x0,
    0x4e, 0xe4, 0x0, 0x0, 0x0, 0x0,

    /* U+F240 "" */
    0x8f, 0xff, 0xff, 0xff, 0xff, 0xff, 0xff, 0xff,
    0xff, 0x80, 0xff, 0xff, 0xff, 0xff, 0xff, 0xff,
    0xff, 0xff, 0xff, 0xf0, 0xff, 0x0, 0x0, 0x0,
    0x0, 0x0, 0x0, 0x0, 0xf, 0xfd, 0xff, 0xf,
    0xff, 0xff, 0xff, 0xff, 0xff, 0xff, 0xf, 0xff,
    0xff, 0xf, 0xff, 0xff, 0xff, 0xff, 0xff, 0xff,
    0x0, 0xff, 0xff, 0xf, 0xff, 0xff, 0xff, 0xff,
    0xff, 0xff, 0x0, 0xff, 0xff, 0xf, 0xff, 0xff,
    0xff, 0xff, 0xff, 0xff, 0xf, 0xff, 0xff, 0x0,
    0x0, 0x0, 0x0, 0x0, 0x0, 0x0, 0xf, 0xfd,
    0xff, 0xff, 0xff, 0xff, 0xff, 0xff, 0xff, 0xff,
    0xff, 0xf0, 0x8f, 0xff, 0xff, 0xff, 0xff, 0xff,
    0xff, 0xff, 0xff, 0x80,

    /* U+F241 "" */
    0x8f, 0xff, 0xff, 0xff, 0xff, 0xff, 0xff, 0xff,
    0xff, 0x80, 0xff, 0xff, 0xff, 0xff, 0xff, 0xff,
    0xff, 0xff, 0xff, 0xf0, 0xff, 0x0, 0x0, 0x0,
    0x0, 0x0, 0x0, 0x0, 0xf, 0xfd, 0xff, 0xf,
    0xff, 0xff, 0xff, 0xff, 0xf0, 0x0, 0xf, 0xff,
    0xff, 0xf, 0xff, 0xff, 0xff, 0xff, 0xf0, 0x0,
    0x0, 0xff, 0xff, 0xf, 0xff, 0xff, 0xff, 0xff,
    0xf0, 0x0, 0x0, 0xff, 0xff, 0xf, 0xff, 0xff,
    0xff, 0xff, 0xf0, 0x0, 0xf, 0xff, 0xff, 0x0,
    0x0, 0x0, 0x0, 0x0, 0x0, 0x0, 0xf, 0xfd,
    0xff, 0xff, 0xff, 0xff, 0xff, 0xff, 0xff, 0xff,
    0xff, 0xf0, 0x8f, 0xff, 0xff, 0xff, 0xff, 0xff,
    0xff, 0xff, 0xff, 0x80,

    /* U+F242 "" */
    0x8f, 0xff, 0xff, 0xff, 0xff, 0xff, 0xff, 0xff,
    0xff, 0x80, 0xff, 0xff, 0xff, 0xff, 0xff, 0xff,
    0xff, 0xff, 0xff, 0xf0, 0xff, 0x0, 0x0, 0x0,
    0x0, 0x0, 0x0, 0x0, 0xf, 0xfd, 0xff, 0xf,
    0xff, 0xff, 0xff, 0x0, 0x0, 0x0, 0xf, 0xff,
    0xff, 0xf, 0xff, 0xff, 0xff, 0x0, 0x0, 0x0,
    0x0, 0xff, 0xff, 0xf, 0xff, 0xff, 0xff, 0x0,
    0x0, 0x0, 0x0, 0xff, 0xff, 0xf, 0xff, 0xff,
    0xff, 0x0, 0x0, 0x0, 0xf, 0xff, 0xff, 0x0,
    0x0, 0x0, 0x0, 0x0, 0x0, 0x0, 0xf, 0xfd,
    0xff, 0xff, 0xff, 0xff, 0xff, 0xff, 0xff, 0xff,
    0xff, 0xf0, 0x8f, 0xff, 0xff, 0xff, 0xff, 0xff,
    0xff, 0xff, 0xff, 0x80,

    /* U+F243 "" */
    0x8f, 0xff, 0xff, 0xff, 0xff, 0xff, 0xff, 0xff,
    0xff, 0x80, 0xff, 0xff, 0xff, 0xff, 0xff, 0xff,
    0xff, 0xff, 0xff, 0xf0, 0xff, 0x0, 0x0, 0x0,
    0x0, 0x0, 0x0, 0x0, 0xf, 0xfd, 0xff, 0xf,
    0xff, 0xf0, 0x0, 0x0, 0x0, 0x0, 0xf, 0xff,
    0xff, 0xf, 0xff, 0xf0, 0x0, 0x0, 0x0, 0x0,
    0x0, 0xff, 0xff, 0xf, 0xff, 0xf0, 0x0, 0x0,
    0x0, 0x0, 0x0, 0xff, 0xff, 0xf, 0xff, 0xf0,
    0x0, 0x0, 0x0, 0x0, 0xf, 0xff, 0xff, 0x0,
    0x0, 0x0, 0x0, 0x0, 0x0, 0x0, 0xf, 0xfd,
    0xff, 0xff, 0xff, 0xff, 0xff, 0xff, 0xff, 0xff,
    0xff, 0xf0, 0x8f, 0xff, 0xff, 0xff, 0xff, 0xff,
    0xff, 0xff, 0xff, 0x80,

    /* U+F244 "" */
    0x8f, 0xff, 0xff, 0xff, 0xff, 0xff, 0xff, 0xff,
    0xff, 0x80, 0xff, 0xff, 0xff, 0xff, 0xff, 0xff,
    0xff, 0xff, 0xff, 0xf0, 0xff, 0x0, 0x0, 0x0,
    0x0, 0x0, 0x0, 0x0, 0xf, 0xfd, 0xff, 0x0,
    0x0, 0x0, 0x0, 0x0, 0x0, 0x0, 0xf, 0xff,
    0xff, 0x0, 0x0, 0x0, 0x0, 0x0, 0x0, 0x0,
    0x0, 0xff, 0xff, 0x0, 0x0, 0x0, 0x0, 0x0,
    0x0, 0x0, 0x0, 0xff, 0xff, 0x0, 0x0, 0x0,
    0x0, 0x0, 0x0, 0x0, 0xf, 0xff, 0xff, 0x0,
    0x0, 0x0, 0x0, 0x0, 0x0, 0x0, 0xf, 0xfd,
    0xff, 0xff, 0xff, 0xff, 0xff, 0xff, 0xff, 0xff,
    0xff, 0xf0, 0x8f, 0xff, 0xff, 0xff, 0xff, 0xff,
    0xff, 0xff, 0xff, 0x80,

    /* U+F287 "" */
    0x0, 0x0, 0x0, 0x0, 0x0, 0x1, 0x0, 0x0,
    0x0, 0x0, 0x0, 0x0, 0x0, 0x0, 0x0, 0x7,
    0xfd, 0x10, 0x0, 0x0, 0x0, 0x0, 0x0, 0x0,
    0x1, 0xcf, 0xff, 0xf5, 0x0, 0x0, 0x0, 0x0,
    0x0, 0x0, 0x0, 0xb9, 0x29, 0xfe, 0x10, 0x0,
    0x0, 0x0, 0x0, 0x0, 0x0, 0x3f, 0x10, 0x2,
    0x0, 0x0, 0x0, 0x0, 0x3, 0xdf, 0x80, 0xa,
    0x90, 0x0, 0x0, 0x0, 0x3, 0x70, 0x0, 0xdf,
    0xff, 0x77, 0xf7, 0x55, 0x55, 0x55, 0x55, 0x8f,
    0xd3, 0xf, 0xff, 0xfd, 0xcc, 0xdf, 0xdc, 0xcc,
    0xcc, 0xcd, 0xff, 0xb0, 0x8f, 0xfe, 0x10, 0x0,
    0xaa, 0x0, 0x0, 0x0, 0x4d, 0x40, 0x0, 0x46,
    0x10, 0x0, 0x1, 0xf2, 0x2, 0x33, 0x10, 0x0,
    0x0, 0x0, 0x0, 0x0, 0x0, 0x9, 0xb1, 0xcf,
    0xf9, 0x0, 0x0, 0x0, 0x0, 0x0, 0x0, 0x0,
    0xa, 0xff, 0xff, 0x90, 0x0, 0x0, 0x0, 0x0,
    0x0, 0x0, 0x0, 0x0, 0xbf, 0xf9, 0x0, 0x0,
    0x0, 0x0, 0x0, 0x0, 0x0, 0x0, 0x1, 0x22,
    0x0, 0x0, 0x0,

    /* U+F293 "" */
    0x0, 0x18, 0xdf, 0xfd, 0x92, 0x0, 0x2, 0xef,
    0xfb, 0xef, 0xff, 0x30, 0xd, 0xff, 0xfa, 0x2e,
    0xff, 0xe0, 0x4f, 0xff, 0xfa, 0x3, 0xff, 0xf5,
    0x9f, 0xfa, 0xfa, 0x35, 0x4f, 0xfa, 0xcf, 0xc0,
    0x8a, 0x3d, 0xb, 0xfd, 0xef, 0xfb, 0x3, 0x12,
    0x8f, 0xfe, 0xff, 0xff, 0xb0, 0x6, 0xff, 0xff,
    0xff, 0xff, 0xd1, 0x8, 0xff, 0xff, 0xef, 0xfd,
    0x11, 0x10, 0x9f, 0xff, 0xdf, 0xd1, 0x59, 0x3b,
    0xb, 0xfd, 0xaf, 0xd7, 0xfa, 0x38, 0x1d, 0xfb,
    0x5f, 0xff, 0xfa, 0x1, 0xdf, 0xf7, 0xd, 0xff,
    0xfa, 0x1d, 0xff, 0xf1, 0x3, 0xef, 0xfc, 0xdf,
    0xff, 0x50, 0x0, 0x18, 0xdf, 0xfe, 0xa3, 0x0,

    /* U+F2ED "" */
    0x0, 0x0, 0x7f, 0xff, 0xf7, 0x0, 0x0, 0xef,
    0xff, 0xff, 0xff, 0xff, 0xff, 0xfe, 0xef, 0xff,
    0xff, 0xff, 0xff, 0xff, 0xfe, 0x0, 0x0, 0x0,
    0x0, 0x0, 0x0, 0x0, 0xf, 0xff, 0xff, 0xff,
    0xff, 0xff, 0xf0, 0xf, 0xff, 0xff, 0xff, 0xff,
    0xff, 0xf0, 0xf, 0xf9, 0x9f, 0x99, 0xf9, 0x9f,
    0xf0, 0xf, 0xf8, 0x8f, 0x88, 0xf8, 0x8f, 0xf0,
    0xf, 0xf8, 0x8f, 0x88, 0xf8, 0x8f, 0xf0, 0xf,
    0xf8, 0x8f, 0x88, 0xf8, 0x8f, 0xf0, 0xf, 0xf8,
    0x8f, 0x88, 0xf8, 0x8f, 0xf0, 0xf, 0xf8, 0x8f,
    0x88, 0xf8, 0x8f, 0xf0, 0xf, 0xf8, 0x8f, 0x88,
    0xf8, 0x8f, 0xf0, 0xf, 0xf9, 0x9f, 0x99, 0xf9,
    0x9f, 0xf0, 0xf, 0xff, 0xff, 0xff, 0xff, 0xff,
    0xf0, 0x8, 0xff, 0xff, 0xff, 0xff, 0xff, 0x80,

    /* U+F304 "" */
    0x0, 0x0, 0x0, 0x0, 0x0, 0x0, 0x7f, 0xa0,
    0x0, 0x0, 0x0, 0x0, 0x0, 0x0, 0x8f, 0xff,
    0xb0, 0x0, 0x0, 0x0, 0x0, 0x0, 0xd, 0xff,
    0xff, 0xa0, 0x0, 0x0, 0x0, 0x0, 0x8a, 0x1d,
    0xff, 0xff, 0x0, 0x0, 0x0, 0x0, 0x8f, 0xfa,
    0x1d, 0xff, 0x70, 0x0, 0x0, 0x0, 0x8f, 0xff,
    0xfa, 0x1d, 0x80, 0x0, 0x0, 0x0, 0x8f, 0xff,
    0xff, 0xfa, 0x0, 0x0, 0x0, 0x0, 0x8f, 0xff,
    0xff, 0xff, 0x80, 0x0, 0x0, 0x0, 0x8f, 0xff,
    0xff, 0xff, 0x80, 0x0, 0x0, 0x0, 0x8f, 0xff,
    0xff, 0xff, 0x80, 0x0, 0x0, 0x0, 0x8f, 0xff,
    0xff, 0xff, 0x80, 0x0, 0x0, 0x0, 0x6f, 0xff,
    0xff, 0xff, 0x80, 0x0, 0x0, 0x0, 0xb, 0xff,
    0xff, 0xff, 0x80, 0x0, 0x0, 0x0, 0x0, 0xdf,
    0xff, 0xff, 0x80, 0x0, 0x0, 0x0, 0x0, 0xe,
    0xff, 0xff, 0x80, 0x0, 0x0, 0x0, 0x0, 0x0,
    0xde, 0xdb, 0x60, 0x0, 0x0, 0x0, 0x0, 0x0,
    0x0, 0x0, 0x0, 0x0, 0x0, 0x0, 0x0, 0x0,
    0x0,

    /* U+F55A "" */
    0x0, 0x0, 0x1b, 0xff, 0xff, 0xff, 0xff, 0xff,
    0xff, 0xe4, 0x0, 0x1, 0xdf, 0xff, 0xff, 0xff,
    0xff, 0xff, 0xff, 0xfe, 0x0, 0x1d, 0xff, 0xff,
    0xfa, 0xef, 0xfe, 0xaf, 0xff, 0xff, 0x1, 0xdf,
    0xff, 0xff, 0xa0, 0x2e, 0xe2, 0xa, 0xff, 0xff,
    0x1d, 0xff, 0xff, 0xff, 0xe2, 0x2, 0x20, 0x2e,
    0xff, 0xff, 0xcf, 0xff, 0xff, 0xff, 0xfe, 0x20,
    0x2, 0xef, 0xff, 0xff, 0xcf, 0xff, 0xff, 0xff,
    0xfe, 0x20, 0x2, 0xef, 0xff, 0xff, 0x1d, 0xff,
    0xff, 0xff, 0xe2, 0x2, 0x20, 0x2e, 0xff, 0xff,
    0x1, 0xdf, 0xff, 0xff, 0xa0, 0x2e, 0xe2, 0xa,
    0xff, 0xff, 0x0, 0x1d, 0xff, 0xff, 0xfa, 0xef,
    0xfe, 0xaf, 0xff, 0xff, 0x0, 0x1, 0xdf, 0xff,
    0xff, 0xff, 0xff, 0xff, 0xff, 0xfe, 0x0, 0x0,
    0x1b, 0xff, 0xff, 0xff, 0xff, 0xff, 0xff, 0xe4,

    /* U+F7C2 "" */
    0x0, 0x8, 0xff, 0xff, 0xff, 0xe4, 0x0, 0x8f,
    0xff, 0xff, 0xff, 0xfe, 0x8, 0xf8, 0xf, 0xb,
    0x40, 0xff, 0x8f, 0xf8, 0xf, 0xb, 0x40, 0xff,
    0xff, 0xf8, 0xf, 0xb, 0x40, 0xff, 0xff, 0xff,
    0xff, 0xff, 0xff, 0xff, 0xff, 0xff, 0xff, 0xff,
    0xff, 0xff, 0xff, 0xff, 0xff, 0xff, 0xff, 0xff,
    0xff, 0xff, 0xff, 0xff, 0xff, 0xff, 0xff, 0xff,
    0xff, 0xff, 0xff, 0xff, 0xff, 0xff, 0xff, 0xff,
    0xff, 0xff, 0xff, 0xff, 0xff, 0xff, 0xff, 0xff,
    0xff, 0xff, 0xff, 0xff, 0xff, 0xff, 0xff, 0xff,
    0xff, 0xff, 0xff, 0xff, 0xef, 0xff, 0xff, 0xff,
    0xff, 0xfe, 0x4e, 0xff, 0xff, 0xff, 0xff, 0xe4,

    /* U+F8A2 "" */
    0x0, 0x0, 0x0, 0x0, 0x0, 0x0, 0x0, 0x1,
    0x0, 0x0, 0x0, 0x0, 0x0, 0x0, 0x0, 0x3,
    0xe0, 0x0, 0x0, 0x10, 0x0, 0x0, 0x0, 0x2,
    0xef, 0x10, 0x0, 0xbf, 0x0, 0x0, 0x0, 0x0,
    0x7f, 0xf1, 0x0, 0xcf, 0xf1, 0x0, 0x0, 0x0,
    0x7, 0xff, 0x11, 0xcf, 0xff, 0x77, 0x77, 0x77,
    0x77, 0xbf, 0xf1, 0xcf, 0xff, 0xff, 0xff, 0xff,
    0xff, 0xff, 0xff, 0x17, 0xff, 0xff, 0xff, 0xff,
    0xff, 0xff, 0xff, 0xe0, 0x7, 0xff, 0xf1, 0x0,
    0x0, 0x0, 0x0, 0x0, 0x0, 0x6, 0xff, 0x10,
    0x0, 0x0, 0x0, 0x0, 0x0, 0x0, 0x5, 0xa0,
    0x0, 0x0, 0x0, 0x0, 0x0, 0x0
};


/*---------------------
 *  GLYPH DESCRIPTION
 *--------------------*/

static const lv_font_fmt_txt_glyph_dsc_t glyph_dsc[] = {
    {.bitmap_index = 0, .adv_w = 0, .box_w = 0, .box_h = 0, .ofs_x = 0, .ofs_y = 0} /* id = 0 reserved */,
    {.bitmap_index = 0, .adv_w = 51, .box_w = 0, .box_h = 0, .ofs_x = 0, .ofs_y = 0},
    {.bitmap_index = 0, .adv_w = 88, .box_w = 3, .box_h = 12, .ofs_x = 1, .ofs_y = 0},
    {.bitmap_index = 18, .adv_w = 113, .box_w = 6, .box_h = 3, .ofs_x = 0, .ofs_y = 9},
    {.bitmap_index = 27, .adv_w = 237, .box_w = 14, .box_h = 12, .ofs_x = 0, .ofs_y = 0},
    {.bitmap_index = 111, .adv_w = 157, .box_w = 10, .box_h = 16, .ofs_x = 0, .ofs_y = -2},
    {.bitmap_index = 191, .adv_w = 231, .box_w = 14, .box_h = 12, .ofs_x = 0, .ofs_y = 0},
    {.bitmap_index = 275, .adv_w = 170, .box_w = 11, .box_h = 12, .ofs_x = 0, .ofs_y = 0},
    {.bitmap_index = 341, .adv_w = 63, .box_w = 3, .box_h = 3, .ofs_x = 0, .ofs_y = 9},
    {.bitmap_index = 346, .adv_w = 114, .box_w = 5, .box_h = 18, .ofs_x = 2, .ofs_y = -4},
    {.bitmap_index = 391, .adv_w = 114, .box_w = 5, .box_h = 18, .ofs_x = 0, .ofs_y = -4},
    {.bitmap_index = 436, .adv_w = 117, .box_w = 7, .box_h = 6, .ofs_x = 0, .ofs_y = 6},
    {.bitmap_index = 457, .adv_w = 147, .box_w = 9, .box_h = 8, .ofs_x = 0, .ofs_y = 2},
    {.bitmap_index = 493, .adv_w = 74, .box_w = 3, .box_h = 4, .ofs_x = 0, .ofs_y = -2},
    {.bitmap_index = 499, .adv_w = 108, .box_w = 6, .box_h = 3, .ofs_x = 0, .ofs_y = 4},
    {.bitmap_index = 508, .adv_w = 73, .box_w = 3, .box_h = 2, .ofs_x = 1, .ofs_y = 0},
    {.bitmap_index = 511, .adv_w = 107, .box_w = 6, .box_h = 12, .ofs_x = 0, .ofs_y = 0},
    {.bitmap_index = 547, .adv_w = 164, .box_w = 9, .box_h = 12, .ofs_x = 1, .ofs_y = 0},
    {.bitmap_index = 601, .adv_w = 108, .box_w = 5, .box_h = 12, .ofs_x = 0, .ofs_y = 0},
    {.bitmap_index = 631, .adv_w = 150, .box_w = 9, .box_h = 12, .ofs_x = 0, .ofs_y = 0},
    {.bitmap_index = 685, .adv_w = 146, .box_w = 9, .box_h = 12, .ofs_x = 0, .ofs_y = 0},
    {.bitmap_index = 739, .adv_w = 154, .box_w = 9, .box_h = 12, .ofs_x = 0, .ofs_y = 0},
    {.bitmap_index = 793, .adv_w = 149, .box_w = 9, .box_h = 12, .ofs_x = 0, .ofs_y = 0},
    {.bitmap_index = 847, .adv_w = 159, .box_w = 9, .box_h = 12, .ofs_x = 1, .ofs_y = 0},
    {.bitmap_index = 901, .adv_w = 134, .box_w = 8, .box_h = 12, .ofs_x = 0, .ofs_y = 0},
    {.bitmap_index = 949, .adv_w = 154, .box_w = 9, .box_h = 12, .ofs_x = 0, .ofs_y = 0},
    {.bitmap_index = 1003, .adv_w = 159, .box_w = 9, .box_h = 12, .ofs_x = 0, .ofs_y = 0},
    {.bitmap_index = 1057, .adv_w = 84, .box_w = 3, .box_h = 7, .ofs_x = 1, .ofs_y = 1},
    {.bitmap_index = 1068, .adv_w = 85, .box_w = 3, .box_h = 11, .ofs_x = 1, .ofs_y = -2},
    {.bitmap_index = 1085, .adv_w = 161, .box_w = 6, .box_h = 8, .ofs_x = 2, .ofs_y = 1},
    {.bitmap_index = 1109, .adv_w = 192, .box_w = 10, .box_h = 6, .ofs_x = 1, .ofs_y = 3},
    {.bitmap_index = 1139, .adv_w = 161, .box_w = 6, .box_h = 8, .ofs_x = 2, .ofs_y = 1},
    {.bitmap_index = 1163, .adv_w = 139, .box_w = 8, .box_h = 12, .ofs_x = 0, .ofs_y = 0},
    {.bitmap_index = 1211, .adv_w = 233, .box_w = 13, .box_h = 14, .ofs_x = 1, .ofs_y = -2},
    {.bitmap_index = 1302, .adv_w = 169, .box_w = 11, .box_h = 12, .ofs_x = 0, .ofs_y = 0},
    {.bitmap_index = 1368, .adv_w = 160, .box_w = 9, .box_h = 12, .ofs_x = 1, .ofs_y = 0},
    {.bitmap_index = 1422, .adv_w = 187, .box_w = 12, .box_h = 12, .ofs_x = 0, .ofs_y = 0},
    {.bitmap_index = 1494, .adv_w = 177, .box_w = 10, .box_h = 12, .ofs_x = 1, .ofs_y = 0},
    {.bitmap_index = 1554, .adv_w = 148, .box_w = 8, .box_h = 12, .ofs_x = 1, .ofs_y = 0},
    {.bitmap_index = 1602, .adv_w = 132, .box_w = 7, .box_h = 12, .ofs_x = 1, .ofs_y = 0},
    {.bitmap_index = 1644, .adv_w = 185, .box_w = 12, .box_h = 12, .ofs_x = 0, .ofs_y = 0},
    {.bitmap_index = 1716, .adv_w = 182, .box_w = 10, .box_h = 12, .ofs_x = 1, .ofs_y = 0},
    {.bitmap_index = 1776, .adv_w = 68, .box_w = 2, .box_h = 12, .ofs_x = 1, .ofs_y = 0},
    {.bitmap_index = 1788, .adv_w = 125, .box_w = 7, .box_h = 12, .ofs_x = 0, .ofs_y = 0},
    {.bitmap_index = 1830, .adv_w = 161, .box_w = 10, .box_h = 12, .ofs_x = 1, .ofs_y = 0},
    {.bitmap_index = 1890, .adv_w = 135, .box_w = 8, .box_h = 12, .ofs_x = 1, .ofs_y = 0},
    {.bitmap_index = 1938, .adv_w = 218, .box_w = 12, .box_h = 12, .ofs_x = 1, .ofs_y = 0},
    {.bitmap_index = 2010, .adv_w = 181, .box_w = 10, .box_h = 12, .ofs_x = 1, .ofs_y = 0},
    {.bitmap_index = 2070, .adv_w = 190, .box_w = 12, .box_h = 12, .ofs_x = 0, .ofs_y = 0},
    {.bitmap_index = 2142, .adv_w = 161, .box_w = 9, .box_h = 12, .ofs_x = 1, .ofs_y = 0},
    {.bitmap_index = 2196, .adv_w = 190, .box_w = 12, .box_h = 12, .ofs_x = 0, .ofs_y = 0},
    {.bitmap_index = 2268, .adv_w = 167, .box_w = 9, .box_h = 12, .ofs_x = 1, .ofs_y = 0},
    {.bitmap_index = 2322, .adv_w = 165, .box_w = 10, .box_h = 12, .ofs_x = 0, .ofs_y = 0},
    {.bitmap_index = 2382, .adv_w = 154, .box_w = 10, .box_h = 12, .ofs_x = 0, .ofs_y = 0},
    {.bitmap_index = 2442, .adv_w = 183, .box_w = 10, .box_h = 12, .ofs_x = 1, .ofs_y = 0},
    {.bitmap_index = 2502, .adv_w = 161, .box_w = 10, .box_h = 12, .ofs_x = 0, .ofs_y = 0},
    {.bitmap_index = 2562, .adv_w = 246, .box_w = 16, .box_h = 12, .ofs_x = 0, .ofs_y = 0},
    {.bitmap_index = 2658, .adv_w = 164, .box_w = 11, .box_h = 12, .ofs_x = 0, .ofs_y = 0},
    {.bitmap_index = 2724, .adv_w = 152, .box_w = 10, .box_h = 12, .ofs_x = 0, .ofs_y = 0},
    {.bitmap_index = 2784, .adv_w = 166, .box_w = 10, .box_h = 12, .ofs_x = 0, .ofs_y = 0},
    {.bitmap_index = 2844, .adv_w = 107, .box_w = 4, .box_h = 18, .ofs_x = 2, .ofs_y = -3},
    {.bitmap_index = 2880, .adv_w = 107, .box_w = 6, .box_h = 12, .ofs_x = 0, .ofs_y = 0},
    {.bitmap_index = 2916, .adv_w = 107, .box_w = 4, .box_h = 18, .ofs_x = 1, .ofs_y = -3},
    {.bitmap_index = 2952, .adv_w = 173, .box_w = 9, .box_h = 5, .ofs_x = 1, .ofs_y = 7},
    {.bitmap_index = 2975, .adv_w = 169, .box_w = 11, .box_h = 3, .ofs_x = 0, .ofs_y = -3},
    {.bitmap_index = 2992, .adv_w = 134, .box_w = 4, .box_h = 3, .ofs_x = 2, .ofs_y = 13},
    {.bitmap_index = 2998, .adv_w = 146, .box_w = 9, .box_h = 9, .ofs_x = 0, .ofs_y = 0},
    {.bitmap_index = 3039, .adv_w = 156, .box_w = 9, .box_h = 12, .ofs_x = 1, .ofs_y = 0},
    {.bitmap_index = 3093, .adv_w = 146, .box_w = 9, .box_h = 9, .ofs_x = 0, .ofs_y = 0},
    {.bitmap_index = 3134, .adv_w = 156, .box_w = 9, .box_h = 12, .ofs_x = 0, .ofs_y = 0},
    {.bitmap_index = 3188, .adv_w = 153, .box_w = 9, .box_h = 9, .ofs_x = 0, .ofs_y = 0},
    {.bitmap_index = 3229, .adv_w = 95, .box_w = 6, .box_h = 12, .ofs_x = 0, .ofs_y = 0},
    {.bitmap_index = 3265, .adv_w = 156, .box_w = 9, .box_h = 13, .ofs_x = 0, .ofs_y = -4},
    {.bitmap_index = 3324, .adv_w = 157, .box_w = 8, .box_h = 12, .ofs_x = 1, .ofs_y = 0},
    {.bitmap_index = 3372, .adv_w = 68, .box_w = 2, .box_h = 12, .ofs_x = 1, .ofs_y = 0},
    {.bitmap_index = 3384, .adv_w = 71, .box_w = 5, .box_h = 16, .ofs_x = -1, .ofs_y = -4},
    {.bitmap_index = 3424, .adv_w = 134, .box_w = 8, .box_h = 12, .ofs_x = 1, .ofs_y = 0},
    {.bitmap_index = 3472, .adv_w = 68, .box_w = 2, .box_h = 12, .ofs_x = 1, .ofs_y = 0},
    {.bitmap_index = 3484, .adv_w = 226, .box_w = 13, .box_h = 9, .ofs_x = 1, .ofs_y = 0},
    {.bitmap_index = 3543, .adv_w = 157, .box_w = 8, .box_h = 9, .ofs_x = 1, .ofs_y = 0},
    {.bitmap_index = 3579, .adv_w = 156, .box_w = 10, .box_h = 9, .ofs_x = 0, .ofs_y = 0},
    {.bitmap_index = 3624, .adv_w = 156, .box_w = 9, .box_h = 13, .ofs_x = 1, .ofs_y = -4},
    {.bitmap_index = 3683, .adv_w = 156, .box_w = 9, .box_h = 13, .ofs_x = 0, .ofs_y = -4},
    {.bitmap_index = 3742, .adv_w = 99, .box_w = 5, .box_h = 9, .ofs_x = 1, .ofs_y = 0},
    {.bitmap_index = 3765, .adv_w = 137, .box_w = 8, .box_h = 9, .ofs_x = 0, .ofs_y = 0},
    {.bitmap_index = 3801, .adv_w = 108, .box_w = 7, .box_h = 12, .ofs_x = 0, .ofs_y = 0},
    {.bitmap_index = 3843, .adv_w = 157, .box_w = 9, .box_h = 9, .ofs_x = 0, .ofs_y = 0},
    {.bitmap_index = 3884, .adv_w = 138, .box_w = 9, .box_h = 9, .ofs_x = 0, .ofs_y = 0},
    {.bitmap_index = 3925, .adv_w = 202, .box_w = 13, .box_h = 9, .ofs_x = 0, .ofs_y = 0},
    {.bitmap_index = 3984, .adv_w = 140, .box_w = 9, .box_h = 9, .ofs_x = 0, .ofs_y = 0},
    {.bitmap_index = 4025, .adv_w = 140, .box_w = 9, .box_h = 13, .ofs_x = 0, .ofs_y = -4},
    {.bitmap_index = 4084, .adv_w = 136, .box_w = 8, .box_h = 9, .ofs_x = 0, .ofs_y = 0},
    {.bitmap_index = 4120, .adv_w = 112, .box_w = 5, .box_h = 18, .ofs_x = 2, .ofs_y = -3},
    {.bitmap_index = 4165, .adv_w = 73, .box_w = 3, .box_h = 12, .ofs_x = 1, .ofs_y = 0},
    {.bitmap_index = 4183, .adv_w = 112, .box_w = 5, .box_h = 18, .ofs_x = 0, .ofs_y = -3},
    {.bitmap_index = 4228, .adv_w = 179, .box_w = 9, .box_h = 4, .ofs_x = 1, .ofs_y = 2},
    {.bitmap_index = 4246, .adv_w = 51, .box_w = 0, .box_h = 0, .ofs_x = 0, .ofs_y = 0},
    {.bitmap_index = 4246, .adv_w = 88, .box_w = 3, .box_h = 12, .ofs_x = 1, .ofs_y = -3},
    {.bitmap_index = 4264, .adv_w = 146, .box_w = 9, .box_h = 13, .ofs_x = 0, .ofs_y = -1},
    {.bitmap_index = 4323, .adv_w = 146, .box_w = 9, .box_h = 12, .ofs_x = 0, .ofs_y = 0},
    {.bitmap_index = 4377, .adv_w = 169, .box_w = 11, .box_h = 10, .ofs_x = 0, .ofs_y = 1},
    {.bitmap_index = 4432, .adv_w = 152, .box_w = 10, .box_h = 12, .ofs_x = 0, .ofs_y = 0},
    {.bitmap_index = 4492, .adv_w = 73, .box_w = 3, .box_h = 15, .ofs_x = 1, .ofs_y = -3},
    {.bitmap_index = 4515, .adv_w = 137, .box_w = 8, .box_h = 15, .ofs_x = 0, .ofs_y = -3},
    {.bitmap_index = 4575, .adv_w = 139, .box_w = 6, .box_h = 2, .ofs_x = 1, .ofs_y = 13},
    {.bitmap_index = 4581, .adv_w = 220, .box_w = 14, .box_h = 13, .ofs_x = 0, .ofs_y = -1},
    {.bitmap_index = 4672, .adv_w = 81, .box_w = 5, .box_h = 5, .ofs_x = 0, .ofs_y = 4},
    {.bitmap_index = 4685, .adv_w = 146, .box_w = 8, .box_h = 8, .ofs_x = 1, .ofs_y = 0},
    {.bitmap_index = 4717, .adv_w = 154, .box_w = 9, .box_h = 5, .ofs_x = 0, .ofs_y = 2},
    {.bitmap_index = 4740, .adv_w = 108, .box_w = 6, .box_h = 3, .ofs_x = 0, .ofs_y = 4},
    {.bitmap_index = 4749, .adv_w = 165, .box_w = 9, .box_h = 9, .ofs_x = 1, .ofs_y = 4},
    {.bitmap_index = 4790, .adv_w = 128, .box_w = 6, .box_h = 3, .ofs_x = 1, .ofs_y = 13},
    {.bitmap_index = 4799, .adv_w = 115, .box_w = 7, .box_h = 7, .ofs_x = 0, .ofs_y = 5},
    {.bitmap_index = 4824, .adv_w = 154, .box_w = 9, .box_h = 8, .ofs_x = 0, .ofs_y = 1},
    {.bitmap_index = 4860, .adv_w = 104, .box_w = 6, .box_h = 8, .ofs_x = 0, .ofs_y = 4},
    {.bitmap_index = 4884, .adv_w = 102, .box_w = 6, .box_h = 8, .ofs_x = 0, .ofs_y = 4},
    {.bitmap_index = 4908, .adv_w = 134, .box_w = 3, .box_h = 3, .ofs_x = 3, .ofs_y = 13},
    {.bitmap_index = 4913, .adv_w = 160, .box_w = 8, .box_h = 13, .ofs_x = 1, .ofs_y = -4},
    {.bitmap_index = 4965, .adv_w = 176, .box_w = 11, .box_h = 14, .ofs_x = 0, .ofs_y = -2},
    {.bitmap_index = 5042, .adv_w = 65, .box_w = 4, .box_h = 3, .ofs_x = 0, .ofs_y = 4},
    {.bitmap_index = 5048, .adv_w = 104, .box_w = 4, .box_h = 5, .ofs_x = 1, .ofs_y = -5},
    {.bitmap_index = 5058, .adv_w = 86, .box_w = 4, .box_h = 8, .ofs_x = 0, .ofs_y = 4},
    {.bitmap_index = 5074, .adv_w = 89, .box_w = 5, .box_h = 5, .ofs_x = 0, .ofs_y = 4},
    {.bitmap_index = 5087, .adv_w = 146, .box_w = 7, .box_h = 8, .ofs_x = 1, .ofs_y = 0},
    {.bitmap_index = 5115, .adv_w = 260, .box_w = 15, .box_h = 14, .ofs_x = 0, .ofs_y = -1},
    {.bitmap_index = 5220, .adv_w = 253, .box_w = 15, .box_h = 13, .ofs_x = 0, .ofs_y = -1},
    {.bitmap_index = 5318, .adv_w = 259, .box_w = 16, .box_h = 14, .ofs_x = 0, .ofs_y = -1},
    {.bitmap_index = 5430, .adv_w = 139, .box_w = 8, .box_h = 12, .ofs_x = 0, .ofs_y = -3},
    {.bitmap_index = 5478, .adv_w = 169, .box_w = 11, .box_h = 16, .ofs_x = 0, .ofs_y = 0},
    {.bitmap_index = 5566, .adv_w = 169, .box_w = 11, .box_h = 16, .ofs_x = 0, .ofs_y = 0},
    {.bitmap_index = 5654, .adv_w = 169, .box_w = 11, .box_h = 16, .ofs_x = 0, .ofs_y = 0},
    {.bitmap_index = 5742, .adv_w = 169, .box_w = 11, .box_h = 17, .ofs_x = 0, .ofs_y = 0},
    {.bitmap_index = 5836, .adv_w = 169, .box_w = 11, .box_h = 15, .ofs_x = 0, .ofs_y = 0},
    {.bitmap_index = 5919, .adv_w = 169, .box_w = 11, .box_h = 17, .ofs_x = 0, .ofs_y = 0},
    {.bitmap_index = 6013, .adv_w = 238, .box_w = 15, .box_h = 12, .ofs_x = 0, .ofs_y = 0},
    {.bitmap_index = 6103, .adv_w = 187, .box_w = 12, .box_h = 16, .ofs_x = 0, .ofs_y = -4},
    {.bitmap_index = 6199, .adv_w = 148, .box_w = 8, .box_h = 16, .ofs_x = 1, .ofs_y = 0},
    {.bitmap_index = 6263, .adv_w = 148, .box_w = 8, .box_h = 16, .ofs_x = 1, .ofs_y = 0},
    {.bitmap_index = 6327, .adv_w = 148, .box_w = 8, .box_h = 16, .ofs_x = 1, .ofs_y = 0},
    {.bitmap_index = 6391, .adv_w = 148, .box_w = 8, .box_h = 15, .ofs_x = 1, .ofs_y = 0},
    {.bitmap_index = 6451, .adv_w = 68, .box_w = 3, .box_h = 16, .ofs_x = 0, .ofs_y = 0},
    {.bitmap_index = 6475, .adv_w = 68, .box_w = 3, .box_h = 16, .ofs_x = 1, .ofs_y = 0},
    {.bitmap_index = 6499, .adv_w = 68, .box_w = 6, .box_h = 16, .ofs_x = -1, .ofs_y = 0},
    {.bitmap_index = 6547, .adv_w = 68, .box_w = 6, .box_h = 15, .ofs_x = -1, .ofs_y = 0},
    {.bitmap_index = 6592, .adv_w = 177, .box_w = 11, .box_h = 12, .ofs_x = 0, .ofs_y = 0},
    {.bitmap_index = 6658, .adv_w = 181, .box_w = 10, .box_h = 16, .ofs_x = 1, .ofs_y = 0},
    {.bitmap_index = 6738, .adv_w = 190, .box_w = 12, .box_h = 16, .ofs_x = 0, .ofs_y = 0},
    {.bitmap_index = 6834, .adv_w = 190, .box_w = 12, .box_h = 16, .ofs_x = 0, .ofs_y = 0},
    {.bitmap_index = 6930, .adv_w = 190, .box_w = 12, .box_h = 16, .ofs_x = 0, .ofs_y = 0},
    {.bitmap_index = 7026, .adv_w = 190, .box_w = 12, .box_h = 17, .ofs_x = 0, .ofs_y = 0},
    {.bitmap_index = 7128, .adv_w = 190, .box_w = 12, .box_h = 15, .ofs_x = 0, .ofs_y = 0},
    {.bitmap_index = 7218, .adv_w = 128, .box_w = 8, .box_h = 7, .ofs_x = 0, .ofs_y = 2},
    {.bitmap_index = 7246, .adv_w = 190, .box_w = 12, .box_h = 12, .ofs_x = 0, .ofs_y = 0},
    {.bitmap_index = 7318, .adv_w = 183, .box_w = 10, .box_h = 16, .ofs_x = 1, .ofs_y = 0},
    {.bitmap_index = 7398, .adv_w = 183, .box_w = 10, .box_h = 16, .ofs_x = 1, .ofs_y = 0},
    {.bitmap_index = 7478, .adv_w = 183, .box_w = 10, .box_h = 16, .ofs_x = 1, .ofs_y = 0},
    {.bitmap_index = 7558, .adv_w = 183, .box_w = 10, .box_h = 15, .ofs_x = 1, .ofs_y = 0},
    {.bitmap_index = 7633, .adv_w = 152, .box_w = 10, .box_h = 16, .ofs_x = 0, .ofs_y = 0},
    {.bitmap_index = 7713, .adv_w = 158, .box_w = 9, .box_h = 12, .ofs_x = 1, .ofs_y = 0},
    {.bitmap_index = 7767, .adv_w = 159, .box_w = 8, .box_h = 12, .ofs_x = 1, .ofs_y = 0},
    {.bitmap_index = 7815, .adv_w = 146, .box_w = 9, .box_h = 13, .ofs_x = 0, .ofs_y = 0},
    {.bitmap_index = 7874, .adv_w = 146, .box_w = 9, .box_h = 13, .ofs_x = 0, .ofs_y = 0},
    {.bitmap_index = 7933, .adv_w = 146, .box_w = 9, .box_h = 13, .ofs_x = 0, .ofs_y = 0},
    {.bitmap_index = 7992, .adv_w = 146, .box_w = 9, .box_h = 14, .ofs_x = 0, .ofs_y = 0},
    {.bitmap_index = 8055, .adv_w = 146, .box_w = 9, .box_h = 12, .ofs_x = 0, .ofs_y = 0},
    {.bitmap_index = 8109, .adv_w = 146, .box_w = 9, .box_h = 14, .ofs_x = 0, .ofs_y = 0},
    {.bitmap_index = 8172, .adv_w = 240, .box_w = 15, .box_h = 9, .ofs_x = 0, .ofs_y = 0},
    {.bitmap_index = 8240, .adv_w = 146, .box_w = 9, .box_h = 13, .ofs_x = 0, .ofs_y = -4},
    {.bitmap_index = 8299, .adv_w = 153, .box_w = 9, .box_h = 13, .ofs_x = 0, .ofs_y = 0},
    {.bitmap_index = 8358, .adv_w = 153, .box_w = 9, .box_h = 13, .ofs_x = 0, .ofs_y = 0},
    {.bitmap_index = 8417, .adv_w = 153, .box_w = 9, .box_h = 13, .ofs_x = 0, .ofs_y = 0},
    {.bitmap_index = 8476, .adv_w = 153, .box_w = 9, .box_h = 12, .ofs_x = 0, .ofs_y = 0},
    {.bitmap_index = 8530, .adv_w = 68, .box_w = 3, .box_h = 13, .ofs_x = 0, .ofs_y = 0},
    {.bitmap_index = 8550, .adv_w = 68, .box_w = 3, .box_h = 13, .ofs_x = 1, .ofs_y = 0},
    {.bitmap_index = 8570, .adv_w = 68, .box_w = 6, .box_h = 13, .ofs_x = -1, .ofs_y = 0},
    {.bitmap_index = 8609, .adv_w = 68, .box_w = 6, .box_h = 12, .ofs_x = -1, .ofs_y = 0},
    {.bitmap_index = 8645, .adv_w = 151, .box_w = 9, .box_h = 13, .ofs_x = 0, .ofs_y = 0},
    {.bitmap_index = 8704, .adv_w = 157, .box_w = 8, .box_h = 13, .ofs_x = 1, .ofs_y = 0},
    {.bitmap_index = 8756, .adv_w = 156, .box_w = 10, .box_h = 13, .ofs_x = 0, .ofs_y = 0},
    {.bitmap_index = 8821, .adv_w = 156, .box_w = 10, .box_h = 13, .ofs_x = 0, .ofs_y = 0},
    {.bitmap_index = 8886, .adv_w = 156, .box_w = 10, .box_h = 13, .ofs_x = 0, .ofs_y = 0},
    {.bitmap_index = 8951, .adv_w = 156, .box_w = 10, .box_h = 14, .ofs_x = 0, .ofs_y = 0},
    {.bitmap_index = 9021, .adv_w = 156, .box_w = 10, .box_h = 12, .ofs_x = 0, .ofs_y = 0},
    {.bitmap_index = 9081, .adv_w = 138, .box_w = 8, .box_h = 6, .ofs_x = 0, .ofs_y = 3},
    {.bitmap_index = 9105, .adv_w = 156, .box_w = 10, .box_h = 9, .ofs_x = 0, .ofs_y = 0},
    {.bitmap_index = 9150, .adv_w = 157, .box_w = 9, .box_h = 13, .ofs_x = 0, .ofs_y = 0},
    {.bitmap_index = 9209, .adv_w = 157, .box_w = 9, .box_h = 13, .ofs_x = 0, .ofs_y = 0},
    {.bitmap_index = 9268, .adv_w = 157, .box_w = 9, .box_h = 13, .ofs_x = 0, .ofs_y = 0},
    {.bitmap_index = 9327, .adv_w = 157, .box_w = 9, .box_h = 12, .ofs_x = 0, .ofs_y = 0},
    {.bitmap_index = 9381, .adv_w = 140, .box_w = 9, .box_h = 17, .ofs_x = 0, .ofs_y = -4},
    {.bitmap_index = 9458, .adv_w = 156, .box_w = 9, .box_h = 16, .ofs_x = 1, .ofs_y = -4},
    {.bitmap_index = 9530, .adv_w = 140, .box_w = 9, .box_h = 16, .ofs_x = 0, .ofs_y = -4},
    {.bitmap_index = 9602, .adv_w = 148, .box_w = 8, .box_h = 15, .ofs_x = 1, .ofs_y = 0},
    {.bitmap_index = 9662, .adv_w = 169, .box_w = 11, .box_h = 12, .ofs_x = 0, .ofs_y = 0},
    {.bitmap_index = 9728, .adv_w = 161, .box_w = 9, .box_h = 12, .ofs_x = 1, .ofs_y = 0},
    {.bitmap_index = 9782, .adv_w = 160, .box_w = 9, .box_h = 12, .ofs_x = 1, .ofs_y = 0},
    {.bitmap_index = 9836, .adv_w = 138, .box_w = 8, .box_h = 12, .ofs_x = 1, .ofs_y = 0},
    {.bitmap_index = 9884, .adv_w = 191, .box_w = 12, .box_h = 14, .ofs_x = 0, .ofs_y = -2},
    {.bitmap_index = 9968, .adv_w = 148, .box_w = 8, .box_h = 12, .ofs_x = 1, .ofs_y = 0},
    {.bitmap_index = 10016, .adv_w = 232, .box_w = 15, .box_h = 12, .ofs_x = 0, .ofs_y = 0},
    {.bitmap_index = 10106, .adv_w = 162, .box_w = 10, .box_h = 12, .ofs_x = 0, .ofs_y = 0},
    {.bitmap_index = 10166, .adv_w = 181, .box_w = 10, .box_h = 12, .ofs_x = 1, .ofs_y = 0},
    {.bitmap_index = 10226, .adv_w = 181, .box_w = 10, .box_h = 15, .ofs_x = 1, .ofs_y = 0},
    {.bitmap_index = 10301, .adv_w = 161, .box_w = 10, .box_h = 12, .ofs_x = 1, .ofs_y = 0},
    {.bitmap_index = 10361, .adv_w = 183, .box_w = 11, .box_h = 13, .ofs_x = 0, .ofs_y = -1},
    {.bitmap_index = 10433, .adv_w = 218, .box_w = 12, .box_h = 12, .ofs_x = 1, .ofs_y = 0},
    {.bitmap_index = 10505, .adv_w = 182, .box_w = 10, .box_h = 12, .ofs_x = 1, .ofs_y = 0},
    {.bitmap_index = 10565, .adv_w = 190, .box_w = 12, .box_h = 12, .ofs_x = 0, .ofs_y = 0},
    {.bitmap_index = 10637, .adv_w = 182, .box_w = 10, .box_h = 12, .ofs_x = 1, .ofs_y = 0},
    {.bitmap_index = 10697, .adv_w = 161, .box_w = 9, .box_h = 12, .ofs_x = 1, .ofs_y = 0},
    {.bitmap_index = 10751, .adv_w = 187, .box_w = 12, .box_h = 12, .ofs_x = 0, .ofs_y = 0},
    {.bitmap_index = 10823, .adv_w = 154, .box_w = 10, .box_h = 12, .ofs_x = 0, .ofs_y = 0},
    {.bitmap_index = 10883, .adv_w = 162, .box_w = 10, .box_h = 12, .ofs_x = 0, .ofs_y = 0},
    {.bitmap_index = 10943, .adv_w = 187, .box_w = 12, .box_h = 12, .ofs_x = 0, .ofs_y = 0},
    {.bitmap_index = 11015, .adv_w = 164, .box_w = 11, .box_h = 12, .ofs_x = 0, .ofs_y = 0},
    {.bitmap_index = 11081, .adv_w = 189, .box_w = 11, .box_h = 14, .ofs_x = 1, .ofs_y = -2},
    {.bitmap_index = 11158, .adv_w = 171, .box_w = 9, .box_h = 12, .ofs_x = 1, .ofs_y = 0},
    {.bitmap_index = 11212, .adv_w = 239, .box_w = 13, .box_h = 12, .ofs_x = 1, .ofs_y = 0},
    {.bitmap_index = 11290, .adv_w = 244, .box_w = 15, .box_h = 14, .ofs_x = 1, .ofs_y = -2},
    {.bitmap_index = 11395, .adv_w = 165, .box_w = 11, .box_h = 12, .ofs_x = -1, .ofs_y = 0},
    {.bitmap_index = 11461, .adv_w = 216, .box_w = 12, .box_h = 12, .ofs_x = 1, .ofs_y = 0},
    {.bitmap_index = 11533, .adv_w = 163, .box_w = 9, .box_h = 12, .ofs_x = 1, .ofs_y = 0},
    {.bitmap_index = 11587, .adv_w = 183, .box_w = 11, .box_h = 12, .ofs_x = 0, .ofs_y = 0},
    {.bitmap_index = 11653, .adv_w = 240, .box_w = 14, .box_h = 12, .ofs_x = 1, .ofs_y = 0},
    {.bitmap_index = 11737, .adv_w = 167, .box_w = 10, .box_h = 12, .ofs_x = 0, .ofs_y = 0},
    {.bitmap_index = 11797, .adv_w = 146, .box_w = 9, .box_h = 9, .ofs_x = 0, .ofs_y = 0},
    {.bitmap_index = 11838, .adv_w = 152, .box_w = 9, .box_h = 13, .ofs_x = 0, .ofs_y = 0},
    {.bitmap_index = 11897, .adv_w = 141, .box_w = 8, .box_h = 9, .ofs_x = 1, .ofs_y = 0},
    {.bitmap_index = 11933, .adv_w = 122, .box_w = 7, .box_h = 9, .ofs_x = 1, .ofs_y = 0},
    {.bitmap_index = 11965, .adv_w = 159, .box_w = 10, .box_h = 11, .ofs_x = 0, .ofs_y = -2},
    {.bitmap_index = 12020, .adv_w = 153, .box_w = 9, .box_h = 9, .ofs_x = 0, .ofs_y = 0},
    {.bitmap_index = 12061, .adv_w = 190, .box_w = 12, .box_h = 9, .ofs_x = 0, .ofs_y = 0},
    {.bitmap_index = 12115, .adv_w = 132, .box_w = 8, .box_h = 9, .ofs_x = 0, .ofs_y = 0},
    {.bitmap_index = 12151, .adv_w = 152, .box_w = 8, .box_h = 9, .ofs_x = 1, .ofs_y = 0},
    {.bitmap_index = 12187, .adv_w = 152, .box_w = 8, .box_h = 12, .ofs_x = 1, .ofs_y = 0},
    {.bitmap_index = 12235, .adv_w = 134, .box_w = 8, .box_h = 9, .ofs_x = 1, .ofs_y = 0},
    {.bitmap_index = 12271, .adv_w = 152, .box_w = 9, .box_h = 10, .ofs_x = 0, .ofs_y = -1},
    {.bitmap_index = 12316, .adv_w = 183, .box_w = 10, .box_h = 9, .ofs_x = 1, .ofs_y = 0},
    {.bitmap_index = 12361, .adv_w = 157, .box_w = 8, .box_h = 9, .ofs_x = 1, .ofs_y = 0},
    {.bitmap_index = 12397, .adv_w = 156, .box_w = 10, .box_h = 9, .ofs_x = 0, .ofs_y = 0},
    {.bitmap_index = 12442, .adv_w = 152, .box_w = 8, .box_h = 9, .ofs_x = 1, .ofs_y = 0},
    {.bitmap_index = 12478, .adv_w = 156, .box_w = 9, .box_h = 13, .ofs_x = 1, .ofs_y = -4},
    {.bitmap_index = 12537, .adv_w = 146, .box_w = 9, .box_h = 9, .ofs_x = 0, .ofs_y = 0},
    {.bitmap_index = 12578, .adv_w = 134, .box_w = 8, .box_h = 9, .ofs_x = 0, .ofs_y = 0},
    {.bitmap_index = 12614, .adv_w = 140, .box_w = 9, .box_h = 13, .ofs_x = 0, .ofs_y = -4},
    {.bitmap_index = 12673, .adv_w = 190, .box_w = 12, .box_h = 16, .ofs_x = 0, .ofs_y = -4},
    {.bitmap_index = 12769, .adv_w = 140, .box_w = 9, .box_h = 9, .ofs_x = 0, .ofs_y = 0},
    {.bitmap_index = 12810, .adv_w = 164, .box_w = 10, .box_h = 11, .ofs_x = 1, .ofs_y = -2},
    {.bitmap_index = 12865, .adv_w = 145, .box_w = 8, .box_h = 9, .ofs_x = 0, .ofs_y = 0},
    {.bitmap_index = 12901, .adv_w = 200, .box_w = 11, .box_h = 9, .ofs_x = 1, .ofs_y = 0},
    {.bitmap_index = 12951, .adv_w = 199, .box_w = 12, .box_h = 11, .ofs_x = 1, .ofs_y = -2},
    {.bitmap_index = 13017, .adv_w = 150, .box_w = 9, .box_h = 9, .ofs_x = 0, .ofs_y = 0},
    {.bitmap_index = 13058, .adv_w = 183, .box_w = 10, .box_h = 9, .ofs_x = 1, .ofs_y = 0},
    {.bitmap_index = 13103, .adv_w = 143, .box_w = 8, .box_h = 9, .ofs_x = 1, .ofs_y = 0},
    {.bitmap_index = 13139, .adv_w = 146, .box_w = 9, .box_h = 9, .ofs_x = 0, .ofs_y = 0},
    {.bitmap_index = 13180, .adv_w = 213, .box_w = 12, .box_h = 9, .ofs_x = 1, .ofs_y = 0},
    {.bitmap_index = 13234, .adv_w = 147, .box_w = 9, .box_h = 9, .ofs_x = 0, .ofs_y = 0},
    {.bitmap_index = 13275, .adv_w = 153, .box_w = 9, .box_h = 12, .ofs_x = 0, .ofs_y = 0},
    {.bitmap_index = 13329, .adv_w = 138, .box_w = 8, .box_h = 3, .ofs_x = 0, .ofs_y = 4},
    {.bitmap_index = 13341, .adv_w = 200, .box_w = 12, .box_h = 3, .ofs_x = 0, .ofs_y = 4},
    {.bitmap_index = 13359, .adv_w = 176, .box_w = 5, .box_h = 5, .ofs_x = 3, .ofs_y = 3},
    {.bitmap_index = 13372, .adv_w = 175, .box_w = 9, .box_h = 2, .ofs_x = 1, .ofs_y = 0},
    {.bitmap_index = 13381, .adv_w = 138, .box_w = 8, .box_h = 2, .ofs_x = 0, .ofs_y = 5},
    {.bitmap_index = 13389, .adv_w = 256, .box_w = 16, .box_h = 17, .ofs_x = 0, .ofs_y = -2},
    {.bitmap_index = 13525, .adv_w = 256, .box_w = 16, .box_h = 12, .ofs_x = 0, .ofs_y = 0},
    {.bitmap_index = 13621, .adv_w = 256, .box_w = 16, .box_h = 14, .ofs_x = 0, .ofs_y = -1},
    {.bitmap_index = 13733, .adv_w = 256, .box_w = 16, .box_h = 12, .ofs_x = 0, .ofs_y = 0},
    {.bitmap_index = 13829, .adv_w = 176, .box_w = 11, .box_h = 12, .ofs_x = 0, .ofs_y = 0},
    {.bitmap_index = 13895, .adv_w = 256, .box_w = 16, .box_h = 16, .ofs_x = 0, .ofs_y = -2},
    {.bitmap_index = 14023, .adv_w = 256, .box_w = 16, .box_h = 16, .ofs_x = 0, .ofs_y = -2},
    {.bitmap_index = 14151, .adv_w = 288, .box_w = 18, .box_h = 14, .ofs_x = 0, .ofs_y = -1},
    {.bitmap_index = 14277, .adv_w = 256, .box_w = 16, .box_h = 16, .ofs_x = 0, .ofs_y = -2},
    {.bitmap_index = 14405, .adv_w = 288, .box_w = 18, .box_h = 12, .ofs_x = 0, .ofs_y = 0},
    {.bitmap_index = 14513, .adv_w = 256, .box_w = 16, .box_h = 16, .ofs_x = 0, .ofs_y = -2},
    {.bitmap_index = 14641, .adv_w = 128, .box_w = 8, .box_h = 14, .ofs_x = 0, .ofs_y = -1},
    {.bitmap_index = 14697, .adv_w = 192, .box_w = 12, .box_h = 14, .ofs_x = 0, .ofs_y = -1},
    {.bitmap_index = 14781, .adv_w = 288, .box_w = 18, .box_h = 16, .ofs_x = 0, .ofs_y = -2},
    {.bitmap_index = 14925, .adv_w = 256, .box_w = 16, .box_h = 12, .ofs_x = 0, .ofs_y = 0},
    {.bitmap_index = 15021, .adv_w = 176, .box_w = 11, .box_h = 16, .ofs_x = 0, .ofs_y = -2},
    {.bitmap_index = 15109, .adv_w = 224, .box_w = 10, .box_h = 16, .ofs_x = 2, .ofs_y = -2},
    {.bitmap_index = 15189, .adv_w = 224, .box_w = 14, .box_h = 18, .ofs_x = 0, .ofs_y = -3},
    {.bitmap_index = 15315, .adv_w = 224, .box_w = 14, .box_h = 15, .ofs_x = 0, .ofs_y = -1},
    {.bitmap_index = 15420, .adv_w = 224, .box_w = 14, .box_h = 14, .ofs_x = 0, .ofs_y = -1},
    {.bitmap_index = 15518, .adv_w = 224, .box_w = 10, .box_h = 16, .ofs_x = 2, .ofs_y = -2},
    {.bitmap_index = 15598, .adv_w = 224, .box_w = 16, .box_h = 14, .ofs_x = -1, .ofs_y = -1},
    {.bitmap_index = 15710, .adv_w = 160, .box_w = 10, .box_h = 14, .ofs_x = 0, .ofs_y = -1},
    {.bitmap_index = 15780, .adv_w = 160, .box_w = 10, .box_h = 14, .ofs_x = 0, .ofs_y = -1},
    {.bitmap_index = 15850, .adv_w = 224, .box_w = 14, .box_h = 14, .ofs_x = 0, .ofs_y = -1},
    {.bitmap_index = 15948, .adv_w = 224, .box_w = 14, .box_h = 4, .ofs_x = 0, .ofs_y = 4},
    {.bitmap_index = 15976, .adv_w = 288, .box_w = 18, .box_h = 12, .ofs_x = 0, .ofs_y = 0},
    {.bitmap_index = 16084, .adv_w = 320, .box_w = 20, .box_h = 16, .ofs_x = 0, .ofs_y = -2},
    {.bitmap_index = 16244, .adv_w = 288, .box_w = 20, .box_h = 16, .ofs_x = -1, .ofs_y = -2},
    {.bitmap_index = 16404, .adv_w = 256, .box_w = 16, .box_h = 16, .ofs_x = 0, .ofs_y = -2},
    {.bitmap_index = 16532, .adv_w = 224, .box_w = 14, .box_h = 10, .ofs_x = 0, .ofs_y = 1},
    {.bitmap_index = 16602, .adv_w = 224, .box_w = 14, .box_h = 10, .ofs_x = 0, .ofs_y = 1},
    {.bitmap_index = 16672, .adv_w = 320, .box_w = 20, .box_h = 14, .ofs_x = 0, .ofs_y = -1},
    {.bitmap_index = 16812, .adv_w = 256, .box_w = 16, .box_h = 12, .ofs_x = 0, .ofs_y = 0},
    {.bitmap_index = 16908, .adv_w = 256, .box_w = 16, .box_h = 16, .ofs_x = 0, .ofs_y = -2},
    {.bitmap_index = 17036, .adv_w = 256, .box_w = 17, .box_h = 17, .ofs_x = -1, .ofs_y = -2},
    {.bitmap_index = 17181, .adv_w = 224, .box_w = 15, .box_h = 14, .ofs_x = 0, .ofs_y = -1},
    {.bitmap_index = 17286, .adv_w = 224, .box_w = 14, .box_h = 16, .ofs_x = 0, .ofs_y = -2},
    {.bitmap_index = 17398, .adv_w = 224, .box_w = 14, .box_h = 14, .ofs_x = 0, .ofs_y = -1},
    {.bitmap_index = 17496, .adv_w = 224, .box_w = 14, .box_h = 14, .ofs_x = 0, .ofs_y = -1},
    {.bitmap_index = 17594, .adv_w = 256, .box_w = 16, .box_h = 12, .ofs_x = 0, .ofs_y = 0},
    {.bitmap_index = 17690, .adv_w = 160, .box_w = 12, .box_h = 16, .ofs_x = -1, .ofs_y = -2},
    {.bitmap_index = 17786, .adv_w = 224, .box_w = 14, .box_h = 16, .ofs_x = 0, .ofs_y = -2},
    {.bitmap_index = 17898, .adv_w = 224, .box_w = 14, .box_h = 16, .ofs_x = 0, .ofs_y = -2},
    {.bitmap_index = 18010, .adv_w = 288, .box_w = 18, .box_h = 12, .ofs_x = 0, .ofs_y = 0},
    {.bitmap_index = 18118, .adv_w = 256, .box_w = 18, .box_h = 18, .ofs_x = -1, .ofs_y = -3},
    {.bitmap_index = 18280, .adv_w = 192, .box_w = 12, .box_h = 16, .ofs_x = 0, .ofs_y = -2},
    {.bitmap_index = 18376, .adv_w = 320, .box_w = 20, .box_h = 15, .ofs_x = 0, .ofs_y = -1},
    {.bitmap_index = 18526, .adv_w = 320, .box_w = 20, .box_h = 10, .ofs_x = 0, .ofs_y = 1},
    {.bitmap_index = 18626, .adv_w = 320, .box_w = 20, .box_h = 10, .ofs_x = 0, .ofs_y = 1},
    {.bitmap_index = 18726, .adv_w = 320, .box_w = 20, .box_h = 10, .ofs_x = 0, .ofs_y = 1},
    {.bitmap_index = 18826, .adv_w = 320, .box_w = 20, .box_h = 10, .ofs_x = 0, .ofs_y = 1},
    {.bitmap_index = 18926, .adv_w = 320, .box_w = 20, .box_h = 10, .ofs_x = 0, .ofs_y = 1},
    {.bitmap_index = 19026, .adv_w = 320, .box_w = 21, .box_h = 14, .ofs_x = 0, .ofs_y = -1},
    {.bitmap_index = 19173, .adv_w = 224, .box_w = 12, .box_h = 16, .ofs_x = 1, .ofs_y = -2},
    {.bitmap_index = 19269, .adv_w = 224, .box_w = 14, .box_h = 16, .ofs_x = 0, .ofs_y = -2},
    {.bitmap_index = 19381, .adv_w = 256, .box_w = 17, .box_h = 17, .ofs_x = -1, .ofs_y = -3},
    {.bitmap_index = 19526, .adv_w = 320, .box_w = 20, .box_h = 12, .ofs_x = 0, .ofs_y = 0},
    {.bitmap_index = 19646, .adv_w = 192, .box_w = 12, .box_h = 16, .ofs_x = 0, .ofs_y = -2},
    {.bitmap_index = 19742, .adv_w = 258, .box_w = 17, .box_h = 11, .ofs_x = 0, .ofs_y = 1}
};

/*---------------------
 *  CHARACTER MAPPING
 *--------------------*/

static const uint16_t unicode_list_4[] = {
    0x0, 0x1bc2, 0x1bc3, 0x1bd1, 0x1bd5, 0x1dc1, 0xebb0, 0xebb7,
    0xebba, 0xebbb, 0xebbc, 0xebc0, 0xebc2, 0xebc4, 0xebc8, 0xebcb,
    0xebd0, 0xebd5, 0xebd6, 0xebd7, 0xebed, 0xebf2, 0xebf7, 0xebfa,
    0xebfb, 0xebfc, 0xec00, 0xec01, 0xec02, 0xec03, 0xec16, 0xec17,
    0xec1d, 0xec1f, 0xec20, 0xec23, 0xec26, 0xec27, 0xec28, 0xec2a,
    0xec42, 0xec44, 0xec73, 0xec74, 0xec76, 0xec78, 0xec8f, 0xec96,
    0xec99, 0xeca2, 0xeccb, 0xecd3, 0xed0a, 0xed9a, 0xedef, 0xedf0,
    0xedf1, 0xedf2, 0xedf3, 0xee36, 0xee42, 0xee9c, 0xeeb3, 0xf109,
    0xf371, 0xf451
};

/*Collect the unicode lists and glyph_id offsets*/
static const lv_font_fmt_txt_cmap_t cmaps[] =
{
    {
        .range_start = 32, .range_length = 95, .glyph_id_start = 1,
        .unicode_list = NULL, .glyph_id_ofs_list = NULL, .list_length = 0, .type = LV_FONT_FMT_TXT_CMAP_FORMAT0_TINY
    },
    {
        .range_start = 160, .range_length = 96, .glyph_id_start = 96,
        .unicode_list = NULL, .glyph_id_ofs_list = NULL, .list_length = 0, .type = LV_FONT_FMT_TXT_CMAP_FORMAT0_TINY
    },
    {
        .range_start = 1025, .range_length = 1, .glyph_id_start = 192,
        .unicode_list = NULL, .glyph_id_ofs_list = NULL, .list_length = 0, .type = LV_FONT_FMT_TXT_CMAP_FORMAT0_TINY
    },
    {
        .range_start = 1040, .range_length = 64, .glyph_id_start = 193,
        .unicode_list = NULL, .glyph_id_ofs_list = NULL, .list_length = 0, .type = LV_FONT_FMT_TXT_CMAP_FORMAT0_TINY
    },
    {
        .range_start = 1105, .range_length = 62546, .glyph_id_start = 257,
        .unicode_list = unicode_list_4, .glyph_id_ofs_list = NULL, .list_length = 66, .type = LV_FONT_FMT_TXT_CMAP_SPARSE_TINY
    }
};

/*-----------------
 *    KERNING
 *----------------*/


/*Map glyph_ids to kern left classes*/
static const uint8_t kern_left_class_mapping[] =
{
    0, 0, 0, 1, 0, 2, 0, 0,
    3, 4, 5, 0, 0, 6, 7, 6,
    8, 0, 9, 10, 0, 11, 12, 13,
    14, 0, 15, 16, 0, 0, 0, 0,
    0, 0, 17, 18, 19, 20, 21, 22,
    23, 0, 24, 25, 26, 27, 0, 0,
    28, 29, 30, 31, 2, 32, 33, 34,
    34, 35, 36, 37, 4, 0, 5, 0,
    0, 0, 38, 39, 40, 24, 41, 42,
    43, 44, 45, 0, 46, 45, 47, 47,
    11, 11, 24, 48, 49, 50, 24, 51,
    51, 52, 53, 54, 4, 0, 5, 0,
    0, 0, 40, 0, 28, 36, 0, 0,
    0, 0, 0, 0, 0, 0, 0, 0,
    0, 0, 0, 0, 0, 0, 0, 0,
    0, 0, 0, 0, 0, 0, 0, 0,
    17, 17, 17, 17, 17, 17, 21, 19,
    21, 21, 21, 21, 0, 0, 0, 0,
    20, 0, 28, 28, 28, 28, 28, 0,
    28, 33, 33, 33, 33, 36, 55, 56,
    38, 38, 38, 38, 38, 38, 41, 40,
    41, 41, 41, 41, 45, 45, 45, 45,
    56, 0, 11, 11, 11, 11, 11, 0,
    11, 24, 24, 24, 24, 53, 57, 53,
    21, 17, 55, 18, 32, 0, 21, 26,
    18, 0, 0, 26, 0, 0, 0, 28,
    0, 55, 19, 32, 36, 28, 35, 0,
    0, 0, 0, 18, 0, 18, 28, 28,
    0, 38, 11, 0, 48, 24, 41, 52,
    0, 24, 24, 46, 24, 24, 24, 11,
    24, 57, 40, 48, 53, 11, 52, 0,
    24, 24, 0, 56, 24, 56, 11, 11,
    24, 41, 58, 0, 0, 0, 0, 0,
    0, 0, 0, 0, 0, 0, 0, 0,
    0, 0, 0, 0, 0, 0, 0, 0,
    0, 0, 0, 0, 0, 0, 0, 0,
    0, 0, 0, 0, 0, 0, 0, 0,
    0, 0, 0, 0, 0, 0, 0, 0,
    0, 0, 0, 0, 0, 0, 0, 0,
    0, 0, 0, 0, 0, 0, 0, 0,
    0, 0, 0
};

/*Map glyph_ids to kern right classes*/
static const uint8_t kern_right_class_mapping[] =
{
    0, 1, 0, 2, 0, 3, 0, 0,
    4, 5, 6, 0, 0, 7, 8, 7,
    9, 0, 10, 11, 12, 13, 0, 0,
    14, 0, 15, 16, 17, 0, 0, 0,
    0, 0, 18, 0, 19, 0, 0, 0,
    20, 0, 21, 22, 0, 0, 0, 0,
    20, 0, 23, 0, 3, 24, 25, 26,
    26, 27, 28, 29, 5, 0, 6, 0,
    0, 0, 30, 21, 31, 31, 31, 32,
    33, 34, 35, 36, 34, 35, 37, 37,
    31, 37, 38, 39, 40, 41, 42, 43,
    43, 44, 45, 46, 5, 0, 6, 0,
    1, 0, 47, 0, 20, 28, 0, 0,
    0, 0, 0, 0, 0, 0, 0, 0,
    0, 0, 0, 0, 0, 0, 0, 0,
    0, 0, 0, 0, 0, 0, 0, 0,
    18, 18, 18, 18, 18, 18, 18, 20,
    0, 0, 0, 0, 0, 0, 0, 0,
    0, 48, 20, 20, 20, 20, 20, 0,
    20, 25, 25, 25, 25, 28, 0, 0,
    30, 30, 30, 30, 30, 30, 30, 31,
    49, 49, 49, 49, 35, 35, 35, 35,
    50, 21, 31, 31, 31, 31, 31, 0,
    31, 42, 42, 42, 42, 45, 51, 45,
    0, 18, 48, 0, 0, 18, 0, 27,
    20, 48, 48, 0, 18, 0, 0, 20,
    0, 0, 20, 24, 27, 20, 27, 0,
    0, 0, 0, 24, 0, 0, 27, 0,
    48, 30, 52, 21, 39, 31, 49, 44,
    44, 21, 21, 34, 31, 37, 21, 31,
    21, 51, 31, 53, 45, 31, 44, 21,
    21, 21, 21, 0, 21, 21, 31, 21,
    30, 49, 54, 55, 0, 0, 0, 0,
    0, 0, 0, 0, 0, 0, 0, 0,
    0, 0, 0, 0, 0, 0, 0, 0,
    0, 0, 0, 0, 0, 0, 0, 0,
    0, 0, 0, 0, 0, 0, 0, 0,
    0, 0, 0, 0, 0, 0, 0, 0,
    0, 0, 0, 0, 0, 0, 0, 0,
    0, 0, 0, 0, 0, 0, 0, 0,
    0, 0, 0
};

/*Kern values between classes*/
static const int8_t kern_class_values[] =
{
    0, 0, 0, 0, 0, 0, -54, 0,
    0, 0, 0, 0, 0, 0, 0, 0,
    0, 0, 0, 0, 0, 0, 0, 0,
    0, 0, 0, 0, 0, 0, -8, 0,
    -8, 0, 0, 0, 0, -8, 0, -8,
    0, 0, 0, 0, 0, 0, -8, 0,
    0, -8, 0, 0, 0, 0, 0, 0,
    0, 4, 0, 0, -15, -6, 0, 0,
    0, 0, 0, 0, 0, 0, 0, 0,
    0, 0, 0, 0, 0, 0, 0, 0,
    -5, -8, -8, 0, 0, 0, 0, 0,
    0, 0, 0, 0, 0, 0, 0, 0,
    0, 0, 0, -3, 0, 0, 0, 0,
    0, 0, 0, 0, 0, 0, 0, 0,
    -10, 3, 0, 0, 0, 0, 0, 0,
    0, 0, -31, 0, 0, 0, 0, -31,
    0, 0, 0, 0, 0, 0, 0, 0,
    0, 0, 0, -8, -20, 0, -8, 0,
    8, 0, 0, -8, 0, -20, 0, 0,
    0, 0, 0, 0, -8, 0, 0, -8,
    0, 0, 0, 0, 0, 0, 0, -5,
    0, 0, 0, 0, 0, 0, 0, 0,
    0, 0, 3, 0, 0, 0, 0, -5,
    -14, 0, 0, -14, 0, 0, 0, 0,
    0, 0, -5, -10, 0, 0, 0, 0,
    8, 0, -10, 0, -10, 0, 0, 0,
    0, -5, 0, 0, 0, 0, 0, 0,
    0, 0, 0, 0, 0, 0, 0, 0,
    0, 0, 0, 0, 0, 0, 0, 0,
    0, 0, 0, 0, 0, 0, 0, 0,
    0, 0, 0, 0, 0, 0, 0, 0,
    0, 0, 0, 0, 0, 0, 0, 0,
    0, 0, 0, 0, 0, 0, -3, 0,
    0, 0, 0, 0, 0, 0, 0, 0,
    0, 0, 0, 0, 0, 0, 0, 0,
    0, 0, 0, 0, -31, 0, 0, 0,
    0, 0, 0, 0, 0, 0, 0, 0,
    0, 0, 0, 0, 0, 0, 0, 0,
    0, 0, 0, 0, 0, 0, 0, 0,
    0, 0, 0, 0, 0, 0, 0, 0,
    0, 0, 0, 0, 0, 0, 0, 0,
    0, 0, 0, 0, 0, 0, 0, 0,
    0, 0, 0, 0, 0, -10, -1, 0,
    0, 0, 0, -5, 0, 0, 0, -8,
    0, -20, 0, -12, -13, -20, 0, 0,
    0, 0, 0, 0, 0, 0, 0, 0,
    0, 0, 0, 0, 0, -5, 0, 0,
    0, 0, 0, 0, 0, 0, 0, 0,
    0, 0, 0, 0, 0, 0, 0, 0,
    0, -36, 0, 0, 0, 0, 0, 0,
    0, 0, 0, 0, 0, 0, 0, 0,
    0, 0, 0, 0, 0, 0, -8, -13,
    0, 0, 0, 0, 0, -8, 0, 0,
    -8, 0, 0, 0, -5, 0, 0, 0,
    0, 0, 0, 0, 0, 0, 0, 0,
    0, 0, 0, 0, 0, 0, -10, 0,
    0, 0, 0, 0, 0, 0, 0, 0,
    0, 0, 0, 0, 0, 0, 0, 0,
    0, 0, 0, 0, 0, 0, 0, 0,
    0, 0, 0, 0, 0, 0, 0, 0,
    0, 0, 0, 0, 0, 0, 0, 0,
    0, 0, 0, 0, 0, 0, -2, 0,
    0, 0, 0, 0, 0, 0, 0, 0,
    0, 0, 0, -5, 0, 0, 0, 0,
    -5, 0, 0, 0, 0, 0, 0, 0,
    0, 0, 0, 0, 0, 0, 0, 0,
    0, 0, 0, 0, 0, 0, 0, 0,
    0, 0, 0, 0, 0, 0, 0, 0,
    0, 0, 0, 0, 0, 0, 0, -8,
    0, -8, 0, -10, -5, 0, 0, 0,
    0, 0, -1, 0, -5, 0, 0, -1,
    0, 0, 0, 0, 0, -15, 0, -8,
    -5, -20, 0, 0, 0, 0, 0, 0,
    0, 0, 0, 0, 0, -3, 0, 0,
    -5, -4, -5, -5, 0, 0, 0, 0,
    0, 0, -3, 0, 0, 0, 0, 0,
    0, 0, 0, 0, 0, 0, 0, -7,
    0, 0, 0, 0, 0, 0, 0, 0,
    0, 0, 0, 0, 0, 0, 0, 0,
    0, 0, 0, 0, 0, 0, 0, 0,
    0, 0, 0, 0, 0, 0, 0, 0,
    0, 0, 0, 0, 0, 0, 0, 0,
    0, 0, 0, 0, 0, 0, 0, 0,
    0, 0, 0, 0, 0, -4, 0, 0,
    0, 0, -5, 0, 0, 0, 0, 0,
    0, 0, 0, 0, 0, 0, 0, 0,
    0, 0, 0, 0, 0, 0, 0, 0,
    0, 0, 0, 0, 0, 0, 0, 0,
    0, 0, 0, 0, 0, 0, 0, 0,
    0, 0, 0, 0, 0, 0, 0, 0,
    0, -9, -2, 0, 0, 0, 0, -10,
    3, 0, 0, 0, -10, 0, 0, 0,
    0, 0, 0, 0, 0, 0, 0, 0,
    0, 0, 0, 0, 0, 0, 0, 0,
    0, 0, 0, 0, 0, 0, 0, 0,
    0, 0, 0, 0, 0, 0, 0, 0,
    -2, 0, 0, 0, 0, 0, 0, 0,
    -3, 0, 0, 0, 0, 0, 0, -2,
    0, 0, 0, 0, 0, 0, 0, 0,
    0, 0, 0, 0, 0, 0, 0, 0,
    0, 0, 0, 0, 0, 0, 0, 0,
    0, 0, 0, 0, 0, 0, 0, 0,
    0, 0, 0, 0, 0, 0, 0, 0,
    0, 0, 0, 0, 0, 0, 0, 0,
    0, -20, 0, 0, 0, 0, 0, 0,
    0, 0, 0, 0, 0, 0, 0, 0,
    0, 0, 0, 0, 0, 0, 0, 0,
    0, 0, 0, 0, 0, 0, 0, 0,
    0, 0, 0, 0, 0, 0, 0, 0,
    0, 0, 0, 0, 0, 0, 0, 0,
    0, -26, -5, -26, 0, 0, 0, -10,
    0, 0, 0, 0, 9, 0, 0, 0,
    0, 9, -5, -5, 0, 0, -5, -15,
    -5, -18, 0, -15, 0, 0, 0, -6,
    0, 0, 0, 0, 0, 0, 0, 0,
    -5, 0, -10, 0, -13, 0, 0, 0,
    0, 0, 0, 0, 0, 0, 0, 0,
    0, 0, 0, 0, 0, -8, 0, 0,
    0, 0, 0, 0, 0, 0, 0, 0,
    0, 0, 0, 0, 0, 0, -5, 0,
    -8, -8, -8, 0, 0, 0, 0, 0,
    0, 0, 0, 0, 0, 0, 0, 0,
    0, 0, 0, 0, 0, 0, 0, 0,
    0, 0, 0, 0, 0, 0, 0, 0,
    8, 0, 0, -15, -13, 0, 0, 0,
    0, 0, -5, 0, 0, 0, 0, -5,
    0, 0, 0, 0, 0, 0, 0, -5,
    -8, -8, 0, 0, 0, 0, 0, 0,
    0, 0, 0, 0, 0, 0, 0, 0,
    0, 0, 0, 0, 0, 0, 0, 0,
    0, 0, 0, 0, 0, 0, 0, 0,
    0, 0, -15, -13, 0, 0, 0, 0,
    0, -5, 0, 0, 0, 0, -5, 0,
    0, 0, 0, 0, -5, 0, -8, -8,
    -8, -4, 0, 0, 0, 0, 0, 0,
    0, 0, 0, 0, 0, 0, 0, 0,
    0, 0, 0, 0, 0, 0, 0, 0,
    0, 0, 0, 0, 0, 0, -3, 0,
    0, 0, 0, 0, 0, 0, 0, 0,
    0, 0, 0, 0, 0, 0, -6, -8,
    0, 0, -8, 0, 0, 0, 0, 0,
    0, 0, 0, 0, 0, 0, 0, 0,
    0, 0, 0, 0, 0, 0, 0, 0,
    0, 0, 0, 0, 0, 0, 0, 0,
    0, 0, 0, 0, 0, 0, 0, 0,
    0, -29, 0, 0, 0, 0, 0, -3,
    0, 0, 0, 0, -3, 0, 0, 0,
    -9, 0, 0, 0, 0, 0, 0, 0,
    -5, -4, 0, 0, 0, 0, 0, 0,
    -5, 0, 0, 0, 0, 0, 0, 0,
    0, -5, 0, -5, 0, 0, 0, 0,
    0, 0, 0, 0, 0, 0, 0, 0,
    -13, 0, 0, 0, 0, 0, -5, 0,
    0, 0, 0, -5, 0, 0, 0, 0,
    0, -5, 0, -8, -8, -8, 0, 0,
    0, 0, 0, 0, 0, 0, 0, 0,
    0, 0, 0, 0, 0, 0, 0, 0,
    0, 0, 0, 0, 0, 0, 0, 0,
    0, 0, 0, 0, 0, 0, 0, 0,
    0, 0, 0, 0, 0, 0, 0, 0,
    0, 0, 0, 0, 0, 0, 0, 0,
    0, 0, 0, 0, -10, 0, 0, 0,
    0, 0, 0, 0, 0, 0, 0, 0,
    0, 0, 0, 0, 0, 0, 0, 0,
    0, 0, 0, 0, 0, 0, 0, 0,
    0, 0, 0, 0, 0, 0, -13, 0,
    0, 0, 0, 0, -5, 0, 0, 0,
    0, -5, 0, 0, 0, 0, 0, 0,
    0, 0, 0, 0, 0, 0, 0, 0,
    0, 0, 0, 0, 0, 0, 0, 0,
    0, 0, 0, 0, 0, 0, 0, 0,
    0, 0, 0, 0, 0, 0, 0, -5,
    0, -8, 0, 0, 0, 0, -13, 0,
    0, 0, 0, 0, 0, 0, 0, 0,
    0, -5, -9, 0, 0, -8, 0, 0,
    0, 0, 0, 0, 0, -10, 0, -8,
    0, 0, 0, 0, -9, 0, -5, -8,
    -9, 0, 0, -12, 0, -9, 0, -8,
    -9, 0, 0, 0, 0, 0, -13, -31,
    0, -31, 0, -8, 0, -20, 0, 0,
    0, 0, 0, 0, 0, 0, 0, 0,
    0, -5, 0, 0, -5, -26, 0, -20,
    0, -26, 0, 0, 0, -5, 0, 0,
    0, 0, 0, 0, 0, 0, -6, 0,
    -9, 0, -13, 0, 0, 0, 0, 0,
    0, 0, 0, 0, 0, 0, 0, 0,
    0, 0, -15, -13, 0, 0, 0, 0,
    0, -5, 0, 0, 0, 0, -5, 0,
    0, 0, 0, 0, -5, 0, -8, -13,
    -8, 0, 0, 0, 0, 0, 0, 0,
    0, 0, 0, 0, 0, 0, 0, 0,
    -5, 0, 0, 0, 0, 0, 0, 0,
    0, 0, 0, 0, 0, 0, 0, 0,
    0, -15, -41, 0, 0, 0, 0, 0,
    -13, 0, 0, 0, 0, -13, 0, 0,
    0, -9, 0, 0, 0, 0, -8, 0,
    0, -4, -2, 10, 0, 0, 0, 0,
    0, 0, 0, 0, 0, 0, 0, 0,
    0, 0, 0, 0, 0, 0, 0, 0,
    0, 0, 0, 0, 0, 0, 0, 0,
    -15, -8, 0, 0, 0, 0, 0, -5,
    0, 0, 0, 0, -5, 0, 0, 0,
    0, 0, -5, 0, -8, -8, -8, 0,
    0, 0, 0, 0, 0, 0, 0, 0,
    0, 0, 0, 0, 0, 0, -5, 0,
    0, 0, 0, 0, 0, 0, 0, 0,
    0, 0, 0, 0, 0, 0, 0, 0,
    0, 0, 0, 0, 0, 0, 0, 0,
    0, 0, 0, 0, -5, 0, 0, 0,
    0, 0, 0, 0, 0, -3, 0, 0,
    0, 0, 0, 0, 0, 0, 0, 0,
    0, 0, 0, 0, 0, 0, 0, 0,
    0, 8, 0, 0, 0, 0, 0, 0,
    0, -8, 0, 0, 0, 0, 0, -26,
    -26, 0, 0, 0, 0, -5, 0, 0,
    -26, -23, -5, 0, 0, 0, -20, 0,
    15, 0, 0, 0, 8, 0, -18, -20,
    0, -20, 0, 0, 0, -13, -20, -13,
    -15, 0, -13, -15, -18, -18, -15, -18,
    0, -18, -18, -13, 0, -8, 0, 0,
    0, 0, -8, 0, 0, 0, -5, 0,
    0, 0, 0, 0, -8, 0, 0, 0,
    0, -8, 0, 0, 0, 0, 0, 0,
    0, 0, 0, 0, 0, 0, 0, 0,
    0, 0, 0, 0, 0, 0, 0, 0,
    0, 0, 0, 0, 0, 0, 0, 0,
    0, 0, 0, 0, 0, 0, 0, 0,
    0, -5, 0, 0, 0, -15, -12, 0,
    0, 0, 0, -18, 0, 0, -13, -13,
    -18, -5, -5, 0, -8, -5, 0, 0,
    0, 0, 0, 0, -12, -15, 0, -12,
    0, -5, 0, -8, -12, 0, -8, 0,
    -8, -8, -8, 0, -5, -12, 0, -12,
    0, -8, 0, 0, 0, 0, 0, 0,
    -5, 0, 0, 0, 0, -8, 10, 0,
    0, 0, 0, 0, 0, 0, 0, 0,
    -8, -8, 0, 0, -8, 10, 0, 0,
    0, 0, 0, 0, -5, 0, 0, 0,
    0, 0, 0, 0, 0, 0, 0, 0,
    0, 0, 0, 0, 0, 0, 0, 0,
    0, 0, 0, 0, 0, -10, 0, -8,
    0, 0, 0, -36, -26, 0, 0, 0,
    0, -18, 0, 0, -9, -20, -18, -10,
    -10, -9, -20, -10, 8, 0, 0, -5,
    8, 0, -20, -20, 0, -20, 0, 0,
    0, -13, -20, -10, -20, 0, -10, -9,
    -8, -9, -9, -20, 0, -20, 0, -10,
    -7, 0, 0, 0, 0, 0, 0, 0,
    0, 0, 0, 0, 0, 0, 0, 0,
    0, 0, 0, 0, 0, 0, 0, 0,
    0, 0, 0, 10, 0, 0, 0, 0,
    0, 0, 0, 0, 0, 0, 0, 0,
    0, 0, 0, 0, 0, 0, -15, 0,
    0, 0, 0, 0, 0, 0, 0, 0,
    0, 0, 0, 0, -5, 0, -5, 0,
    -5, 0, 0, 0, 0, 0, 0, 0,
    0, 0, 0, 0, 0, 0, 0, 0,
    0, 0, -15, 0, -8, 0, -15, 0,
    0, 0, 0, 0, 0, 0, 0, 0,
    0, 0, 0, 0, 0, -5, 0, -8,
    0, 0, 0, 0, 0, 0, 0, 0,
    0, 0, 0, -5, 0, -5, 0, -10,
    -5, 0, 0, 0, 0, 0, -1, 0,
    -5, 0, 0, -1, 0, 0, 0, 0,
    0, -15, 0, -8, -5, -20, 0, 0,
    0, 0, 0, 0, 0, 0, 0, 0,
    0, -3, 0, 0, -5, -5, -9, -5,
    0, 0, 0, 0, 0, 0, -3, 0,
    0, 0, -5, 0, -5, 0, -10, -5,
    0, 0, 0, 0, 0, 0, 0, 0,
    0, 0, 0, 0, 0, 0, 0, 0,
    -15, 0, -8, 0, -15, 0, -2, -4,
    0, 0, 0, -4, 0, 0, 0, 0,
    0, 0, 0, 0, 0, -5, 0, 0,
    0, 0, 0, 0, 0, -2, 0, 0,
    0, 0, 0, 0, -7, -10, -5, 0,
    0, 0, 0, 0, 0, 0, 0, 0,
    0, 0, 0, 0, 0, 0, 0, -15,
    0, -8, 0, -15, 0, -3, 0, 0,
    0, 0, 0, 0, -4, 0, 0, 0,
    0, 0, -5, -5, -3, 0, 0, 0,
    0, 0, 0, 0, -3, 0, 0, 0,
    0, 0, 8, 0, 0, -13, 0, 0,
    0, 0, 0, 0, 0, 0, 0, 0,
    0, 0, 0, 8, 0, 0, 15, 0,
    0, 0, 0, 0, -4, -5, 0, 0,
    8, 4, 0, 0, 0, 0, 0, 0,
    0, 0, 0, 0, 0, 0, 0, 0,
    0, 0, 0, 0, 0, 0, 0, 0,
    0, 0, 0, 0, 0, 0, 0, 0,
    0, 0, 0, 0, 0, 0, 0, 0,
    0, 0, 0, 0, 0, -13, 0, 0,
    0, -13, 0, 0, 0, 0, 0, 0,
    0, 0, 0, 0, 0, 0, 0, 0,
    0, 0, 0, 0, 0, 0, 0, 0,
    0, 0, 0, 0, 0, 0, -5, 0,
    -5, 0, -5, 0, 0, 0, 0, 0,
    0, 0, 0, 0, 0, 0, 0, 0,
    0, 0, 0, 0, -15, 0, 0, 0,
    0, 0, 0, 0, 0, 0, 0, 0,
    0, 0, 0, 0, 0, 0, 0, 0,
    0, 0, 0, 0, 0, 0, 0, 0,
    0, 0, 0, 0, 0, 0, 0, -12,
    0, 0, 0, 0, 0, 0, 0, 0,
    0, 0, 0, 0, 0, 0, 0, 0,
    0, 0, 0, 0, 0, 0, 0, 0,
    0, 0, 0, 0, 0, 0, 0, 0,
    0, 0, 0, 0, 0, 0, 0, 0,
    0, 0, 0, 0, 0, 0, 0, 0,
    0, 0, 0, 0, 0, 0, 0, 0,
    0, 0, -8, 0, 0, 0, 0, 0,
    0, 0, 0, 0, 0, 0, 0, 0,
    0, 0, 0, 0, 0, 0, 0, 0,
    0, -3, 0, 0, 0, 0, 0, 0,
    -8, 0, -3, 0, 0, 0, 0, 0,
    0, -5, 0, -5, 0, 0, 0, 0,
    0, 0, 0, -5, 0, -10, 0, -5,
    0, 0, 0, 0, 0, 0, 0, 0,
    0, 0, 0, 0, 0, 0, 0, 0,
    0, -15, 0, 0, 0, -18, 0, 0,
    -2, 0, 0, 0, 0, 0, 0, 0,
    0, 0, 0, 0, 0, 0, -5, 0,
    0, 0, 0, 0, 0, 0, 0, 0,
    0, 0, 0, 0, 0, 0, -5, -20,
    0, 0, 0, 0, 0, 0, 0, 0,
    0, 0, 0, 0, 0, 0, 0, 0,
    0, 0, 0, 0, -5, 0, -4, -3,
    0, -5, 0, 0, 0, 0, 0, 0,
    -5, 0, 0, 0, 0, -3, 0, 0,
    0, 0, 0, 0, 0, 0, 0, 0,
    0, -5, 0, -5, 0, -3, 0, 0,
    0, 0, 0, 0, 0, 0, 0, 0,
    0, 0, 0, 0, 0, 0, 0, -13,
    0, -8, 0, -15, 0, 0, 0, 0,
    0, 0, 0, 0, 0, 0, 0, 0,
    0, 0, -5, -5, -5, 0, 0, 0,
    0, 0, 0, 0, 0, 0, 0, 0,
    0, 0, 0, 0, 0, 0, 0, 0,
    0, 0, 0, 0, 0, 0, 0, 0,
    0, 0, 0, 0, 0, 0, 0, 0,
    0, 0, -5, 0, 0, -6, 0, 0,
    0, 0, 0, 0, 0, 0, 0, 0,
    0, 0, 0, -4, 0, 0, 0, 0,
    0, 0, 0, 0, 0, 0, 0, 0,
    0, 0, -10, -5, -20, 0, 0, 0,
    0, 0, -7, 0, 0, 0, 0, -7,
    0, 0, 0, 0, 0, -15, 0, 0,
    0, -9, 0, -8, -5, 0, -5, 0,
    0, 0, 0, -5, 0, -5, 0, 0,
    0, 0, -1, 0, 0, 0, 0, 0,
    0, 0, 0, 0, 0, 0, 0, 0,
    0, 0, 0, 0, 0, 0, 0, 0,
    0, 0, 0, 0, 0, 0, 0, 0,
    0, 0, 0, 0, -13, 0, 0, 0,
    -8, 0, -5, -5, 0, -5, 0, 0,
    0, 0, -5, 0, 0, 0, 0, -3,
    0, 0, 0, -5, 0, -5, -5, 0,
    0, 0, 0, 0, 0, 0, 0, 0,
    0, 0, -20, 0, 0, 0, 0, 0,
    -5, 0, 0, 0, 0, -5, 0, 0,
    0, 0, 0, -10, 0, 0, 0, -9,
    0, -5, -5, 10, -4, 0, 0, 0,
    0, 0, 0, 0, 10, 0, 0, 0,
    0, 0, 0, 0, 0, 0, 0, 0,
    0, 0, 0, 0, 0, 0, 0, 0,
    0, 0, 0, 0, 0, 0, 0, 0,
    0, 0, 0, 0, 0, 0, 0, 0,
    0, 0, -13, 0, 0, 0, -9, 0,
    -8, -10, 0, 0, 0, 0, 0, 0,
    -8, 0, 0, 0, 0, 0, 0, -3,
    0, -8, 0, -8, -8, 0, 0, 0,
    0, 0, 0, 0, 0, 0, 0, 0,
    0, 0, 0, 0, 0, 0, -10, 0,
    0, 0, 0, -10, 0, 0, 0, 0,
    0, 0, 0, 0, 0, 0, 0, 0,
    0, 0, 0, 0, 0, 0, 0, 0,
    0, 0, 0, 0, 0, 0, 0, 0,
    0, 0, 0, 0, 0, 0, 0, 0,
    0, 0, 0, 0, 0, 0, 0, 0,
    0, 0, 0, 0, 0, -5, 0, 0,
    0, 0, -5, 0, 0, -4, 0, 0,
    0, 0, 0, 0, 0, 0, 0, 0,
    0, 0, 0, 0, 0, 0, 0, 0,
    0, 0, 0, 0, 0, 0, 0, 0,
    0, 0, 0, 0, 0, 0, 0, 0,
    0, 0, 0, 0, 0, 0, 0, 0,
    0, 0, 0, 0, 0, 0, 0, 0,
    0, 0, 0, 0, 0, 0, 0, -15,
    0, 0, 0, -15, 0, 0, 0, 0,
    0, 0, 0, 0, 0, 0, 0, 0,
    0, 0, 0, -5, -5, 0, 0, 0,
    0, 0, 0, 0, 0, 0, 0, 0,
    0, 0, 0, 0, 0, 0, 0, 0,
    -3, 0, 0, 3, -4, 0, 0, 0,
    3, 0, 0, 0, 0, 0, 0, 0,
    0, 0, 0, 0, 0, 0, 0, 0,
    0, 0, 0, 0, 0, 0, 0, 0,
    0, 0, 0, 0, 0, 0, 0, 0,
    0, 0, 0, 0, 0, 0
};


/*Collect the kern class' data in one place*/
static const lv_font_fmt_txt_kern_classes_t kern_classes =
{
    .class_pair_values   = kern_class_values,
    .left_class_mapping  = kern_left_class_mapping,
    .right_class_mapping = kern_right_class_mapping,
    .left_class_cnt      = 58,
    .right_class_cnt     = 55,
};

/*--------------------
 *  ALL CUSTOM DATA
 *--------------------*/

#if LV_VERSION_CHECK(8, 0, 0)
/*Store all the custom data of the font*/
static  lv_font_fmt_txt_glyph_cache_t cache;
static const lv_font_fmt_txt_dsc_t font_dsc = {
#else
static lv_font_fmt_txt_dsc_t font_dsc = {
#endif
    .glyph_bitmap = glyph_bitmap,
    .glyph_dsc = glyph_dsc,
    .cmaps = cmaps,
    .kern_dsc = &kern_classes,
    .kern_scale = 16,
    .cmap_num = 5,
    .bpp = 4,
    .kern_classes = 1,
    .bitmap_format = 0,
#if LV_VERSION_CHECK(8, 0, 0)
    .cache = &cache
#endif
};


/*-----------------
 *  PUBLIC FONT
 *----------------*/

/*Initialize a public general font descriptor*/
#if LV_VERSION_CHECK(8, 0, 0)
const lv_font_t manrope_16 = {
#else
lv_font_t manrope_16 = {
#endif
    .get_glyph_dsc = lv_font_get_glyph_dsc_fmt_txt,    /*Function pointer to get glyph's data*/
    .get_glyph_bitmap = lv_font_get_bitmap_fmt_txt,    /*Function pointer to get glyph's bitmap*/
    .line_height = 22,          /*The maximum line height required by the font*/
    .base_line = 5,             /*Baseline measured from the bottom of the line*/
#if !(LVGL_VERSION_MAJOR == 6 && LVGL_VERSION_MINOR == 0)
    .subpx = LV_FONT_SUBPX_NONE,
#endif
#if LV_VERSION_CHECK(7, 4, 0) || LVGL_VERSION_MAJOR >= 8
    .underline_position = -1,
    .underline_thickness = 0,
#endif
    .dsc = &font_dsc           /*The custom font data. Will be accessed by `get_glyph_bitmap/dsc` */
};



#endif /*#if MANROPE_16*/

