/*******************************************************************************
 * Size: 14 px
 * Bpp: 4
 * Opts: --no-compress --bpp 4 --size 14 --font fonts-src/Manrope-600.ttf -r 0x20-0x7E,0xA0-0xFF,0x2013-0x2014,0x2022,0x2026,0x2212,0x401,0x410-0x44F,0x451 --font guppyscreen/lvgl/scripts/built_in_font/FontAwesome5-Solid+Brands+Regular.woff -r 61441,61448,61451,61452,61453,61457,61459,61461,61465,61468,61473,61478,61479,61480,61502,61507,61512,61515,61516,61517,61521,61522,61523,61524,61543,61544,61550,61552,61553,61556,61559,61560,61561,61563,61587,61589,61636,61637,61639,61641,61664,61671,61674,61683,61724,61732,61787,61931,62016,62017,62018,62019,62020,62087,62099,62212,62189,62810,63426,63650 --format lvgl --lv-include lvgl/lvgl.h --force-fast-kern-format -o guppyscreen/assets/fonts/manrope_14.c
 ******************************************************************************/

#ifdef LV_LVGL_H_INCLUDE_SIMPLE
#include "lvgl.h"
#else
#include "lvgl/lvgl.h"
#endif

#ifndef MANROPE_14
#define MANROPE_14 1
#endif

#if MANROPE_14

/*-----------------
 *    BITMAPS
 *----------------*/

/*Store the image of the glyphs*/
static LV_ATTRIBUTE_LARGE_CONST const uint8_t glyph_bitmap[] = {
    /* U+0020 " " */

    /* U+0021 "!" */
    0x5f, 0x25, 0xf2, 0x5f, 0x25, 0xf2, 0x5f, 0x25,
    0xf2, 0x5f, 0x23, 0xc1, 0x27, 0x15, 0xf2,

    /* U+0022 "\"" */
    0x2f, 0x4a, 0xc2, 0xf4, 0xac, 0x19, 0x26, 0x70,

    /* U+0023 "#" */
    0x0, 0x0, 0xc, 0xa0, 0x6f, 0x10, 0x0, 0x0,
    0x1, 0xf5, 0xb, 0xa0, 0x0, 0x1, 0xff, 0xff,
    0xff, 0xff, 0xff, 0x0, 0x16, 0x6d, 0xd6, 0xaf,
    0x76, 0x50, 0x0, 0x0, 0xd8, 0x8, 0xe0, 0x0,
    0x0, 0x12, 0x2f, 0x72, 0xbc, 0x22, 0x0, 0xe,
    0xff, 0xff, 0xff, 0xff, 0xf1, 0x0, 0x55, 0xbd,
    0x57, 0xf6, 0x54, 0x0, 0x0, 0xd, 0x90, 0x8e,
    0x0, 0x0, 0x0, 0x2, 0xf4, 0xc, 0xa0, 0x0,
    0x0,

    /* U+0024 "$" */
    0x0, 0x1, 0x30, 0x0, 0x0, 0x0, 0x6f, 0x10,
    0x0, 0x1, 0x9f, 0xfd, 0x60, 0x0, 0xcf, 0x97,
    0xcf, 0x60, 0x1f, 0x70, 0x0, 0xcd, 0x0, 0xeb,
    0x10, 0x0, 0x0, 0x4, 0xef, 0xc7, 0x20, 0x0,
    0x0, 0x38, 0xdf, 0x60, 0x2, 0x0, 0x0, 0x9f,
    0x5, 0xf5, 0x0, 0x7, 0xf0, 0xc, 0xf9, 0x79,
    0xfa, 0x0, 0x19, 0xff, 0xe8, 0x0, 0x0, 0x6,
    0xf1, 0x0, 0x0,

    /* U+0025 "%" */
    0x3, 0xdf, 0xb1, 0x0, 0x1, 0x80, 0xf, 0xa5,
    0xcb, 0x0, 0x1d, 0xe1, 0x1f, 0x61, 0xac, 0x0,
    0xce, 0x20, 0x7, 0xff, 0xe3, 0xc, 0xf3, 0x0,
    0x0, 0x13, 0x0, 0xcf, 0x30, 0x0, 0x0, 0x0,
    0xb, 0xf7, 0xef, 0xa0, 0x0, 0x0, 0xbf, 0x5f,
    0x95, 0xe8, 0x0, 0xa, 0xf4, 0x3f, 0x10, 0x9b,
    0x0, 0xaf, 0x40, 0x1f, 0xa6, 0xe8, 0x7, 0xf5,
    0x0, 0x3, 0xdf, 0x90, 0x1, 0x40, 0x0, 0x0,
    0x0, 0x0,

    /* U+0026 "&" */
    0x0, 0x8e, 0xfc, 0x40, 0x0, 0x7, 0xfa, 0x7c,
    0xf1, 0x0, 0xb, 0xc0, 0x0, 0x20, 0x0, 0x8,
    0xe1, 0x0, 0x0, 0x0, 0x2, 0xfe, 0x20, 0x1,
    0x0, 0xd, 0xec, 0xe3, 0x5f, 0x0, 0x3f, 0x40,
    0x9f, 0x9f, 0x0, 0x3f, 0x50, 0x7, 0xfe, 0x0,
    0xd, 0xf9, 0x7b, 0xff, 0xa0, 0x1, 0x9e, 0xfd,
    0x64, 0x80,

    /* U+0027 "'" */
    0x2f, 0x42, 0xf4, 0x19, 0x20,

    /* U+0028 "(" */
    0x0, 0x0, 0x0, 0x0, 0xd5, 0x0, 0x8e, 0x10,
    0x1f, 0x60, 0x7, 0xe0, 0x0, 0xba, 0x0, 0xe,
    0x70, 0x0, 0xf5, 0x0, 0xf, 0x50, 0x0, 0xf6,
    0x0, 0xd, 0x80, 0x0, 0x9c, 0x0, 0x4, 0xf2,
    0x0, 0xd, 0xb0, 0x0, 0x3f, 0x50, 0x0, 0x61,

    /* U+0029 ")" */
    0x0, 0x0, 0x2, 0xe2, 0x0, 0xc, 0xb0, 0x0,
    0x3f, 0x40, 0x0, 0xca, 0x0, 0x7, 0xe0, 0x0,
    0x4f, 0x20, 0x2, 0xf3, 0x0, 0x1f, 0x30, 0x3,
    0xf2, 0x0, 0x5f, 0x0, 0x9, 0xc0, 0x0, 0xe7,
    0x0, 0x7f, 0x10, 0x2f, 0x60, 0x0, 0x60, 0x0,

    /* U+002A "*" */
    0x0, 0xa9, 0x0, 0x49, 0xbb, 0x93, 0x4b, 0xff,
    0xb3, 0x7, 0xef, 0x60, 0x9, 0x56, 0x80, 0x0,
    0x0, 0x0,

    /* U+002B "+" */
    0x0, 0x4, 0x50, 0x0, 0x0, 0x9, 0x90, 0x0,
    0x0, 0x9, 0x90, 0x0, 0x2f, 0xff, 0xff, 0xf3,
    0x3, 0x3a, 0xb3, 0x30, 0x0, 0x9, 0x90, 0x0,
    0x0, 0x9, 0x90, 0x0,

    /* U+002C "," */
    0x1b, 0x42, 0xf6, 0x7, 0x51, 0x90,

    /* U+002D "-" */
    0x0, 0x0, 0x0, 0x2f, 0xff, 0xf0, 0x3, 0x33,
    0x30,

    /* U+002E "." */
    0x77, 0xcc,

    /* U+002F "/" */
    0x0, 0x9, 0xd0, 0x0, 0xd9, 0x0, 0x2f, 0x50,
    0x6, 0xf1, 0x0, 0xac, 0x0, 0xe, 0x80, 0x3,
    0xf4, 0x0, 0x7f, 0x0, 0xc, 0xb0, 0x0, 0xf7,
    0x0,

    /* U+0030 "0" */
    0x0, 0x6d, 0xfd, 0x60, 0x0, 0x7f, 0xb7, 0xbf,
    0x70, 0xe, 0xb0, 0x0, 0xbe, 0x0, 0xf7, 0x0,
    0x7, 0xf0, 0xf, 0x70, 0x0, 0x7f, 0x0, 0xf7,
    0x0, 0x7, 0xf0, 0xf, 0x70, 0x0, 0x7f, 0x0,
    0xeb, 0x0, 0xb, 0xe0, 0x7, 0xfb, 0x7c, 0xf7,
    0x0, 0x6, 0xdf, 0xd6, 0x0,

    /* U+0031 "1" */
    0x4, 0xdf, 0x32, 0xfd, 0xf3, 0x15, 0x4f, 0x30,
    0x4, 0xf3, 0x0, 0x4f, 0x30, 0x4, 0xf3, 0x0,
    0x4f, 0x30, 0x4, 0xf3, 0x0, 0x4f, 0x30, 0x4,
    0xf3,

    /* U+0032 "2" */
    0x1, 0x9e, 0xfb, 0x20, 0xc, 0xf9, 0x8e, 0xe1,
    0x2f, 0x70, 0x3, 0xf6, 0x3, 0x0, 0x1, 0xf7,
    0x0, 0x0, 0x8, 0xf3, 0x0, 0x0, 0x9f, 0x70,
    0x0, 0xb, 0xf6, 0x0, 0x1, 0xdf, 0x40, 0x0,
    0x2e, 0xf9, 0x77, 0x73, 0x4f, 0xff, 0xff, 0xf8,

    /* U+0033 "3" */
    0xf, 0xff, 0xff, 0xf0, 0x7, 0x77, 0xaf, 0xc0,
    0x0, 0x9, 0xf7, 0x0, 0x0, 0xaf, 0xfa, 0x0,
    0x0, 0x24, 0x7f, 0xa0, 0x0, 0x0, 0x8, 0xf0,
    0x0, 0x0, 0x6, 0xf2, 0x2c, 0x20, 0xa, 0xf0,
    0xe, 0xe7, 0x9f, 0x80, 0x2, 0xbf, 0xe8, 0x0,

    /* U+0034 "4" */
    0x0, 0x4, 0xf6, 0x0, 0x0, 0xb, 0xe0, 0x0,
    0x0, 0x3f, 0x70, 0x0, 0x0, 0xbe, 0x0, 0x0,
    0x2, 0xf8, 0xc, 0xb0, 0xa, 0xf1, 0xc, 0xb0,
    0x2f, 0xa1, 0x1c, 0xc1, 0x4f, 0xff, 0xff, 0xfb,
    0x14, 0x44, 0x4d, 0xd3, 0x0, 0x0, 0xc, 0xb0,

    /* U+0035 "5" */
    0xb, 0xff, 0xff, 0xc0, 0xc, 0xe6, 0x66, 0x50,
    0xd, 0x80, 0x0, 0x0, 0xe, 0xef, 0xfc, 0x20,
    0xd, 0xe5, 0x6e, 0xe0, 0x0, 0x0, 0x3, 0xf5,
    0x0, 0x0, 0x0, 0xf6, 0x2d, 0x60, 0x5, 0xf4,
    0xc, 0xf9, 0x8f, 0xc0, 0x0, 0x9f, 0xe9, 0x0,

    /* U+0036 "6" */
    0x0, 0x6d, 0xfd, 0x60, 0x6, 0xfb, 0x79, 0xb1,
    0xd, 0xa0, 0x0, 0x0, 0xf, 0xad, 0xfe, 0x70,
    0xf, 0xf9, 0x5a, 0xf5, 0xf, 0xb0, 0x0, 0xcc,
    0xf, 0x70, 0x0, 0x9d, 0xd, 0xc0, 0x0, 0xdb,
    0x6, 0xfc, 0x7c, 0xf3, 0x0, 0x6d, 0xfc, 0x40,

    /* U+0037 "7" */
    0x7f, 0xff, 0xff, 0xa3, 0x77, 0x77, 0xf8, 0x0,
    0x0, 0x6f, 0x20, 0x0, 0xc, 0xc0, 0x0, 0x3,
    0xf5, 0x0, 0x0, 0xae, 0x0, 0x0, 0x1f, 0x80,
    0x0, 0x7, 0xf2, 0x0, 0x0, 0xdb, 0x0, 0x0,
    0x4f, 0x40, 0x0,

    /* U+0038 "8" */
    0x0, 0x9e, 0xfc, 0x30, 0x9, 0xf9, 0x7d, 0xf1,
    0xd, 0xb0, 0x4, 0xf4, 0xb, 0xe4, 0x2a, 0xf2,
    0x3, 0xff, 0xff, 0xb0, 0xb, 0xf7, 0x5c, 0xf2,
    0x1f, 0x70, 0x1, 0xf8, 0x1f, 0x80, 0x1, 0xf8,
    0xb, 0xf9, 0x7d, 0xf2, 0x1, 0x9e, 0xfc, 0x30,

    /* U+0039 "9" */
    0x0, 0x8e, 0xfc, 0x30, 0xa, 0xfa, 0x8d, 0xf2,
    0x1f, 0x80, 0x1, 0xe9, 0x2f, 0x50, 0x0, 0xdb,
    0xd, 0xe4, 0x29, 0xfb, 0x3, 0xdf, 0xfd, 0xeb,
    0x0, 0x3, 0x30, 0xcb, 0x0, 0x0, 0x2, 0xf8,
    0x4, 0xf9, 0x7e, 0xf2, 0x0, 0x9e, 0xfb, 0x30,

    /* U+003A ":" */
    0x49, 0x7, 0xf1, 0x0, 0x0, 0x0, 0x49, 0x7,
    0xf1,

    /* U+003B ";" */
    0x7f, 0x14, 0x90, 0x0, 0x0, 0x0, 0x0, 0x0,
    0x0, 0x5b, 0x17, 0xf1, 0xb, 0x4, 0x60,

    /* U+003C "<" */
    0x0, 0x3, 0xa0, 0x0, 0x3f, 0xa0, 0x3, 0xea,
    0x0, 0xc, 0xe0, 0x0, 0x2, 0xeb, 0x0, 0x0,
    0x2e, 0xb0, 0x0, 0x2, 0x90,

    /* U+003D "=" */
    0x0, 0x0, 0x0, 0x0, 0x5f, 0xff, 0xff, 0xfd,
    0x13, 0x33, 0x33, 0x32, 0x0, 0x0, 0x0, 0x0,
    0x5f, 0xff, 0xff, 0xfd, 0x13, 0x33, 0x33, 0x32,

    /* U+003E ">" */
    0x1b, 0x10, 0x0, 0xcd, 0x10, 0x0, 0xcd, 0x10,
    0x2, 0xf9, 0x1, 0xdc, 0x1, 0xdc, 0x10, 0xa,
    0x10, 0x0,

    /* U+003F "?" */
    0x2, 0xbf, 0xe9, 0x0, 0xde, 0x79, 0xf9, 0x2c,
    0x30, 0xb, 0xd0, 0x0, 0x0, 0xdb, 0x0, 0x0,
    0xaf, 0x20, 0x0, 0xaf, 0x30, 0x0, 0x1f, 0x80,
    0x0, 0x0, 0x41, 0x0, 0x0, 0x1c, 0x40, 0x0,
    0x2, 0xf6, 0x0,

    /* U+0040 "@" */
    0x0, 0x2a, 0xef, 0xe9, 0x20, 0x0, 0x5f, 0xa4,
    0x35, 0xbf, 0x40, 0x1f, 0x70, 0x0, 0x0, 0x9e,
    0x8, 0xd0, 0x4d, 0xfd, 0x90, 0xe5, 0xc7, 0xe,
    0x94, 0xd9, 0xb, 0x9d, 0x62, 0xf1, 0x9, 0x90,
    0xa9, 0xc7, 0xf, 0x50, 0xcb, 0xd, 0x69, 0xb0,
    0x5f, 0xfc, 0xef, 0xc0, 0x3f, 0x50, 0x1, 0x0,
    0x10, 0x0, 0x8f, 0x82, 0x3, 0x20, 0x0, 0x0,
    0x5d, 0xff, 0xf7, 0x0, 0x0, 0x0, 0x1, 0x21,
    0x0, 0x0,

    /* U+0041 "A" */
    0x0, 0x9, 0xfd, 0x0, 0x0, 0x0, 0xee, 0xf2,
    0x0, 0x0, 0x4f, 0x4f, 0x70, 0x0, 0x9, 0xe0,
    0xbc, 0x0, 0x0, 0xe9, 0x6, 0xf2, 0x0, 0x3f,
    0x51, 0x2f, 0x70, 0x9, 0xff, 0xff, 0xff, 0x0,
    0xee, 0x44, 0x4b, 0xf1, 0x3f, 0x40, 0x0, 0x1f,
    0x78, 0xe0, 0x0, 0x0, 0xbc,

    /* U+0042 "B" */
    0xf, 0xff, 0xfe, 0x90, 0x0, 0xfb, 0x66, 0x8f,
    0x90, 0xf, 0x70, 0x0, 0xbd, 0x0, 0xf8, 0x11,
    0x4e, 0xa0, 0xf, 0xff, 0xff, 0xf2, 0x0, 0xfa,
    0x44, 0x6d, 0xd0, 0xf, 0x70, 0x0, 0x4f, 0x40,
    0xf7, 0x0, 0x5, 0xf4, 0xf, 0xb7, 0x78, 0xee,
    0x0, 0xff, 0xff, 0xfc, 0x30,

    /* U+0043 "C" */
    0x0, 0x4b, 0xef, 0xd6, 0x0, 0x6, 0xfd, 0x87,
    0xaf, 0xa0, 0x1f, 0xb0, 0x0, 0x6, 0xf5, 0x6f,
    0x30, 0x0, 0x0, 0x62, 0x8f, 0x0, 0x0, 0x0,
    0x0, 0x8f, 0x0, 0x0, 0x0, 0x0, 0x6f, 0x30,
    0x0, 0x0, 0x62, 0x1f, 0xb0, 0x0, 0x6, 0xf5,
    0x6, 0xfd, 0x87, 0xbf, 0xb0, 0x0, 0x4b, 0xef,
    0xd7, 0x0,

    /* U+0044 "D" */
    0xf, 0xff, 0xfe, 0x91, 0x0, 0xf, 0xb7, 0x79,
    0xfd, 0x0, 0xf, 0x70, 0x0, 0x4f, 0x70, 0xf,
    0x70, 0x0, 0xc, 0xd0, 0xf, 0x70, 0x0, 0x9,
    0xf0, 0xf, 0x70, 0x0, 0x9, 0xf0, 0xf, 0x70,
    0x0, 0xc, 0xd0, 0xf, 0x70, 0x0, 0x3f, 0x80,
    0xf, 0xb7, 0x79, 0xfd, 0x0, 0xf, 0xff, 0xfe,
    0x91, 0x0,

    /* U+0045 "E" */
    0xf, 0xff, 0xff, 0xf6, 0xf, 0xa6, 0x66, 0x62,
    0xf, 0x70, 0x0, 0x0, 0xf, 0x71, 0x11, 0x10,
    0xf, 0xff, 0xff, 0x90, 0xf, 0x94, 0x44, 0x20,
    0xf, 0x70, 0x0, 0x0, 0xf, 0x70, 0x0, 0x0,
    0xf, 0xa6, 0x66, 0x62, 0xf, 0xff, 0xff, 0xf6,

    /* U+0046 "F" */
    0xf, 0xff, 0xff, 0xf0, 0xfb, 0x88, 0x87, 0xf,
    0x70, 0x0, 0x0, 0xf7, 0x0, 0x0, 0xf, 0xff,
    0xff, 0x10, 0xfb, 0x88, 0x80, 0xf, 0x70, 0x0,
    0x0, 0xf7, 0x0, 0x0, 0xf, 0x70, 0x0, 0x0,
    0xf7, 0x0, 0x0,

    /* U+0047 "G" */
    0x0, 0x4b, 0xef, 0xd7, 0x0, 0x5, 0xfd, 0x87,
    0xaf, 0xb0, 0x1f, 0xb0, 0x0, 0x5, 0xc2, 0x6f,
    0x30, 0x0, 0x0, 0x0, 0x8f, 0x0, 0x0, 0xdf,
    0xfa, 0x8f, 0x0, 0x0, 0x23, 0xf9, 0x6f, 0x30,
    0x0, 0x2, 0xf7, 0x1f, 0xb0, 0x0, 0xa, 0xf1,
    0x6, 0xfd, 0x87, 0xcf, 0x60, 0x0, 0x4b, 0xff,
    0xc5, 0x0,

    /* U+0048 "H" */
    0xf, 0x70, 0x0, 0x8, 0xf0, 0xf7, 0x0, 0x0,
    0x8f, 0xf, 0x70, 0x0, 0x8, 0xf0, 0xf7, 0x11,
    0x11, 0x9f, 0xf, 0xff, 0xff, 0xff, 0xf0, 0xf9,
    0x44, 0x44, 0xaf, 0xf, 0x70, 0x0, 0x8, 0xf0,
    0xf7, 0x0, 0x0, 0x8f, 0xf, 0x70, 0x0, 0x8,
    0xf0, 0xf7, 0x0, 0x0, 0x8f,

    /* U+0049 "I" */
    0xe9, 0xe9, 0xe9, 0xe9, 0xe9, 0xe9, 0xe9, 0xe9,
    0xe9, 0xe9,

    /* U+004A "J" */
    0x0, 0x0, 0xcb, 0x0, 0x0, 0xcb, 0x0, 0x0,
    0xcb, 0x0, 0x0, 0xcb, 0x0, 0x0, 0xcb, 0x0,
    0x0, 0xcb, 0x0, 0x0, 0xcb, 0x44, 0x0, 0xdb,
    0xaf, 0x8a, 0xf7, 0x1a, 0xfe, 0x80,

    /* U+004B "K" */
    0xf, 0x70, 0x0, 0xce, 0x20, 0xf7, 0x0, 0xbe,
    0x20, 0xf, 0x70, 0x9f, 0x30, 0x0, 0xf7, 0x8f,
    0x40, 0x0, 0xf, 0xcf, 0x60, 0x0, 0x0, 0xfb,
    0xf9, 0x0, 0x0, 0xf, 0x75, 0xf8, 0x0, 0x0,
    0xf7, 0x6, 0xf7, 0x0, 0xf, 0x70, 0x7, 0xf6,
    0x0, 0xf7, 0x0, 0x8, 0xf5,

    /* U+004C "L" */
    0xe9, 0x0, 0x0, 0xe, 0x90, 0x0, 0x0, 0xe9,
    0x0, 0x0, 0xe, 0x90, 0x0, 0x0, 0xe9, 0x0,
    0x0, 0xe, 0x90, 0x0, 0x0, 0xe9, 0x0, 0x0,
    0xe, 0x90, 0x0, 0x0, 0xec, 0x66, 0x66, 0xe,
    0xff, 0xff, 0xf2,

    /* U+004D "M" */
    0xf, 0x80, 0x0, 0x0, 0xa, 0xe0, 0xff, 0x10,
    0x0, 0x2, 0xfe, 0xf, 0xf8, 0x0, 0x0, 0x9f,
    0xe0, 0xfd, 0xe0, 0x0, 0x1f, 0xde, 0xf, 0x6f,
    0x70, 0x9, 0xe7, 0xe0, 0xf5, 0x8e, 0x1, 0xf6,
    0x7e, 0xf, 0x51, 0xf7, 0x8e, 0x7, 0xe0, 0xf5,
    0x9, 0xef, 0x70, 0x7e, 0xf, 0x50, 0x1f, 0xf0,
    0x7, 0xe0, 0xf5, 0x0, 0x98, 0x0, 0x7e,

    /* U+004E "N" */
    0xf, 0xc0, 0x0, 0x9, 0xe0, 0xff, 0x70, 0x0,
    0x9e, 0xf, 0xef, 0x20, 0x9, 0xe0, 0xf8, 0xdc,
    0x0, 0x9e, 0xf, 0x73, 0xf7, 0x9, 0xe0, 0xf7,
    0x9, 0xf2, 0x9e, 0xf, 0x70, 0xd, 0xc9, 0xe0,
    0xf7, 0x0, 0x4f, 0xee, 0xf, 0x70, 0x0, 0x9f,
    0xe0, 0xf7, 0x0, 0x0, 0xde,

    /* U+004F "O" */
    0x0, 0x4b, 0xef, 0xd7, 0x0, 0x6, 0xfd, 0x87,
    0xaf, 0xb0, 0x1f, 0xb0, 0x0, 0x6, 0xf6, 0x6f,
    0x30, 0x0, 0x0, 0xdc, 0x8f, 0x0, 0x0, 0x0,
    0xae, 0x8f, 0x0, 0x0, 0x0, 0xae, 0x6f, 0x30,
    0x0, 0x0, 0xdc, 0x1f, 0xb0, 0x0, 0x6, 0xf6,
    0x6, 0xfd, 0x87, 0xaf, 0xb0, 0x0, 0x4b, 0xef,
    0xd7, 0x0,

    /* U+0050 "P" */
    0xf, 0xff, 0xff, 0xc3, 0x0, 0xfa, 0x66, 0x7e,
    0xe0, 0xf, 0x70, 0x0, 0x4f, 0x40, 0xf7, 0x0,
    0x3, 0xf5, 0xf, 0x71, 0x12, 0xbf, 0x10, 0xff,
    0xff, 0xff, 0x60, 0xf, 0x94, 0x44, 0x10, 0x0,
    0xf7, 0x0, 0x0, 0x0, 0xf, 0x70, 0x0, 0x0,
    0x0, 0xf7, 0x0, 0x0, 0x0,

    /* U+0051 "Q" */
    0x0, 0x4b, 0xef, 0xd7, 0x0, 0x6, 0xfd, 0x87,
    0xaf, 0xb0, 0x1f, 0xb0, 0x0, 0x6, 0xf6, 0x6f,
    0x30, 0x0, 0x0, 0xdc, 0x8f, 0x0, 0x0, 0x0,
    0xae, 0x8f, 0x0, 0x0, 0x0, 0xae, 0x6f, 0x30,
    0x0, 0x33, 0xdc, 0x1f, 0xb0, 0x0, 0x9f, 0xf6,
    0x6, 0xfd, 0x87, 0xbf, 0xf4, 0x0, 0x4b, 0xef,
    0xd7, 0x95,

    /* U+0052 "R" */
    0xf, 0xff, 0xff, 0xc3, 0x0, 0xfa, 0x66, 0x7e,
    0xe0, 0xf, 0x70, 0x0, 0x4f, 0x40, 0xf7, 0x0,
    0x3, 0xf4, 0xf, 0x71, 0x12, 0xbf, 0x10, 0xff,
    0xff, 0xff, 0x60, 0xf, 0x94, 0x4f, 0xe0, 0x0,
    0xf7, 0x0, 0x4f, 0x50, 0xf, 0x70, 0x0, 0xdd,
    0x0, 0xf7, 0x0, 0x5, 0xf4,

    /* U+0053 "S" */
    0x1, 0x9e, 0xfe, 0x80, 0x0, 0xbf, 0xa7, 0xaf,
    0xc0, 0xf, 0x80, 0x0, 0x7f, 0x40, 0xec, 0x20,
    0x0, 0x0, 0x3, 0xdf, 0xd8, 0x40, 0x0, 0x0,
    0x37, 0xcf, 0xb0, 0x2, 0x0, 0x0, 0x4f, 0x65,
    0xf7, 0x0, 0x2, 0xf7, 0xc, 0xfa, 0x78, 0xee,
    0x10, 0x8, 0xdf, 0xea, 0x20,

    /* U+0054 "T" */
    0xdf, 0xff, 0xff, 0xff, 0x55, 0x66, 0xbf, 0x66,
    0x62, 0x0, 0x8, 0xf0, 0x0, 0x0, 0x0, 0x8f,
    0x0, 0x0, 0x0, 0x8, 0xf0, 0x0, 0x0, 0x0,
    0x8f, 0x0, 0x0, 0x0, 0x8, 0xf0, 0x0, 0x0,
    0x0, 0x8f, 0x0, 0x0, 0x0, 0x8, 0xf0, 0x0,
    0x0, 0x0, 0x8f, 0x0, 0x0,

    /* U+0055 "U" */
    0xf, 0x70, 0x0, 0x7, 0xf0, 0xf, 0x70, 0x0,
    0x7, 0xf0, 0xf, 0x70, 0x0, 0x7, 0xf0, 0xf,
    0x70, 0x0, 0x7, 0xf0, 0xf, 0x70, 0x0, 0x7,
    0xf0, 0xf, 0x70, 0x0, 0x7, 0xf0, 0xf, 0x80,
    0x0, 0x8, 0xf0, 0xc, 0xd0, 0x0, 0x1e, 0xc0,
    0x4, 0xfe, 0x88, 0xef, 0x40, 0x0, 0x4b, 0xff,
    0xb4, 0x0,

    /* U+0056 "V" */
    0xcc, 0x0, 0x0, 0xf, 0x97, 0xf1, 0x0, 0x4,
    0xf3, 0x1f, 0x60, 0x0, 0xae, 0x0, 0xcb, 0x0,
    0xe, 0x90, 0x7, 0xf1, 0x4, 0xf4, 0x0, 0x2f,
    0x60, 0x9e, 0x0, 0x0, 0xcb, 0xe, 0x90, 0x0,
    0x7, 0xf5, 0xf4, 0x0, 0x0, 0x2f, 0xee, 0x0,
    0x0, 0x0, 0xdf, 0x90, 0x0,

    /* U+0057 "W" */
    0xad, 0x0, 0x2, 0xfa, 0x0, 0x6, 0xf2, 0x6f,
    0x20, 0x7, 0xfe, 0x0, 0xa, 0xd0, 0x1f, 0x60,
    0xb, 0xef, 0x30, 0xe, 0x80, 0xc, 0xb0, 0xf,
    0x7f, 0x70, 0x3f, 0x40, 0x7, 0xf0, 0x4f, 0x2b,
    0xc0, 0x8f, 0x0, 0x3, 0xf4, 0x9d, 0x6, 0xf0,
    0xca, 0x0, 0x0, 0xe8, 0xd9, 0x1, 0xf6, 0xf6,
    0x0, 0x0, 0x9e, 0xf4, 0x0, 0xde, 0xf1, 0x0,
    0x0, 0x5f, 0xf0, 0x0, 0x8f, 0xc0, 0x0, 0x0,
    0xf, 0xb0, 0x0, 0x4f, 0x80, 0x0,

    /* U+0058 "X" */
    0x6f, 0x50, 0x0, 0x6f, 0x60, 0xbe, 0x10, 0x1f,
    0xb0, 0x2, 0xfa, 0xb, 0xe1, 0x0, 0x6, 0xfa,
    0xf5, 0x0, 0x0, 0xb, 0xfa, 0x0, 0x0, 0x0,
    0xcf, 0xb0, 0x0, 0x0, 0x7f, 0x8f, 0x60, 0x0,
    0x2f, 0x90, 0xaf, 0x20, 0xd, 0xe0, 0x1, 0xec,
    0x8, 0xf4, 0x0, 0x5, 0xf7,

    /* U+0059 "Y" */
    0xbe, 0x10, 0x0, 0xbe, 0x12, 0xf9, 0x0, 0x4f,
    0x60, 0x8, 0xf2, 0xd, 0xd0, 0x0, 0xe, 0xb7,
    0xf4, 0x0, 0x0, 0x6f, 0xfa, 0x0, 0x0, 0x0,
    0xcf, 0x20, 0x0, 0x0, 0x9, 0xe0, 0x0, 0x0,
    0x0, 0x9e, 0x0, 0x0, 0x0, 0x9, 0xe0, 0x0,
    0x0, 0x0, 0x9e, 0x0, 0x0,

    /* U+005A "Z" */
    0xf, 0xff, 0xff, 0xff, 0x30, 0x66, 0x66, 0x9f,
    0x90, 0x0, 0x0, 0xc, 0xe1, 0x0, 0x0, 0x7,
    0xf5, 0x0, 0x0, 0x1, 0xfb, 0x0, 0x0, 0x0,
    0xaf, 0x20, 0x0, 0x0, 0x4f, 0x80, 0x0, 0x0,
    0xd, 0xd0, 0x0, 0x0, 0x8, 0xfa, 0x66, 0x66,
    0x12, 0xff, 0xff, 0xff, 0xf4,

    /* U+005B "[" */
    0x1, 0x11, 0xf, 0xfe, 0xf, 0x73, 0xf, 0x40,
    0xf, 0x40, 0xf, 0x40, 0xf, 0x40, 0xf, 0x40,
    0xf, 0x40, 0xf, 0x40, 0xf, 0x40, 0xf, 0x40,
    0xf, 0x40, 0xf, 0x40, 0xf, 0x40, 0xf, 0x51,
    0xf, 0xfe, 0x4, 0x43,

    /* U+005C "\\" */
    0xf, 0x70, 0x0, 0xcb, 0x0, 0x7, 0xf0, 0x0,
    0x3f, 0x40, 0x0, 0xe8, 0x0, 0xa, 0xc0, 0x0,
    0x6f, 0x10, 0x2, 0xf5, 0x0, 0xd, 0x90, 0x0,
    0x9d,

    /* U+005D "]" */
    0x1, 0x11, 0xf, 0xfe, 0x4, 0x9e, 0x0, 0x6e,
    0x0, 0x6e, 0x0, 0x6e, 0x0, 0x6e, 0x0, 0x6e,
    0x0, 0x6e, 0x0, 0x6e, 0x0, 0x6e, 0x0, 0x6e,
    0x0, 0x6e, 0x0, 0x6e, 0x0, 0x6e, 0x1, 0x7e,
    0xf, 0xfe, 0x4, 0x43,

    /* U+005E "^" */
    0x0, 0x4, 0x10, 0x0, 0x0, 0x4f, 0xd1, 0x0,
    0x4, 0xf9, 0xdc, 0x0, 0x3f, 0x90, 0x1d, 0xc0,
    0x18, 0x0, 0x2, 0x60,

    /* U+005F "_" */
    0x0, 0x0, 0x0, 0x0, 0x0, 0xff, 0xff, 0xff,
    0xff, 0xf3, 0x33, 0x33, 0x33, 0x33, 0x30,

    /* U+0060 "`" */
    0x44, 0x4, 0xd0, 0xe, 0x40,

    /* U+0061 "a" */
    0x2, 0xbf, 0xfb, 0x20, 0xd, 0xe7, 0x7e, 0xd0,
    0x5, 0x20, 0x7, 0xf1, 0x1, 0x8c, 0xef, 0xf2,
    0x1e, 0xd7, 0x48, 0xf2, 0x6f, 0x10, 0x9, 0xf2,
    0x4f, 0x84, 0x8f, 0xf2, 0x8, 0xef, 0xb4, 0xf2,

    /* U+0062 "b" */
    0xf, 0x70, 0x0, 0x0, 0xf, 0x70, 0x0, 0x0,
    0xf, 0xbd, 0xfd, 0x50, 0xf, 0xf8, 0x6c, 0xf4,
    0xf, 0xf0, 0x1, 0xeb, 0xf, 0xa0, 0x0, 0xbe,
    0xf, 0xa0, 0x0, 0xbe, 0xf, 0xe0, 0x1, 0xeb,
    0xf, 0xf8, 0x6c, 0xf4, 0xf, 0x8d, 0xfd, 0x50,

    /* U+0063 "c" */
    0x0, 0x9e, 0xfc, 0x30, 0xb, 0xf9, 0x7d, 0xf2,
    0x3f, 0x70, 0x1, 0x92, 0x6f, 0x30, 0x0, 0x0,
    0x6f, 0x20, 0x0, 0x0, 0x3f, 0x70, 0x1, 0x82,
    0xb, 0xf9, 0x7d, 0xf1, 0x0, 0x9e, 0xfc, 0x30,

    /* U+0064 "d" */
    0x0, 0x0, 0x0, 0xf8, 0x0, 0x0, 0x0, 0xf8,
    0x0, 0xae, 0xe9, 0xf8, 0xb, 0xf8, 0x6c, 0xf8,
    0x3f, 0x70, 0x1, 0xf9, 0x6f, 0x30, 0x0, 0xfc,
    0x6f, 0x30, 0x0, 0xfc, 0x3f, 0x70, 0x2, 0xf9,
    0xb, 0xf8, 0x6d, 0xf8, 0x1, 0xaf, 0xe9, 0xc8,

    /* U+0065 "e" */
    0x0, 0x8e, 0xfc, 0x40, 0xb, 0xf8, 0x6b, 0xf2,
    0x3f, 0x60, 0x0, 0xe9, 0x6f, 0xff, 0xff, 0xfc,
    0x6f, 0x52, 0x22, 0x42, 0x3f, 0x70, 0x0, 0x93,
    0xb, 0xf9, 0x7d, 0xf3, 0x0, 0x8e, 0xfc, 0x30,

    /* U+0066 "f" */
    0x0, 0xaf, 0xf0, 0x4, 0xf8, 0x30, 0x9f, 0xff,
    0xf0, 0x18, 0xf5, 0x30, 0x5, 0xf2, 0x0, 0x5,
    0xf2, 0x0, 0x5, 0xf2, 0x0, 0x5, 0xf2, 0x0,
    0x5, 0xf2, 0x0, 0x5, 0xf2, 0x0,

    /* U+0067 "g" */
    0x0, 0xae, 0xe9, 0xd8, 0xb, 0xe4, 0x3a, 0xf8,
    0x3f, 0x50, 0x0, 0xf9, 0x6f, 0x20, 0x0, 0xfc,
    0x6f, 0x30, 0x0, 0xfc, 0x3f, 0x70, 0x2, 0xf9,
    0xb, 0xf8, 0x6d, 0xf8, 0x1, 0xaf, 0xe9, 0xf8,
    0x0, 0x10, 0x2, 0xf7, 0x9, 0xf8, 0x8d, 0xf2,
    0x1, 0x9e, 0xfc, 0x40,

    /* U+0068 "h" */
    0xf, 0x40, 0x0, 0x0, 0xf, 0x40, 0x0, 0x0,
    0xf, 0x7b, 0xfe, 0x60, 0xf, 0xfb, 0x8d, 0xf4,
    0xf, 0xf0, 0x1, 0xf9, 0xf, 0xd0, 0x0, 0xcb,
    0xf, 0x70, 0x0, 0xbc, 0xf, 0x70, 0x0, 0xbc,
    0xf, 0x70, 0x0, 0xbc, 0xf, 0x70, 0x0, 0xbc,

    /* U+0069 "i" */
    0xe9, 0x64, 0xe9, 0xe9, 0xe9, 0xe9, 0xe9, 0xe9,
    0xe9, 0xe9,

    /* U+006A "j" */
    0x0, 0xad, 0x0, 0x46, 0x0, 0xad, 0x0, 0xad,
    0x0, 0xad, 0x0, 0xad, 0x0, 0xad, 0x0, 0xad,
    0x0, 0xad, 0x0, 0xad, 0x0, 0xad, 0x7, 0xfc,
    0x2f, 0xe4,

    /* U+006B "k" */
    0xf, 0x70, 0x0, 0x0, 0xf, 0x70, 0x0, 0x0,
    0xf, 0x70, 0x1e, 0xd0, 0xf, 0x70, 0xbf, 0x20,
    0xf, 0x77, 0xf5, 0x0, 0xf, 0xbf, 0x80, 0x0,
    0xf, 0xbf, 0x90, 0x0, 0xf, 0x76, 0xf7, 0x0,
    0xf, 0x70, 0x9f, 0x50, 0xf, 0x70, 0xc, 0xf3,

    /* U+006C "l" */
    0xe9, 0xe9, 0xe9, 0xe9, 0xe9, 0xe9, 0xe9, 0xe9,
    0xe9, 0xe9,

    /* U+006D "m" */
    0xf, 0x8d, 0xfc, 0x29, 0xfe, 0x70, 0xf, 0xf7,
    0x7f, 0xfc, 0x6b, 0xf3, 0xf, 0xe0, 0x9, 0xf1,
    0x1, 0xf7, 0xf, 0x70, 0x7, 0xf0, 0x0, 0xf8,
    0xf, 0x70, 0x7, 0xf0, 0x0, 0xf8, 0xf, 0x70,
    0x7, 0xf0, 0x0, 0xf8, 0xf, 0x70, 0x7, 0xf0,
    0x0, 0xf8, 0xf, 0x70, 0x7, 0xf0, 0x0, 0xf8,

    /* U+006E "n" */
    0xf, 0x7b, 0xfe, 0x60, 0xf, 0xfb, 0x8d, 0xf4,
    0xf, 0xf0, 0x1, 0xf9, 0xf, 0xe0, 0x0, 0xcb,
    0xf, 0x70, 0x0, 0xbc, 0xf, 0x70, 0x0, 0xbc,
    0xf, 0x70, 0x0, 0xbc, 0xf, 0x70, 0x0, 0xbc,

    /* U+006F "o" */
    0x0, 0x8e, 0xfc, 0x40, 0xb, 0xf9, 0x7d, 0xf3,
    0x3f, 0x70, 0x0, 0xeb, 0x6f, 0x30, 0x0, 0xae,
    0x6f, 0x20, 0x0, 0xae, 0x2f, 0x70, 0x0, 0xeb,
    0xb, 0xf9, 0x7d, 0xf3, 0x0, 0x8e, 0xfc, 0x40,

    /* U+0070 "p" */
    0xf, 0x9d, 0xfd, 0x50, 0xf, 0xf8, 0x6c, 0xf4,
    0xf, 0xd0, 0x1, 0xeb, 0xf, 0xa0, 0x0, 0xbe,
    0xf, 0xa0, 0x0, 0xbe, 0xf, 0xf0, 0x1, 0xeb,
    0xf, 0xf8, 0x6c, 0xf4, 0xf, 0xbd, 0xfd, 0x50,
    0xf, 0x70, 0x0, 0x0, 0xf, 0x70, 0x0, 0x0,
    0xf, 0x70, 0x0, 0x0,

    /* U+0071 "q" */
    0x0, 0xae, 0xe9, 0xd8, 0xb, 0xf8, 0x6c, 0xf8,
    0x3f, 0x70, 0x1, 0xf9, 0x6f, 0x30, 0x0, 0xfc,
    0x6f, 0x30, 0x0, 0xfc, 0x3f, 0x70, 0x2, 0xf9,
    0xb, 0xf8, 0x6d, 0xf8, 0x1, 0xaf, 0xe9, 0xf8,
    0x0, 0x0, 0x0, 0xf8, 0x0, 0x0, 0x0, 0xf8,
    0x0, 0x0, 0x0, 0xf8,

    /* U+0072 "r" */
    0xf, 0x6c, 0xf1, 0xf, 0xfb, 0x60, 0xf, 0xc0,
    0x0, 0xf, 0x80, 0x0, 0xf, 0x70, 0x0, 0xf,
    0x70, 0x0, 0xf, 0x70, 0x0, 0xf, 0x70, 0x0,

    /* U+0073 "s" */
    0x4, 0xcf, 0xe9, 0x0, 0xfc, 0x67, 0xf9, 0x1f,
    0x60, 0x5, 0x40, 0xaf, 0xd9, 0x30, 0x0, 0x27,
    0xcf, 0x82, 0x71, 0x0, 0xad, 0x2f, 0xd6, 0x6e,
    0xb0, 0x4c, 0xfe, 0xa1,

    /* U+0074 "t" */
    0x6, 0xf1, 0x0, 0x6, 0xf1, 0x0, 0xdf, 0xff,
    0xf5, 0x29, 0xf4, 0x31, 0x6, 0xf1, 0x0, 0x6,
    0xf1, 0x0, 0x6, 0xf1, 0x0, 0x6, 0xf1, 0x0,
    0x4, 0xfa, 0x62, 0x0, 0x9e, 0xf4,

    /* U+0075 "u" */
    0x2f, 0x50, 0x0, 0xda, 0x2f, 0x50, 0x0, 0xda,
    0x2f, 0x50, 0x0, 0xda, 0x2f, 0x50, 0x0, 0xda,
    0x2f, 0x60, 0x0, 0xfa, 0xf, 0xa0, 0x2, 0xfa,
    0xa, 0xfa, 0x7d, 0xfa, 0x1, 0xae, 0xe8, 0xba,

    /* U+0076 "v" */
    0x8e, 0x0, 0x6, 0xf1, 0x3f, 0x30, 0xb, 0xb0,
    0xd, 0x90, 0x1f, 0x60, 0x8, 0xe0, 0x6f, 0x10,
    0x2, 0xf3, 0xbb, 0x0, 0x0, 0xda, 0xf5, 0x0,
    0x0, 0x7f, 0xf0, 0x0, 0x0, 0x2f, 0xa0, 0x0,

    /* U+0077 "w" */
    0x9e, 0x0, 0x3f, 0x50, 0xc, 0xa4, 0xf2, 0x8,
    0xf9, 0x1, 0xf5, 0xf, 0x70, 0xdc, 0xe0, 0x6f,
    0x10, 0xbb, 0x1f, 0x3f, 0x3a, 0xc0, 0x6, 0xf7,
    0xd0, 0xc7, 0xe7, 0x0, 0x2f, 0xe8, 0x7, 0xef,
    0x30, 0x0, 0xdf, 0x30, 0x2f, 0xe0, 0x0, 0x8,
    0xe0, 0x0, 0xda, 0x0,

    /* U+0078 "x" */
    0x7f, 0x40, 0xa, 0xf2, 0xb, 0xe1, 0x5f, 0x50,
    0x1, 0xeb, 0xea, 0x0, 0x0, 0x5f, 0xe1, 0x0,
    0x0, 0x6f, 0xe1, 0x0, 0x2, 0xfa, 0xeb, 0x0,
    0xc, 0xd0, 0x4f, 0x60, 0x8f, 0x30, 0x9, 0xf2,

    /* U+0079 "y" */
    0x9e, 0x0, 0x1, 0xf5, 0x3f, 0x40, 0x7, 0xf0,
    0xc, 0xb0, 0xd, 0x90, 0x6, 0xf1, 0x3f, 0x30,
    0x0, 0xf7, 0x9d, 0x0, 0x0, 0x9e, 0xf7, 0x0,
    0x0, 0x3f, 0xf1, 0x0, 0x0, 0xf, 0xb0, 0x0,
    0x0, 0x1f, 0x50, 0x0, 0x0, 0x7e, 0x0, 0x0,
    0x0, 0xd9, 0x0, 0x0,

    /* U+007A "z" */
    0x5f, 0xff, 0xff, 0xb1, 0x55, 0x5c, 0xf1, 0x0,
    0x3, 0xf6, 0x0, 0x0, 0xdb, 0x0, 0x0, 0x8f,
    0x10, 0x0, 0x3f, 0x60, 0x0, 0xd, 0xe5, 0x55,
    0x38, 0xff, 0xff, 0xfb,

    /* U+007B "{" */
    0x0, 0x1, 0x10, 0xa, 0xf9, 0x2, 0xf8, 0x20,
    0x3f, 0x20, 0x3, 0xf2, 0x0, 0x3f, 0x20, 0x3,
    0xf2, 0x0, 0x4f, 0x20, 0xc, 0xd0, 0x0, 0xdc,
    0x0, 0x5, 0xf2, 0x0, 0x3f, 0x20, 0x3, 0xf2,
    0x0, 0x3f, 0x20, 0x3, 0xf2, 0x0, 0x2f, 0x61,
    0x0, 0xdf, 0x90, 0x0, 0x42,

    /* U+007C "|" */
    0xbb, 0xbb, 0xbb, 0xbb, 0xbb, 0xbb, 0xbb, 0xbb,
    0xbb, 0xbb,

    /* U+007D "}" */
    0x1, 0x0, 0x6, 0xfc, 0x0, 0x26, 0xf4, 0x0,
    0xf, 0x50, 0x0, 0xf5, 0x0, 0xf, 0x50, 0x0,
    0xf5, 0x0, 0xf, 0x60, 0x0, 0xbe, 0x0, 0x9,
    0xf1, 0x0, 0xf7, 0x0, 0xf, 0x50, 0x0, 0xf5,
    0x0, 0xf, 0x50, 0x0, 0xf5, 0x0, 0x4f, 0x50,
    0x6f, 0xe1, 0x2, 0x41, 0x0,

    /* U+007E "~" */
    0xc, 0xe8, 0x3, 0xf2, 0x5f, 0xbf, 0xec, 0xf2,
    0x6f, 0x2, 0xbf, 0x90,

    /* U+00A0 " " */

    /* U+00A1 "¡" */
    0x5f, 0x22, 0x71, 0x3c, 0x15, 0xf2, 0x5f, 0x25,
    0xf2, 0x5f, 0x25, 0xf2, 0x5f, 0x25, 0xf2,

    /* U+00A2 "¢" */
    0x0, 0x5, 0xd0, 0x0, 0x0, 0x4b, 0xf7, 0x0,
    0x7, 0xfd, 0xcf, 0xd0, 0x1f, 0xa0, 0x4, 0xe4,
    0x5f, 0x40, 0x0, 0x0, 0x6f, 0x20, 0x0, 0x0,
    0x4f, 0x40, 0x0, 0x20, 0xe, 0xd2, 0x8, 0xf4,
    0x4, 0xef, 0xff, 0x90, 0x0, 0x8, 0xe2, 0x0,
    0x0, 0x3, 0x90, 0x0,

    /* U+00A3 "£" */
    0x0, 0x2b, 0xfd, 0x30, 0x0, 0xde, 0x7b, 0xf1,
    0x1, 0xf7, 0x0, 0x82, 0x3, 0xf8, 0x21, 0x0,
    0x7f, 0xff, 0xfa, 0x0, 0x26, 0xfb, 0x53, 0x0,
    0x1, 0xf6, 0x0, 0x0, 0x2, 0xf6, 0x0, 0x0,
    0x3b, 0xfa, 0x66, 0x60, 0x7f, 0xff, 0xff, 0xe0,

    /* U+00A4 "¤" */
    0x5, 0x0, 0x0, 0x3, 0x15, 0xfb, 0xdf, 0xeb,
    0xf9, 0xd, 0xf9, 0x47, 0xff, 0x0, 0xd8, 0x0,
    0x5, 0xf1, 0xf, 0x40, 0x0, 0xf, 0x40, 0xe7,
    0x0, 0x3, 0xf2, 0xc, 0xf6, 0x14, 0xff, 0x4,
    0xff, 0xff, 0xff, 0xf8, 0x18, 0x1, 0x31, 0x6,
    0x30,

    /* U+00A5 "¥" */
    0xbe, 0x10, 0x0, 0xbe, 0x12, 0xf9, 0x0, 0x5f,
    0x60, 0x8, 0xf3, 0xe, 0xc0, 0x0, 0xd, 0xd8,
    0xf3, 0x0, 0x0, 0x5f, 0xf9, 0x0, 0x0, 0xaf,
    0xff, 0xff, 0x0, 0x2, 0x3c, 0xf3, 0x30, 0x0,
    0xaf, 0xff, 0xff, 0x0, 0x1, 0x3c, 0xf3, 0x20,
    0x0, 0x0, 0x9e, 0x0, 0x0,

    /* U+00A6 "¦" */
    0xbb, 0xbb, 0xbb, 0xbb, 0xbb, 0x88, 0x0, 0x88,
    0xbb, 0xbb, 0xbb, 0xbb, 0xbb,

    /* U+00A7 "§" */
    0x0, 0x0, 0x0, 0x0, 0x4d, 0xfe, 0x60, 0xf,
    0xb4, 0xaf, 0x41, 0xf8, 0x0, 0x61, 0x8, 0xff,
    0xa4, 0x0, 0xbd, 0x9a, 0xfa, 0x4f, 0x30, 0x9,
    0xf1, 0xee, 0x98, 0xea, 0x1, 0x7c, 0xff, 0x40,
    0x31, 0x1, 0xdb, 0x1f, 0xc2, 0x3e, 0xa0, 0x5f,
    0xff, 0xd2, 0x0, 0x3, 0x30, 0x0,

    /* U+00A8 "¨" */
    0x2, 0x1, 0x15, 0xf1, 0x8e, 0x15, 0x2, 0x40,

    /* U+00A9 "©" */
    0x0, 0x0, 0x1, 0x10, 0x0, 0x0, 0x0, 0x7,
    0xef, 0xfe, 0x70, 0x0, 0x0, 0xcf, 0xa5, 0x5a,
    0xfc, 0x10, 0xa, 0xf3, 0x5d, 0xe8, 0x3e, 0xa0,
    0x2f, 0x63, 0xf5, 0x4e, 0x55, 0xf2, 0x7f, 0x8,
    0xa0, 0x0, 0x0, 0xf7, 0x8d, 0x9, 0xa0, 0x0,
    0x0, 0xd9, 0x7e, 0x5, 0xe2, 0x1b, 0x40, 0xe7,
    0x3f, 0x40, 0xaf, 0xfb, 0x4, 0xf3, 0xc, 0xe1,
    0x0, 0x10, 0x1d, 0xc0, 0x2, 0xef, 0x72, 0x26,
    0xee, 0x20, 0x0, 0x1a, 0xff, 0xff, 0xa1, 0x0,
    0x0, 0x0, 0x14, 0x41, 0x0, 0x0,

    /* U+00AA "ª" */
    0xa, 0xc6, 0x6, 0x7e, 0x4b, 0x4e, 0x3c, 0xad,

    /* U+00AB "«" */
    0x0, 0x0, 0x0, 0x0, 0xc, 0x23, 0xc0, 0xa,
    0xa1, 0xd5, 0x6, 0xd0, 0xb9, 0x0, 0x8b, 0xd,
    0x70, 0x0, 0xc8, 0x2e, 0x30, 0x1, 0xe2, 0x5d,
    0x0, 0x1, 0x0, 0x10,

    /* U+00AC "¬" */
    0x0, 0x0, 0x0, 0x0, 0x2f, 0xff, 0xff, 0xf9,
    0x3, 0x33, 0x33, 0xa9, 0x0, 0x0, 0x0, 0x66,

    /* U+00AD "­" */
    0x0, 0x0, 0x0, 0x2f, 0xff, 0xf0, 0x3, 0x33,
    0x30,

    /* U+00AE "®" */
    0x0, 0x3b, 0xec, 0x30, 0x0, 0x4f, 0x52, 0x5e,
    0x40, 0xd, 0x47, 0x87, 0x4d, 0x0, 0xf0, 0x99,
    0x80, 0xf0, 0xe, 0x39, 0x9, 0x2e, 0x0, 0x6e,
    0x30, 0x3d, 0x60, 0x0, 0x6e, 0xff, 0x60, 0x0,
    0x0, 0x1, 0x0, 0x0,

    /* U+00AF "¯" */
    0x0, 0x0, 0x5, 0xff, 0xf5, 0x3, 0x33, 0x10,

    /* U+00B0 "°" */
    0x0, 0x0, 0x0, 0x7, 0xff, 0x60, 0x4f, 0x67,
    0xf3, 0x8c, 0x0, 0xe6, 0x6f, 0x34, 0xf4, 0xa,
    0xff, 0x90, 0x0, 0x22, 0x0,

    /* U+00B1 "±" */
    0x0, 0x6, 0xc0, 0x0, 0x0, 0x6, 0xc0, 0x0,
    0x2f, 0xff, 0xff, 0xf9, 0x3, 0x38, 0xd3, 0x31,
    0x0, 0x3, 0x70, 0x0, 0x0, 0x0, 0x0, 0x0,
    0x2f, 0xff, 0xff, 0xf9, 0x3, 0x33, 0x33, 0x31,

    /* U+00B2 "²" */
    0x7, 0xed, 0x40, 0x2d, 0x13, 0xe0, 0x0, 0x4,
    0xd0, 0x0, 0x5d, 0x30, 0x8, 0xc1, 0x0, 0x4f,
    0xff, 0xf0,

    /* U+00B3 "³" */
    0x2f, 0xff, 0xa0, 0x6, 0xc2, 0x3, 0xfd, 0x10,
    0x0, 0x7a, 0x27, 0x7, 0xa0, 0xae, 0xc1,

    /* U+00B4 "´" */
    0x2, 0x70, 0x99, 0xe, 0x20,

    /* U+00B5 "µ" */
    0xf, 0x70, 0x0, 0xbc, 0xf, 0x70, 0x0, 0xbc,
    0xf, 0x70, 0x0, 0xbc, 0xf, 0x70, 0x0, 0xbc,
    0xf, 0x70, 0x0, 0xcc, 0xf, 0xb0, 0x0, 0xec,
    0xf, 0xf8, 0x4a, 0xfc, 0xf, 0xdf, 0xea, 0xac,
    0xf, 0x40, 0x0, 0x0, 0xf, 0x40, 0x0, 0x0,
    0xf, 0x40, 0x0, 0x0,

    /* U+00B6 "¶" */
    0x1, 0xaf, 0xff, 0x3a, 0xd0, 0xbf, 0xff, 0xf3,
    0xad, 0x1f, 0xff, 0xff, 0x3a, 0xd2, 0xff, 0xff,
    0xf3, 0xad, 0xf, 0xff, 0xff, 0x3a, 0xd0, 0x8f,
    0xff, 0xf3, 0xad, 0x0, 0x59, 0xbf, 0x3a, 0xd0,
    0x0, 0x4, 0xf3, 0xad, 0x0, 0x0, 0x4f, 0x3a,
    0xd0, 0x0, 0x4, 0xf3, 0xad, 0x0, 0x0, 0x4f,
    0x3a, 0xd0, 0x0, 0x4, 0xf3, 0xad, 0x0, 0x0,
    0x16, 0x14, 0x50,

    /* U+00B7 "·" */
    0xd, 0x70, 0xe8,

    /* U+00B8 "¸" */
    0x3, 0x20, 0xc, 0x60, 0x4, 0xf0, 0x2f, 0xb0,
    0x1, 0x0,

    /* U+00B9 "¹" */
    0xb, 0xf0, 0x15, 0xf0, 0x0, 0xf0, 0x0, 0xf0,
    0x0, 0xf0, 0x0, 0xf0,

    /* U+00BA "º" */
    0x9, 0xc8, 0x5, 0xa0, 0xb3, 0x59, 0xb, 0x30,
    0xbc, 0xa0,

    /* U+00BB "»" */
    0x0, 0x0, 0x0, 0x0, 0xc2, 0x2c, 0x0, 0x6,
    0xd0, 0xb9, 0x0, 0xa, 0xa1, 0xd6, 0x0, 0x7c,
    0xc, 0x80, 0x4e, 0x28, 0xc0, 0xd, 0x42, 0xe1,
    0x0, 0x10, 0x1, 0x0,

    /* U+00BC "¼" */
    0x3, 0x70, 0x0, 0x0, 0x4, 0x0, 0x2, 0xdf,
    0x0, 0x0, 0x4, 0xf2, 0x0, 0x0, 0xf0, 0x0,
    0x1, 0xe6, 0x0, 0x0, 0xf, 0x0, 0x0, 0xba,
    0x0, 0x0, 0x0, 0xf0, 0x0, 0x6e, 0x10, 0x91,
    0x0, 0xf, 0x0, 0x2f, 0x40, 0x5c, 0x0, 0x0,
    0xf0, 0xc, 0x80, 0xc, 0x50, 0x0, 0x0, 0x8,
    0xd0, 0x3, 0xe1, 0xb0, 0x0, 0x4, 0xf2, 0x0,
    0xa7, 0x1e, 0x0, 0x1, 0xe6, 0x0, 0xe, 0xff,
    0xf7, 0x0, 0x4a, 0x0, 0x0, 0x0, 0x1e, 0x0,
    0x0, 0x0, 0x0, 0x0, 0x0, 0x0,

    /* U+00BD "½" */
    0x3, 0x70, 0x0, 0x0, 0x4, 0x0, 0x0, 0x2d,
    0xf0, 0x0, 0x0, 0x4f, 0x20, 0x0, 0x0, 0xf0,
    0x0, 0x1, 0xe5, 0x0, 0x0, 0x0, 0xf0, 0x0,
    0xb, 0xa0, 0x0, 0x0, 0x0, 0xf0, 0x0, 0x6e,
    0x15, 0xee, 0x40, 0x0, 0xf0, 0x2, 0xf3, 0xf,
    0x33, 0xe0, 0x0, 0xf0, 0xd, 0x80, 0x4, 0x0,
    0xf1, 0x0, 0x0, 0x9c, 0x0, 0x0, 0x9, 0xc0,
    0x0, 0x4, 0xf2, 0x0, 0x0, 0x9c, 0x10, 0x0,
    0x1e, 0x50, 0x0, 0x9, 0xc1, 0x0, 0x0, 0x49,
    0x0, 0x0, 0x2f, 0xff, 0xf1,

    /* U+00BE "¾" */
    0x0, 0x0, 0x0, 0x0, 0x0, 0x0, 0x0, 0x2f,
    0xff, 0xa0, 0x0, 0x1, 0xc1, 0x0, 0x0, 0x6c,
    0x20, 0x0, 0xc, 0x90, 0x0, 0x3, 0xfc, 0x20,
    0x0, 0x8d, 0x0, 0x0, 0x0, 0x7, 0xa0, 0x4,
    0xf2, 0x18, 0x0, 0x28, 0x7, 0xa0, 0x1e, 0x50,
    0x89, 0x0, 0xa, 0xeb, 0x10, 0xc9, 0x0, 0xe2,
    0x0, 0x0, 0x0, 0x8, 0xd0, 0x6, 0xb4, 0xb0,
    0x0, 0x0, 0x4f, 0x20, 0xd, 0x44, 0xb0, 0x0,
    0x1, 0xe6, 0x0, 0x1f, 0xff, 0xf4, 0x0, 0x5,
    0x90, 0x0, 0x0, 0x4, 0xb0, 0x0, 0x0, 0x0,
    0x0, 0x0, 0x0, 0x0,

    /* U+00BF "¿" */
    0x0, 0xc, 0xb0, 0x0, 0x0, 0x98, 0x0, 0x0,
    0x3, 0x20, 0x0, 0x0, 0xea, 0x0, 0x0, 0x7f,
    0x50, 0x0, 0x7f, 0x70, 0x0, 0x1f, 0x80, 0x0,
    0x4, 0xf4, 0x0, 0x56, 0x1f, 0xb2, 0x4e, 0x90,
    0x6f, 0xff, 0xc1, 0x0, 0x14, 0x30, 0x0,

    /* U+00C0 "À" */
    0x0, 0xe, 0x30, 0x0, 0x0, 0x0, 0x89, 0x0,
    0x0, 0x0, 0x1, 0x70, 0x0, 0x0, 0x0, 0x0,
    0x0, 0x0, 0x0, 0x9, 0xfd, 0x0, 0x0, 0x0,
    0xee, 0xf2, 0x0, 0x0, 0x4f, 0x4f, 0x70, 0x0,
    0x9, 0xe0, 0xbc, 0x0, 0x0, 0xe9, 0x5, 0xf2,
    0x0, 0x3f, 0x61, 0x2f, 0x70, 0x9, 0xff, 0xff,
    0xff, 0x0, 0xee, 0x44, 0x4b, 0xf1, 0x3f, 0x40,
    0x0, 0x1f, 0x78, 0xe0, 0x0, 0x0, 0xbc,

    /* U+00C1 "Á" */
    0x0, 0x0, 0xf, 0x20, 0x0, 0x0, 0x6, 0xb0,
    0x0, 0x0, 0x0, 0x63, 0x0, 0x0, 0x0, 0x0,
    0x0, 0x0, 0x0, 0x9, 0xfd, 0x0, 0x0, 0x0,
    0xee, 0xf2, 0x0, 0x0, 0x4f, 0x4f, 0x70, 0x0,
    0x9, 0xe0, 0xbc, 0x0, 0x0, 0xe9, 0x6, 0xf2,
    0x0, 0x3f, 0x51, 0x2f, 0x70, 0x9, 0xff, 0xff,
    0xff, 0x0, 0xee, 0x44, 0x4b, 0xf1, 0x3f, 0x40,
    0x0, 0x1f, 0x78, 0xe0, 0x0, 0x0, 0xbc,

    /* U+00C2 "Â" */
    0x0, 0x2, 0x83, 0x0, 0x0, 0x1, 0xd9, 0xe3,
    0x0, 0x0, 0x46, 0x4, 0x60, 0x0, 0x0, 0x0,
    0x0, 0x0, 0x0, 0x9, 0xfd, 0x0, 0x0, 0x0,
    0xee, 0xf2, 0x0, 0x0, 0x4f, 0x4f, 0x70, 0x0,
    0x9, 0xe0, 0xbc, 0x0, 0x0, 0xe9, 0x6, 0xf2,
    0x0, 0x3f, 0x51, 0x2f, 0x70, 0x9, 0xff, 0xff,
    0xff, 0x0, 0xee, 0x44, 0x4b, 0xf1, 0x3f, 0x40,
    0x0, 0x1f, 0x78, 0xe0, 0x0, 0x0, 0xbc,

    /* U+00C3 "Ã" */
    0x0, 0x6e, 0x82, 0xe0, 0x0, 0xb, 0x79, 0xfb,
    0x0, 0x0, 0x10, 0x1, 0x0, 0x0, 0x0, 0x0,
    0x0, 0x0, 0x0, 0x9, 0xfd, 0x0, 0x0, 0x0,
    0xee, 0xf2, 0x0, 0x0, 0x4f, 0x4f, 0x70, 0x0,
    0x9, 0xe0, 0xbc, 0x0, 0x0, 0xe9, 0x6, 0xf2,
    0x0, 0x3f, 0x51, 0x2f, 0x70, 0x9, 0xff, 0xff,
    0xff, 0x0, 0xee, 0x44, 0x4b, 0xf1, 0x3f, 0x40,
    0x0, 0x1f, 0x78, 0xe0, 0x0, 0x0, 0xbc,

    /* U+00C4 "Ä" */
    0x0, 0x11, 0x1, 0x10, 0x0, 0x8, 0xe0, 0xab,
    0x0, 0x0, 0x24, 0x3, 0x30, 0x0, 0x0, 0x0,
    0x0, 0x0, 0x0, 0x9, 0xfd, 0x0, 0x0, 0x0,
    0xee, 0xf2, 0x0, 0x0, 0x4f, 0x4f, 0x70, 0x0,
    0x9, 0xe0, 0xbc, 0x0, 0x0, 0xe9, 0x6, 0xf2,
    0x0, 0x3f, 0x51, 0x2f, 0x70, 0x9, 0xff, 0xff,
    0xff, 0x0, 0xee, 0x44, 0x4b, 0xf1, 0x3f, 0x40,
    0x0, 0x1f, 0x78, 0xe0, 0x0, 0x0, 0xbc,

    /* U+00C5 "Å" */
    0x0, 0x6, 0xe9, 0x0, 0x0, 0x0, 0xe1, 0xc3,
    0x0, 0x0, 0xe, 0x1c, 0x30, 0x0, 0x0, 0x6f,
    0x90, 0x0, 0x0, 0x0, 0x0, 0x0, 0x0, 0x0,
    0x9f, 0xd0, 0x0, 0x0, 0xe, 0xef, 0x20, 0x0,
    0x4, 0xf4, 0xf7, 0x0, 0x0, 0x9e, 0xb, 0xc0,
    0x0, 0xe, 0x90, 0x6f, 0x20, 0x3, 0xf5, 0x12,
    0xf7, 0x0, 0x9f, 0xff, 0xff, 0xf0, 0xe, 0xe4,
    0x44, 0xbf, 0x13, 0xf4, 0x0, 0x1, 0xf7, 0x8e,
    0x0, 0x0, 0xb, 0xc0,

    /* U+00C6 "Æ" */
    0x0, 0x9, 0xff, 0xff, 0xff, 0xff, 0x50, 0x0,
    0xed, 0x8f, 0xa6, 0x66, 0x62, 0x0, 0x4f, 0x41,
    0xf6, 0x0, 0x0, 0x0, 0x9, 0xe0, 0x1f, 0x71,
    0x11, 0x0, 0x0, 0xe9, 0x1, 0xff, 0xff, 0xf8,
    0x0, 0x3f, 0x61, 0x3f, 0x84, 0x44, 0x20, 0x9,
    0xff, 0xff, 0xf6, 0x0, 0x0, 0x0, 0xee, 0x44,
    0x6f, 0x60, 0x0, 0x0, 0x3f, 0x40, 0x1, 0xfa,
    0x66, 0x66, 0x28, 0xe0, 0x0, 0x1f, 0xff, 0xff,
    0xf5,

    /* U+00C7 "Ç" */
    0x0, 0x4b, 0xef, 0xd6, 0x0, 0x6, 0xfd, 0x87,
    0xaf, 0xa0, 0x1f, 0xb0, 0x0, 0x6, 0xf5, 0x6f,
    0x30, 0x0, 0x0, 0x62, 0x8f, 0x0, 0x0, 0x0,
    0x0, 0x8f, 0x0, 0x0, 0x0, 0x0, 0x6f, 0x30,
    0x0, 0x0, 0x62, 0x1f, 0xb0, 0x0, 0x6, 0xf5,
    0x6, 0xfd, 0x87, 0xbf, 0xb0, 0x0, 0x4b, 0xff,
    0xd7, 0x0, 0x0, 0x0, 0x5d, 0x0, 0x0, 0x0,
    0x0, 0x1c, 0x60, 0x0, 0x0, 0x0, 0xbe, 0x20,
    0x0,

    /* U+00C8 "È" */
    0x0, 0xf, 0x20, 0x0, 0x0, 0x9, 0x80, 0x0,
    0x0, 0x2, 0x70, 0x0, 0x0, 0x0, 0x0, 0x0,
    0xf, 0xff, 0xff, 0xf6, 0xf, 0xa6, 0x66, 0x62,
    0xf, 0x70, 0x0, 0x0, 0xf, 0x71, 0x11, 0x10,
    0xf, 0xff, 0xff, 0x90, 0xf, 0x94, 0x44, 0x20,
    0xf, 0x70, 0x0, 0x0, 0xf, 0x70, 0x0, 0x0,
    0xf, 0xa6, 0x66, 0x62, 0xf, 0xff, 0xff, 0xf6,

    /* U+00C9 "É" */
    0x0, 0x0, 0x6c, 0x0, 0x0, 0x0, 0xc5, 0x0,
    0x0, 0x0, 0x80, 0x0, 0x0, 0x0, 0x0, 0x0,
    0xf, 0xff, 0xff, 0xf6, 0xf, 0xa6, 0x66, 0x62,
    0xf, 0x70, 0x0, 0x0, 0xf, 0x71, 0x11, 0x10,
    0xf, 0xff, 0xff, 0x90, 0xf, 0x94, 0x44, 0x20,
    0xf, 0x70, 0x0, 0x0, 0xf, 0x70, 0x0, 0x0,
    0xf, 0xa6, 0x66, 0x62, 0xf, 0xff, 0xff, 0xf6,

    /* U+00CA "Ê" */
    0x0, 0x5, 0x70, 0x0, 0x0, 0x6d, 0xba, 0x0,
    0x0, 0x72, 0x7, 0x20, 0x0, 0x0, 0x0, 0x0,
    0xf, 0xff, 0xff, 0xf6, 0xf, 0xa6, 0x66, 0x62,
    0xf, 0x70, 0x0, 0x0, 0xf, 0x71, 0x11, 0x10,
    0xf, 0xff, 0xff, 0x90, 0xf, 0x94, 0x44, 0x20,
    0xf, 0x70, 0x0, 0x0, 0xf, 0x70, 0x0, 0x0,
    0xf, 0xa6, 0x66, 0x62, 0xf, 0xff, 0xff, 0xf6,

    /* U+00CB "Ë" */
    0x0, 0x10, 0x2, 0x0, 0x0, 0xf6, 0x2f, 0x30,
    0x0, 0x42, 0x5, 0x10, 0x0, 0x0, 0x0, 0x0,
    0xf, 0xff, 0xff, 0xf6, 0xf, 0xa6, 0x66, 0x62,
    0xf, 0x70, 0x0, 0x0, 0xf, 0x71, 0x11, 0x10,
    0xf, 0xff, 0xff, 0x90, 0xf, 0x94, 0x44, 0x20,
    0xf, 0x70, 0x0, 0x0, 0xf, 0x70, 0x0, 0x0,
    0xf, 0xa6, 0x66, 0x62, 0xf, 0xff, 0xff, 0xf6,

    /* U+00CC "Ì" */
    0x89, 0x2, 0xf0, 0x7, 0x20, 0x0, 0xe, 0x90,
    0xe9, 0xe, 0x90, 0xe9, 0xe, 0x90, 0xe9, 0xe,
    0x90, 0xe9, 0xe, 0x90, 0xe9,

    /* U+00CD "Í" */
    0xe, 0x44, 0xd0, 0x54, 0x0, 0x0, 0xe9, 0xe,
    0x90, 0xe9, 0xe, 0x90, 0xe9, 0xe, 0x90, 0xe9,
    0xe, 0x90, 0xe9, 0xe, 0x90,

    /* U+00CE "Î" */
    0x0, 0x75, 0x0, 0xb, 0xbe, 0x60, 0x37, 0x2,
    0x70, 0x0, 0x0, 0x0, 0x0, 0xe9, 0x0, 0x0,
    0xe9, 0x0, 0x0, 0xe9, 0x0, 0x0, 0xe9, 0x0,
    0x0, 0xe9, 0x0, 0x0, 0xe9, 0x0, 0x0, 0xe9,
    0x0, 0x0, 0xe9, 0x0, 0x0, 0xe9, 0x0, 0x0,
    0xe9, 0x0,

    /* U+00CF "Ï" */
    0x2, 0x0, 0x14, 0xf2, 0x7f, 0x15, 0x2, 0x40,
    0x0, 0x0, 0x0, 0xe9, 0x0, 0xe, 0x90, 0x0,
    0xe9, 0x0, 0xe, 0x90, 0x0, 0xe9, 0x0, 0xe,
    0x90, 0x0, 0xe9, 0x0, 0xe, 0x90, 0x0, 0xe9,
    0x0, 0xe, 0x90,

    /* U+00D0 "Ð" */
    0xf, 0xff, 0xfe, 0x91, 0x0, 0xfb, 0x77, 0x9f,
    0xd0, 0xf, 0x70, 0x0, 0x4f, 0x70, 0xf7, 0x0,
    0x0, 0xcc, 0xef, 0xff, 0xc0, 0x9, 0xf3, 0xfa,
    0x32, 0x0, 0x9f, 0xf, 0x70, 0x0, 0xc, 0xd0,
    0xf7, 0x0, 0x3, 0xf7, 0xf, 0xb7, 0x79, 0xfd,
    0x0, 0xff, 0xff, 0xe9, 0x10,

    /* U+00D1 "Ñ" */
    0x0, 0xc, 0xc4, 0x96, 0x0, 0x3, 0xd5, 0xef,
    0x30, 0x0, 0x1, 0x0, 0x10, 0x0, 0x0, 0x0,
    0x0, 0x0, 0xf, 0xc0, 0x0, 0x9, 0xe0, 0xff,
    0x70, 0x0, 0x9e, 0xf, 0xef, 0x20, 0x9, 0xe0,
    0xf8, 0xdc, 0x0, 0x9e, 0xf, 0x73, 0xf7, 0x9,
    0xe0, 0xf7, 0x9, 0xf2, 0x9e, 0xf, 0x70, 0xd,
    0xc9, 0xe0, 0xf7, 0x0, 0x4f, 0xee, 0xf, 0x70,
    0x0, 0x9f, 0xe0, 0xf7, 0x0, 0x0, 0xde,

    /* U+00D2 "Ò" */
    0x0, 0x3, 0x60, 0x0, 0x0, 0x0, 0x1, 0xf1,
    0x0, 0x0, 0x0, 0x0, 0xb7, 0x0, 0x0, 0x0,
    0x0, 0x0, 0x0, 0x0, 0x0, 0x0, 0x0, 0x0,
    0x0, 0x0, 0x4b, 0xef, 0xd7, 0x0, 0x6, 0xfd,
    0x87, 0xaf, 0xb0, 0x1f, 0xb0, 0x0, 0x6, 0xf6,
    0x6f, 0x30, 0x0, 0x0, 0xdc, 0x8f, 0x0, 0x0,
    0x0, 0xae, 0x8f, 0x0, 0x0, 0x0, 0xae, 0x6f,
    0x30, 0x0, 0x0, 0xdc, 0x1f, 0xb0, 0x0, 0x6,
    0xf6, 0x6, 0xfd, 0x87, 0xaf, 0xb0, 0x0, 0x4b,
    0xef, 0xd7, 0x0,

    /* U+00D3 "Ó" */
    0x0, 0x0, 0x3, 0x60, 0x0, 0x0, 0x0, 0xb,
    0x60, 0x0, 0x0, 0x0, 0x1f, 0x10, 0x0, 0x0,
    0x0, 0x0, 0x0, 0x0, 0x0, 0x0, 0x0, 0x0,
    0x0, 0x0, 0x4b, 0xef, 0xd7, 0x0, 0x6, 0xfd,
    0x87, 0xaf, 0xb0, 0x1f, 0xb0, 0x0, 0x6, 0xf6,
    0x6f, 0x30, 0x0, 0x0, 0xdc, 0x8f, 0x0, 0x0,
    0x0, 0xae, 0x8f, 0x0, 0x0, 0x0, 0xae, 0x6f,
    0x30, 0x0, 0x0, 0xdc, 0x1f, 0xb0, 0x0, 0x6,
    0xf6, 0x6, 0xfd, 0x87, 0xaf, 0xb0, 0x0, 0x4b,
    0xef, 0xd7, 0x0,

    /* U+00D4 "Ô" */
    0x0, 0x1, 0xdf, 0x40, 0x0, 0x0, 0xc, 0x94,
    0xe3, 0x0, 0x0, 0x0, 0x0, 0x0, 0x0, 0x0,
    0x0, 0x0, 0x0, 0x0, 0x0, 0x4b, 0xef, 0xd7,
    0x0, 0x6, 0xfd, 0x87, 0xaf, 0xb0, 0x1f, 0xb0,
    0x0, 0x6, 0xf6, 0x6f, 0x30, 0x0, 0x0, 0xdc,
    0x8f, 0x0, 0x0, 0x0, 0xae, 0x8f, 0x0, 0x0,
    0x0, 0xae, 0x6f, 0x30, 0x0, 0x0, 0xdc, 0x1f,
    0xb0, 0x0, 0x6, 0xf6, 0x6, 0xfd, 0x87, 0xaf,
    0xb0, 0x0, 0x4b, 0xef, 0xd7, 0x0,

    /* U+00D5 "Õ" */
    0x0, 0xa, 0xd5, 0x69, 0x0, 0x0, 0xf, 0x4c,
    0xf6, 0x0, 0x0, 0x2, 0x0, 0x10, 0x0, 0x0,
    0x0, 0x0, 0x0, 0x0, 0x0, 0x4b, 0xef, 0xd7,
    0x0, 0x6, 0xfd, 0x87, 0xaf, 0xb0, 0x1f, 0xb0,
    0x0, 0x6, 0xf6, 0x6f, 0x30, 0x0, 0x0, 0xdc,
    0x8f, 0x0, 0x0, 0x0, 0xae, 0x8f, 0x0, 0x0,
    0x0, 0xae, 0x6f, 0x30, 0x0, 0x0, 0xdc, 0x1f,
    0xb0, 0x0, 0x6, 0xf6, 0x6, 0xfd, 0x87, 0xaf,
    0xb0, 0x0, 0x4b, 0xef, 0xd7, 0x0,

    /* U+00D6 "Ö" */
    0x0, 0x1, 0x0, 0x20, 0x0, 0x0, 0xe, 0x71,
    0xf4, 0x0, 0x0, 0x4, 0x20, 0x51, 0x0, 0x0,
    0x0, 0x0, 0x0, 0x0, 0x0, 0x4b, 0xef, 0xd7,
    0x0, 0x6, 0xfd, 0x87, 0xaf, 0xb0, 0x1f, 0xb0,
    0x0, 0x6, 0xf6, 0x6f, 0x30, 0x0, 0x0, 0xdc,
    0x8f, 0x0, 0x0, 0x0, 0xae, 0x8f, 0x0, 0x0,
    0x0, 0xae, 0x6f, 0x30, 0x0, 0x0, 0xdc, 0x1f,
    0xb0, 0x0, 0x6, 0xf6, 0x6, 0xfd, 0x87, 0xaf,
    0xb0, 0x0, 0x4b, 0xef, 0xd7, 0x0,

    /* U+00D7 "×" */
    0xa, 0x20, 0x2a, 0x0, 0x9e, 0x5e, 0x90, 0x0,
    0xaf, 0xa0, 0x0, 0x1e, 0xee, 0x20, 0xd, 0xa0,
    0xad, 0x0, 0x40, 0x0, 0x40,

    /* U+00D8 "Ø" */
    0x0, 0x4b, 0xef, 0xd7, 0x68, 0x0, 0x6f, 0xd8,
    0x7a, 0xff, 0x90, 0x1f, 0xb0, 0x0, 0x4f, 0xf6,
    0x6, 0xf3, 0x0, 0x4f, 0x9d, 0xc0, 0x8f, 0x0,
    0x3f, 0xa0, 0xae, 0x8, 0xf0, 0x3f, 0xa0, 0xa,
    0xe0, 0x6f, 0x6e, 0xb0, 0x0, 0xdc, 0x1, 0xff,
    0xb0, 0x0, 0x6f, 0x60, 0x2f, 0xfd, 0x87, 0xaf,
    0xb0, 0x2, 0xb5, 0xbe, 0xfd, 0x70, 0x0,

    /* U+00D9 "Ù" */
    0x0, 0x2, 0x60, 0x0, 0x0, 0x0, 0x1, 0xf1,
    0x0, 0x0, 0x0, 0x0, 0xa8, 0x0, 0x0, 0x0,
    0x0, 0x0, 0x0, 0x0, 0x0, 0x0, 0x0, 0x0,
    0x0, 0xf, 0x70, 0x0, 0x7, 0xf0, 0xf, 0x70,
    0x0, 0x7, 0xf0, 0xf, 0x70, 0x0, 0x7, 0xf0,
    0xf, 0x70, 0x0, 0x7, 0xf0, 0xf, 0x70, 0x0,
    0x7, 0xf0, 0xf, 0x70, 0x0, 0x7, 0xf0, 0xf,
    0x80, 0x0, 0x8, 0xf0, 0xc, 0xd0, 0x0, 0x1e,
    0xc0, 0x4, 0xfe, 0x88, 0xef, 0x40, 0x0, 0x4b,
    0xff, 0xb4, 0x0,

    /* U+00DA "Ú" */
    0x0, 0x0, 0x6, 0x30, 0x0, 0x0, 0x0, 0x1f,
    0x10, 0x0, 0x0, 0x0, 0x7b, 0x0, 0x0, 0x0,
    0x0, 0x0, 0x0, 0x0, 0x0, 0x0, 0x0, 0x0,
    0x0, 0xf, 0x70, 0x0, 0x7, 0xf0, 0xf, 0x70,
    0x0, 0x7, 0xf0, 0xf, 0x70, 0x0, 0x7, 0xf0,
    0xf, 0x70, 0x0, 0x7, 0xf0, 0xf, 0x70, 0x0,
    0x7, 0xf0, 0xf, 0x70, 0x0, 0x7, 0xf0, 0xf,
    0x80, 0x0, 0x8, 0xf0, 0xc, 0xd0, 0x0, 0x1e,
    0xc0, 0x4, 0xfe, 0x88, 0xef, 0x40, 0x0, 0x4b,
    0xff, 0xb4, 0x0,

    /* U+00DB "Û" */
    0x0, 0x2, 0xee, 0x20, 0x0, 0x0, 0x1e, 0x66,
    0xd1, 0x0, 0x0, 0x0, 0x0, 0x0, 0x0, 0x0,
    0x0, 0x0, 0x0, 0x0, 0xf, 0x70, 0x0, 0x7,
    0xf0, 0xf, 0x70, 0x0, 0x7, 0xf0, 0xf, 0x70,
    0x0, 0x7, 0xf0, 0xf, 0x70, 0x0, 0x7, 0xf0,
    0xf, 0x70, 0x0, 0x7, 0xf0, 0xf, 0x70, 0x0,
    0x7, 0xf0, 0xf, 0x80, 0x0, 0x8, 0xf0, 0xc,
    0xd0, 0x0, 0x1e, 0xc0, 0x4, 0xfe, 0x88, 0xef,
    0x40, 0x0, 0x4b, 0xff, 0xb4, 0x0,

    /* U+00DC "Ü" */
    0x0, 0x2, 0x0, 0x20, 0x0, 0x0, 0x1f, 0x44,
    0xf1, 0x0, 0x0, 0x5, 0x11, 0x50, 0x0, 0x0,
    0x0, 0x0, 0x0, 0x0, 0xf, 0x70, 0x0, 0x7,
    0xf0, 0xf, 0x70, 0x0, 0x7, 0xf0, 0xf, 0x70,
    0x0, 0x7, 0xf0, 0xf, 0x70, 0x0, 0x7, 0xf0,
    0xf, 0x70, 0x0, 0x7, 0xf0, 0xf, 0x70, 0x0,
    0x7, 0xf0, 0xf, 0x80, 0x0, 0x8, 0xf0, 0xc,
    0xd0, 0x0, 0x1e, 0xc0, 0x4, 0xfe, 0x88, 0xef,
    0x40, 0x0, 0x4b, 0xff, 0xb4, 0x0,

    /* U+00DD "Ý" */
    0x0, 0x0, 0xa7, 0x0, 0x0, 0x0, 0x1f, 0x10,
    0x0, 0x0, 0x3, 0x60, 0x0, 0x0, 0x0, 0x0,
    0x0, 0x0, 0xbe, 0x10, 0x0, 0xbe, 0x12, 0xf9,
    0x0, 0x4f, 0x60, 0x8, 0xf2, 0xd, 0xd0, 0x0,
    0xe, 0xb7, 0xf4, 0x0, 0x0, 0x6f, 0xfa, 0x0,
    0x0, 0x0, 0xcf, 0x20, 0x0, 0x0, 0x9, 0xe0,
    0x0, 0x0, 0x0, 0x9e, 0x0, 0x0, 0x0, 0x9,
    0xe0, 0x0, 0x0, 0x0, 0x9e, 0x0, 0x0,

    /* U+00DE "Þ" */
    0xf, 0x70, 0x0, 0x0, 0x0, 0xf8, 0x11, 0x0,
    0x0, 0xf, 0xff, 0xff, 0xb1, 0x0, 0xfa, 0x44,
    0x7f, 0xb0, 0xf, 0x70, 0x0, 0x6f, 0x10, 0xf7,
    0x0, 0x5, 0xf2, 0xf, 0x81, 0x14, 0xdd, 0x0,
    0xff, 0xff, 0xfd, 0x20, 0xf, 0xa4, 0x43, 0x0,
    0x0, 0xf7, 0x0, 0x0, 0x0,

    /* U+00DF "ß" */
    0x1, 0xae, 0xfa, 0x10, 0xb, 0xf8, 0x8f, 0xb0,
    0xf, 0x90, 0x8, 0xf0, 0xf, 0x70, 0xc, 0xc0,
    0xf, 0x70, 0xff, 0x60, 0xf, 0x70, 0x5a, 0xf5,
    0xf, 0x70, 0x0, 0xbc, 0xf, 0x70, 0x0, 0xcc,
    0xf, 0x75, 0x8b, 0xf7, 0xf, 0x78, 0xfe, 0x80,

    /* U+00E0 "à" */
    0x0, 0x36, 0x0, 0x0, 0x0, 0x1f, 0x10, 0x0,
    0x0, 0xb, 0x70, 0x0, 0x0, 0x0, 0x0, 0x0,
    0x2, 0xbf, 0xfb, 0x20, 0xd, 0xe7, 0x7e, 0xd0,
    0x5, 0x20, 0x7, 0xf1, 0x1, 0x8c, 0xef, 0xf2,
    0x1e, 0xd7, 0x48, 0xf2, 0x6f, 0x10, 0x9, 0xf2,
    0x4f, 0x84, 0x8f, 0xf2, 0x8, 0xef, 0xb4, 0xf2,

    /* U+00E1 "á" */
    0x0, 0x0, 0x44, 0x0, 0x0, 0x0, 0xe4, 0x0,
    0x0, 0x4, 0xd0, 0x0, 0x0, 0x0, 0x0, 0x0,
    0x2, 0xbf, 0xfb, 0x20, 0xd, 0xe7, 0x7e, 0xd0,
    0x5, 0x20, 0x7, 0xf1, 0x1, 0x8c, 0xef, 0xf2,
    0x1e, 0xd7, 0x48, 0xf2, 0x6f, 0x10, 0x9, 0xf2,
    0x4f, 0x84, 0x8f, 0xf2, 0x8, 0xef, 0xb4, 0xf2,

    /* U+00E2 "â" */
    0x0, 0x5, 0x70, 0x0, 0x0, 0x4f, 0xe7, 0x0,
    0x1, 0xe6, 0x3f, 0x30, 0x0, 0x0, 0x0, 0x0,
    0x2, 0xbf, 0xfb, 0x20, 0xd, 0xe7, 0x7e, 0xd0,
    0x5, 0x20, 0x7, 0xf1, 0x1, 0x8c, 0xef, 0xf2,
    0x1e, 0xd7, 0x48, 0xf2, 0x6f, 0x10, 0x9, 0xf2,
    0x4f, 0x84, 0x8f, 0xf2, 0x8, 0xef, 0xb4, 0xf2,

    /* U+00E3 "ã" */
    0x0, 0xcd, 0x57, 0x70, 0x1, 0xe4, 0xdf, 0x40,
    0x0, 0x10, 0x0, 0x0, 0x2, 0xbf, 0xfb, 0x20,
    0xd, 0xe7, 0x7e, 0xd0, 0x5, 0x20, 0x7, 0xf1,
    0x1, 0x8c, 0xef, 0xf2, 0x1e, 0xd7, 0x48, 0xf2,
    0x6f, 0x10, 0x9, 0xf2, 0x4f, 0x84, 0x8f, 0xf2,
    0x8, 0xef, 0xb4, 0xf2,

    /* U+00E4 "ä" */
    0x0, 0xf6, 0x2f, 0x30, 0x0, 0x62, 0x17, 0x10,
    0x2, 0xbf, 0xfb, 0x20, 0xd, 0xe7, 0x7e, 0xd0,
    0x5, 0x20, 0x7, 0xf1, 0x1, 0x8c, 0xef, 0xf2,
    0x1e, 0xd7, 0x48, 0xf2, 0x6f, 0x10, 0x9, 0xf2,
    0x4f, 0x84, 0x8f, 0xf2, 0x8, 0xef, 0xb4, 0xf2,

    /* U+00E5 "å" */
    0x0, 0x2d, 0xe4, 0x0, 0x0, 0x98, 0x5b, 0x0,
    0x0, 0x2d, 0xe4, 0x0, 0x0, 0x0, 0x0, 0x0,
    0x2, 0xbf, 0xfb, 0x20, 0xd, 0xe7, 0x7e, 0xd0,
    0x5, 0x20, 0x7, 0xf1, 0x1, 0x8c, 0xef, 0xf2,
    0x1e, 0xd7, 0x48, 0xf2, 0x6f, 0x10, 0x9, 0xf2,
    0x4f, 0x84, 0x8f, 0xf2, 0x8, 0xef, 0xb4, 0xf2,

    /* U+00E6 "æ" */
    0x1, 0xaf, 0xfb, 0x28, 0xef, 0xb2, 0x0, 0xdd,
    0x76, 0xef, 0xf7, 0x6c, 0xe0, 0x3, 0x10, 0x7,
    0xf9, 0x0, 0x1f, 0x60, 0x29, 0xde, 0xff, 0xff,
    0xff, 0xf8, 0x2f, 0xb5, 0x3c, 0xf7, 0x33, 0x35,
    0x16, 0xf1, 0x0, 0xbf, 0x80, 0x1, 0x92, 0x3f,
    0xb7, 0xbf, 0xbf, 0x97, 0xde, 0x10, 0x7e, 0xfc,
    0x30, 0x8e, 0xfb, 0x20,

    /* U+00E7 "ç" */
    0x0, 0x9e, 0xfc, 0x30, 0xb, 0xf9, 0x7d, 0xf2,
    0x3f, 0x70, 0x1, 0x92, 0x6f, 0x30, 0x0, 0x0,
    0x6f, 0x20, 0x0, 0x0, 0x3f, 0x70, 0x1, 0x82,
    0xb, 0xf9, 0x7d, 0xf1, 0x0, 0x9f, 0xfc, 0x30,
    0x0, 0x7, 0xb0, 0x0, 0x0, 0x1, 0xd4, 0x0,
    0x0, 0xd, 0xd1, 0x0,

    /* U+00E8 "è" */
    0x0, 0x18, 0x0, 0x0, 0x0, 0xd, 0x40, 0x0,
    0x0, 0x7, 0xa0, 0x0, 0x0, 0x0, 0x0, 0x0,
    0x0, 0x8e, 0xfc, 0x40, 0xb, 0xf8, 0x6b, 0xf2,
    0x3f, 0x60, 0x0, 0xe9, 0x6f, 0xff, 0xff, 0xfc,
    0x6f, 0x52, 0x22, 0x42, 0x3f, 0x70, 0x0, 0x93,
    0xb, 0xf9, 0x7d, 0xf3, 0x0, 0x8e, 0xfc, 0x30,

    /* U+00E9 "é" */
    0x0, 0x0, 0x27, 0x0, 0x0, 0x0, 0x99, 0x0,
    0x0, 0x0, 0xe2, 0x0, 0x0, 0x0, 0x0, 0x0,
    0x0, 0x8e, 0xfc, 0x40, 0xb, 0xf8, 0x6b, 0xf2,
    0x3f, 0x60, 0x0, 0xe9, 0x6f, 0xff, 0xff, 0xfc,
    0x6f, 0x52, 0x22, 0x42, 0x3f, 0x70, 0x0, 0x93,
    0xb, 0xf9, 0x7d, 0xf3, 0x0, 0x8e, 0xfc, 0x30,

    /* U+00EA "ê" */
    0x0, 0x4, 0x70, 0x0, 0x0, 0x2f, 0xd9, 0x0,
    0x0, 0xc8, 0x2f, 0x50, 0x0, 0x0, 0x0, 0x0,
    0x0, 0x8e, 0xfc, 0x40, 0xb, 0xf8, 0x6b, 0xf2,
    0x3f, 0x60, 0x0, 0xe9, 0x6f, 0xff, 0xff, 0xfc,
    0x6f, 0x52, 0x22, 0x42, 0x3f, 0x70, 0x0, 0x93,
    0xb, 0xf9, 0x7d, 0xf3, 0x0, 0x8e, 0xfc, 0x30,

    /* U+00EB "ë" */
    0x0, 0xd8, 0xf, 0x60, 0x0, 0x53, 0x7, 0x20,
    0x0, 0x8e, 0xfc, 0x40, 0xb, 0xf8, 0x6b, 0xf2,
    0x3f, 0x60, 0x0, 0xe9, 0x6f, 0xff, 0xff, 0xfc,
    0x6f, 0x52, 0x22, 0x42, 0x3f, 0x70, 0x0, 0x93,
    0xb, 0xf9, 0x7d, 0xf3, 0x0, 0x8e, 0xfc, 0x30,

    /* U+00EC "ì" */
    0x54, 0x5, 0xc0, 0xe, 0x30, 0x0, 0xe, 0x90,
    0xe9, 0xe, 0x90, 0xe9, 0xe, 0x90, 0xe9, 0xe,
    0x90, 0xe9,

    /* U+00ED "í" */
    0x6, 0x21, 0xf1, 0x8a, 0x0, 0x0, 0xe9, 0xe,
    0x90, 0xe9, 0xe, 0x90, 0xe9, 0xe, 0x90, 0xe9,
    0xe, 0x90,

    /* U+00EE "î" */
    0x3, 0xee, 0x10, 0x2e, 0x57, 0xd1, 0x0, 0x0,
    0x0, 0x0, 0xe9, 0x0, 0x0, 0xe9, 0x0, 0x0,
    0xe9, 0x0, 0x0, 0xe9, 0x0, 0x0, 0xe9, 0x0,
    0x0, 0xe9, 0x0, 0x0, 0xe9, 0x0, 0x0, 0xe9,
    0x0,

    /* U+00EF "ï" */
    0x4f, 0x27, 0xf1, 0x70, 0x36, 0x0, 0xe9, 0x0,
    0xe, 0x90, 0x0, 0xe9, 0x0, 0xe, 0x90, 0x0,
    0xe9, 0x0, 0xe, 0x90, 0x0, 0xe9, 0x0, 0xe,
    0x90,

    /* U+00F0 "ð" */
    0x0, 0x0, 0x3, 0x0, 0x0, 0xb, 0xff, 0x30,
    0x0, 0x2, 0xec, 0x70, 0x0, 0x9e, 0xfa, 0xd1,
    0xb, 0xf8, 0x6d, 0xf6, 0x3f, 0x50, 0x1, 0xf9,
    0x6f, 0x10, 0x0, 0xdb, 0x6f, 0x10, 0x0, 0xdb,
    0x3f, 0x50, 0x1, 0xf9, 0xb, 0xf8, 0x6d, 0xf2,
    0x0, 0x9e, 0xfc, 0x40,

    /* U+00F1 "ñ" */
    0x0, 0xad, 0x66, 0x90, 0x0, 0xf4, 0xcf, 0x60,
    0x0, 0x10, 0x1, 0x0, 0xf, 0x7b, 0xfe, 0x60,
    0xf, 0xfb, 0x8d, 0xf4, 0xf, 0xf0, 0x1, 0xf9,
    0xf, 0xe0, 0x0, 0xcb, 0xf, 0x70, 0x0, 0xbc,
    0xf, 0x70, 0x0, 0xbc, 0xf, 0x70, 0x0, 0xbc,
    0xf, 0x70, 0x0, 0xbc,

    /* U+00F2 "ò" */
    0x0, 0x27, 0x0, 0x0, 0x0, 0xf, 0x20, 0x0,
    0x0, 0x9, 0x90, 0x0, 0x0, 0x0, 0x0, 0x0,
    0x0, 0x8e, 0xfc, 0x40, 0xb, 0xf9, 0x7d, 0xf3,
    0x3f, 0x70, 0x0, 0xeb, 0x6f, 0x30, 0x0, 0xae,
    0x6f, 0x20, 0x0, 0xae, 0x2f, 0x70, 0x0, 0xeb,
    0xb, 0xf9, 0x7d, 0xf3, 0x0, 0x8e, 0xfc, 0x40,

    /* U+00F3 "ó" */
    0x0, 0x0, 0x36, 0x0, 0x0, 0x0, 0xb6, 0x0,
    0x0, 0x1, 0xf1, 0x0, 0x0, 0x0, 0x0, 0x0,
    0x0, 0x8e, 0xfc, 0x40, 0xb, 0xf9, 0x7d, 0xf3,
    0x3f, 0x70, 0x0, 0xeb, 0x6f, 0x30, 0x0, 0xae,
    0x6f, 0x20, 0x0, 0xae, 0x2f, 0x70, 0x0, 0xeb,
    0xb, 0xf9, 0x7d, 0xf3, 0x0, 0x8e, 0xfc, 0x40,

    /* U+00F4 "ô" */
    0x0, 0x4, 0x70, 0x0, 0x0, 0x2f, 0xd9, 0x0,
    0x0, 0xc9, 0x1e, 0x50, 0x0, 0x0, 0x0, 0x0,
    0x0, 0x8e, 0xfc, 0x40, 0xb, 0xf9, 0x7d, 0xf3,
    0x3f, 0x70, 0x0, 0xeb, 0x6f, 0x30, 0x0, 0xae,
    0x6f, 0x20, 0x0, 0xae, 0x2f, 0x70, 0x0, 0xeb,
    0xb, 0xf9, 0x7d, 0xf3, 0x0, 0x8e, 0xfc, 0x40,

    /* U+00F5 "õ" */
    0x0, 0xbd, 0x56, 0x90, 0x0, 0xf4, 0xcf, 0x50,
    0x0, 0x10, 0x1, 0x0, 0x0, 0x8e, 0xfc, 0x40,
    0xb, 0xf9, 0x7d, 0xf3, 0x3f, 0x70, 0x0, 0xeb,
    0x6f, 0x30, 0x0, 0xae, 0x6f, 0x20, 0x0, 0xae,
    0x2f, 0x70, 0x0, 0xeb, 0xb, 0xf9, 0x7d, 0xf3,
    0x0, 0x8e, 0xfc, 0x40,

    /* U+00F6 "ö" */
    0x0, 0xd9, 0xf, 0x60, 0x0, 0x53, 0x7, 0x20,
    0x0, 0x8e, 0xfc, 0x40, 0xb, 0xf9, 0x7d, 0xf3,
    0x3f, 0x70, 0x0, 0xeb, 0x6f, 0x30, 0x0, 0xae,
    0x6f, 0x20, 0x0, 0xae, 0x2f, 0x70, 0x0, 0xeb,
    0xb, 0xf9, 0x7d, 0xf3, 0x0, 0x8e, 0xfc, 0x40,

    /* U+00F7 "÷" */
    0x0, 0x8, 0xf0, 0x0, 0x0, 0x59, 0x0, 0x2f,
    0xff, 0xff, 0xb0, 0x33, 0xaf, 0x32, 0x0, 0x8,
    0xf0, 0x0, 0x0, 0x1, 0x0,

    /* U+00F8 "ø" */
    0x0, 0x8e, 0xfc, 0x89, 0x0, 0xbf, 0x97, 0xff,
    0xf0, 0x3f, 0x70, 0x2e, 0xfc, 0x6, 0xf3, 0x2e,
    0x9a, 0xe0, 0x6f, 0x5e, 0x90, 0xae, 0x2, 0xff,
    0x80, 0xe, 0xb0, 0x4f, 0xf9, 0x7d, 0xf3, 0x2,
    0xa9, 0xef, 0xc4, 0x0,

    /* U+00F9 "ù" */
    0x0, 0x18, 0x0, 0x0, 0x0, 0xe, 0x40, 0x0,
    0x0, 0x7, 0xa0, 0x0, 0x0, 0x0, 0x0, 0x0,
    0x2f, 0x50, 0x0, 0xda, 0x2f, 0x50, 0x0, 0xda,
    0x2f, 0x50, 0x0, 0xda, 0x2f, 0x50, 0x0, 0xda,
    0x2f, 0x60, 0x0, 0xfa, 0xf, 0xa0, 0x2, 0xfa,
    0xa, 0xfa, 0x7d, 0xfa, 0x1, 0xae, 0xe8, 0xba,

    /* U+00FA "ú" */
    0x0, 0x0, 0x45, 0x0, 0x0, 0x0, 0xd5, 0x0,
    0x0, 0x3, 0xe0, 0x0, 0x0, 0x0, 0x0, 0x0,
    0x2f, 0x50, 0x0, 0xda, 0x2f, 0x50, 0x0, 0xda,
    0x2f, 0x50, 0x0, 0xda, 0x2f, 0x50, 0x0, 0xda,
    0x2f, 0x60, 0x0, 0xfa, 0xf, 0xa0, 0x2, 0xfa,
    0xa, 0xfa, 0x7d, 0xfa, 0x1, 0xae, 0xe8, 0xba,

    /* U+00FB "û" */
    0x0, 0x4, 0x70, 0x0, 0x0, 0x2f, 0xd9, 0x0,
    0x0, 0xd8, 0x2f, 0x40, 0x0, 0x0, 0x0, 0x0,
    0x2f, 0x50, 0x0, 0xda, 0x2f, 0x50, 0x0, 0xda,
    0x2f, 0x50, 0x0, 0xda, 0x2f, 0x50, 0x0, 0xda,
    0x2f, 0x60, 0x0, 0xfa, 0xf, 0xa0, 0x2, 0xfa,
    0xa, 0xfa, 0x7d, 0xfa, 0x1, 0xae, 0xe8, 0xba,

    /* U+00FC "ü" */
    0x0, 0xe8, 0x1f, 0x50, 0x0, 0x63, 0x7, 0x20,
    0x2f, 0x50, 0x0, 0xda, 0x2f, 0x50, 0x0, 0xda,
    0x2f, 0x50, 0x0, 0xda, 0x2f, 0x50, 0x0, 0xda,
    0x2f, 0x60, 0x0, 0xfa, 0xf, 0xa0, 0x2, 0xfa,
    0xa, 0xfa, 0x7d, 0xfa, 0x1, 0xae, 0xe8, 0xba,

    /* U+00FD "ý" */
    0x0, 0x0, 0xd4, 0x0, 0x0, 0x4, 0xd0, 0x0,
    0x0, 0x4, 0x40, 0x0, 0x0, 0x0, 0x0, 0x0,
    0x9e, 0x0, 0x1, 0xf5, 0x3f, 0x40, 0x7, 0xf0,
    0xc, 0xb0, 0xd, 0x90, 0x6, 0xf1, 0x3f, 0x30,
    0x0, 0xf7, 0x9d, 0x0, 0x0, 0x9e, 0xf7, 0x0,
    0x0, 0x3f, 0xf1, 0x0, 0x0, 0xf, 0xb0, 0x0,
    0x0, 0x1f, 0x50, 0x0, 0x0, 0x7e, 0x0, 0x0,
    0x0, 0xd9, 0x0, 0x0,

    /* U+00FE "þ" */
    0xf, 0x70, 0x0, 0x0, 0xf, 0x70, 0x0, 0x0,
    0xf, 0xfd, 0xfd, 0x50, 0xf, 0xf8, 0x6c, 0xf4,
    0xf, 0xd0, 0x1, 0xeb, 0xf, 0xa0, 0x0, 0xbe,
    0xf, 0xa0, 0x0, 0xbe, 0xf, 0xf0, 0x1, 0xeb,
    0xf, 0xf8, 0x6c, 0xf4, 0xf, 0xbd, 0xfd, 0x50,
    0xf, 0x70, 0x0, 0x0, 0xf, 0x70, 0x0, 0x0,
    0xf, 0x70, 0x0, 0x0,

    /* U+00FF "ÿ" */
    0x3, 0xf3, 0x5f, 0x0, 0x1, 0x71, 0x27, 0x0,
    0x9e, 0x0, 0x1, 0xf5, 0x3f, 0x40, 0x7, 0xf0,
    0xc, 0xb0, 0xd, 0x90, 0x6, 0xf1, 0x3f, 0x30,
    0x0, 0xf7, 0x9d, 0x0, 0x0, 0x9e, 0xf7, 0x0,
    0x0, 0x3f, 0xf1, 0x0, 0x0, 0xf, 0xb0, 0x0,
    0x0, 0x1f, 0x50, 0x0, 0x0, 0x7e, 0x0, 0x0,
    0x0, 0xd9, 0x0, 0x0,

    /* U+0401 "Ё" */
    0x0, 0x10, 0x2, 0x0, 0x0, 0xf6, 0x2f, 0x30,
    0x0, 0x42, 0x5, 0x10, 0x0, 0x0, 0x0, 0x0,
    0xf, 0xff, 0xff, 0xf6, 0xf, 0xa6, 0x66, 0x62,
    0xf, 0x70, 0x0, 0x0, 0xf, 0x71, 0x11, 0x10,
    0xf, 0xff, 0xff, 0x90, 0xf, 0x94, 0x44, 0x20,
    0xf, 0x70, 0x0, 0x0, 0xf, 0x70, 0x0, 0x0,
    0xf, 0xa6, 0x66, 0x62, 0xf, 0xff, 0xff, 0xf6,

    /* U+0410 "А" */
    0x0, 0x9, 0xfd, 0x0, 0x0, 0x0, 0xee, 0xf2,
    0x0, 0x0, 0x4f, 0x4f, 0x70, 0x0, 0x9, 0xe0,
    0xbc, 0x0, 0x0, 0xe9, 0x6, 0xf2, 0x0, 0x3f,
    0x51, 0x2f, 0x70, 0x9, 0xff, 0xff, 0xff, 0x0,
    0xee, 0x44, 0x4b, 0xf1, 0x3f, 0x40, 0x0, 0x1f,
    0x78, 0xe0, 0x0, 0x0, 0xbc,

    /* U+0411 "Б" */
    0xf, 0xff, 0xff, 0xf8, 0x0, 0xfa, 0x66, 0x66,
    0x30, 0xf, 0x70, 0x0, 0x0, 0x0, 0xf7, 0x11,
    0x10, 0x0, 0xf, 0xff, 0xff, 0xe4, 0x0, 0xf9,
    0x44, 0x5c, 0xf1, 0xf, 0x70, 0x0, 0x3f, 0x40,
    0xf7, 0x0, 0x4, 0xf4, 0xf, 0xa6, 0x67, 0xee,
    0x0, 0xff, 0xff, 0xfc, 0x30,

    /* U+0412 "В" */
    0xf, 0xff, 0xfe, 0x90, 0x0, 0xfb, 0x66, 0x8f,
    0x90, 0xf, 0x70, 0x0, 0xbd, 0x0, 0xf8, 0x11,
    0x4e, 0xa0, 0xf, 0xff, 0xff, 0xf2, 0x0, 0xfa,
    0x44, 0x6d, 0xd0, 0xf, 0x70, 0x0, 0x4f, 0x40,
    0xf7, 0x0, 0x5, 0xf4, 0xf, 0xb7, 0x78, 0xee,
    0x0, 0xff, 0xff, 0xfc, 0x30,

    /* U+0413 "Г" */
    0xf, 0xff, 0xff, 0xf6, 0xf, 0xa6, 0x66, 0x62,
    0xf, 0x70, 0x0, 0x0, 0xf, 0x70, 0x0, 0x0,
    0xf, 0x70, 0x0, 0x0, 0xf, 0x70, 0x0, 0x0,
    0xf, 0x70, 0x0, 0x0, 0xf, 0x70, 0x0, 0x0,
    0xf, 0x70, 0x0, 0x0, 0xf, 0x70, 0x0, 0x0,

    /* U+0414 "Д" */
    0x0, 0x5f, 0xff, 0xff, 0xf2, 0x0, 0x6f, 0x76,
    0x69, 0xf2, 0x0, 0x7f, 0x0, 0x5, 0xf2, 0x0,
    0x8e, 0x0, 0x5, 0xf2, 0x0, 0x9d, 0x0, 0x5,
    0xf2, 0x0, 0xbc, 0x0, 0x5, 0xf2, 0x0, 0xda,
    0x0, 0x5, 0xf2, 0x2, 0xf6, 0x0, 0x5, 0xf2,
    0x4d, 0xf7, 0x66, 0x69, 0xf7, 0x8f, 0xff, 0xff,
    0xff, 0xfe, 0x8f, 0x0, 0x0, 0x0, 0x9e, 0x6b,
    0x0, 0x0, 0x0, 0x6a,

    /* U+0415 "Е" */
    0xf, 0xff, 0xff, 0xf6, 0xf, 0xa6, 0x66, 0x62,
    0xf, 0x70, 0x0, 0x0, 0xf, 0x71, 0x11, 0x10,
    0xf, 0xff, 0xff, 0x90, 0xf, 0x94, 0x44, 0x20,
    0xf, 0x70, 0x0, 0x0, 0xf, 0x70, 0x0, 0x0,
    0xf, 0xa6, 0x66, 0x62, 0xf, 0xff, 0xff, 0xf6,

    /* U+0416 "Ж" */
    0x3f, 0x90, 0x6, 0xf1, 0x0, 0xdd, 0x0, 0x6f,
    0x50, 0x6f, 0x10, 0xaf, 0x20, 0x0, 0xaf, 0x26,
    0xf1, 0x6f, 0x50, 0x0, 0x0, 0xdc, 0x6f, 0x3f,
    0x90, 0x0, 0x0, 0x2, 0xfe, 0xfe, 0xd0, 0x0,
    0x0, 0x0, 0x5f, 0xdf, 0xde, 0x10, 0x0, 0x0,
    0x2f, 0xb6, 0xf2, 0xec, 0x0, 0x0, 0xd, 0xd0,
    0x6f, 0x13, 0xf9, 0x0, 0xa, 0xf2, 0x6, 0xf1,
    0x7, 0xf6, 0x7, 0xf5, 0x0, 0x6f, 0x10, 0xa,
    0xf3,

    /* U+0417 "З" */
    0x0, 0x7d, 0xfd, 0x80, 0x0, 0x9f, 0x96, 0x9f,
    0xa0, 0x0, 0x20, 0x0, 0xbe, 0x0, 0x0, 0x12,
    0x5e, 0xb0, 0x0, 0x9, 0xff, 0xf2, 0x0, 0x0,
    0x25, 0x7e, 0xe0, 0x0, 0x0, 0x0, 0x4f, 0x42,
    0xc2, 0x0, 0x7, 0xf3, 0x1e, 0xf9, 0x79, 0xfc,
    0x0, 0x19, 0xef, 0xe8, 0x0,

    /* U+0418 "И" */
    0xf, 0x70, 0x0, 0xd, 0xe0, 0xf7, 0x0, 0x9,
    0xfe, 0xf, 0x70, 0x3, 0xfe, 0xe0, 0xf7, 0x0,
    0xdc, 0x9e, 0xf, 0x70, 0x9f, 0x29, 0xe0, 0xf7,
    0x3f, 0x70, 0x9e, 0xf, 0x8d, 0xc0, 0x9, 0xe0,
    0xfe, 0xf2, 0x0, 0x9e, 0xf, 0xf7, 0x0, 0x9,
    0xe0, 0xfc, 0x0, 0x0, 0x9e,

    /* U+0419 "Й" */
    0x0, 0x8, 0x11, 0x70, 0x0, 0x0, 0xe6, 0x7c,
    0x0, 0x0, 0x4, 0xff, 0x30, 0x0, 0x0, 0x1,
    0x10, 0x0, 0xf, 0x70, 0x0, 0xd, 0xe0, 0xf7,
    0x0, 0x9, 0xfe, 0xf, 0x70, 0x3, 0xfe, 0xe0,
    0xf7, 0x0, 0xdc, 0x9e, 0xf, 0x70, 0x9f, 0x29,
    0xe0, 0xf7, 0x3f, 0x70, 0x9e, 0xf, 0x8d, 0xc0,
    0x9, 0xe0, 0xfe, 0xf2, 0x0, 0x9e, 0xf, 0xf7,
    0x0, 0x9, 0xe0, 0xfc, 0x0, 0x0, 0x9e,

    /* U+041A "К" */
    0xf, 0x70, 0x0, 0xce, 0x20, 0xf7, 0x0, 0xbe,
    0x20, 0xf, 0x70, 0x9f, 0x30, 0x0, 0xf7, 0x8f,
    0x40, 0x0, 0xf, 0xcf, 0x60, 0x0, 0x0, 0xfb,
    0xf9, 0x0, 0x0, 0xf, 0x75, 0xf8, 0x0, 0x0,
    0xf7, 0x6, 0xf7, 0x0, 0xf, 0x70, 0x7, 0xf6,
    0x0, 0xf7, 0x0, 0x8, 0xf5,

    /* U+041B "Л" */
    0x0, 0x9f, 0xff, 0xff, 0xf0, 0x0, 0xad, 0x66,
    0x6a, 0xf0, 0x0, 0xbb, 0x0, 0x7, 0xf0, 0x0,
    0xd9, 0x0, 0x7, 0xf0, 0x0, 0xe8, 0x0, 0x7,
    0xf0, 0x0, 0xf6, 0x0, 0x7, 0xf0, 0x3, 0xf4,
    0x0, 0x7, 0xf0, 0x6, 0xf1, 0x0, 0x7, 0xf0,
    0x3d, 0xd0, 0x0, 0x7, 0xf0, 0xbf, 0x40, 0x0,
    0x7, 0xf0, 0x0, 0x0, 0x0, 0x0, 0x0,

    /* U+041C "М" */
    0xf, 0x80, 0x0, 0x0, 0xa, 0xe0, 0xff, 0x10,
    0x0, 0x2, 0xfe, 0xf, 0xf8, 0x0, 0x0, 0x9f,
    0xe0, 0xfd, 0xe0, 0x0, 0x1f, 0xde, 0xf, 0x6f,
    0x70, 0x9, 0xe7, 0xe0, 0xf5, 0x8e, 0x1, 0xf6,
    0x7e, 0xf, 0x51, 0xf7, 0x8e, 0x7, 0xe0, 0xf5,
    0x9, 0xef, 0x70, 0x7e, 0xf, 0x50, 0x1f, 0xf0,
    0x7, 0xe0, 0xf5, 0x0, 0x98, 0x0, 0x7e,

    /* U+041D "Н" */
    0xf, 0x70, 0x0, 0x8, 0xf0, 0xf7, 0x0, 0x0,
    0x8f, 0xf, 0x70, 0x0, 0x8, 0xf0, 0xf7, 0x11,
    0x11, 0x9f, 0xf, 0xff, 0xff, 0xff, 0xf0, 0xf9,
    0x44, 0x44, 0xaf, 0xf, 0x70, 0x0, 0x8, 0xf0,
    0xf7, 0x0, 0x0, 0x8f, 0xf, 0x70, 0x0, 0x8,
    0xf0, 0xf7, 0x0, 0x0, 0x8f,

    /* U+041E "О" */
    0x0, 0x4b, 0xef, 0xd7, 0x0, 0x6, 0xfd, 0x87,
    0xaf, 0xb0, 0x1f, 0xb0, 0x0, 0x6, 0xf6, 0x6f,
    0x30, 0x0, 0x0, 0xdc, 0x8f, 0x0, 0x0, 0x0,
    0xae, 0x8f, 0x0, 0x0, 0x0, 0xae, 0x6f, 0x30,
    0x0, 0x0, 0xdc, 0x1f, 0xb0, 0x0, 0x6, 0xf6,
    0x6, 0xfd, 0x87, 0xaf, 0xb0, 0x0, 0x4b, 0xef,
    0xd7, 0x0,

    /* U+041F "П" */
    0xf, 0xff, 0xff, 0xff, 0xf0, 0xfa, 0x66, 0x66,
    0xbf, 0xf, 0x70, 0x0, 0x7, 0xf0, 0xf7, 0x0,
    0x0, 0x7f, 0xf, 0x70, 0x0, 0x7, 0xf0, 0xf7,
    0x0, 0x0, 0x7f, 0xf, 0x70, 0x0, 0x7, 0xf0,
    0xf7, 0x0, 0x0, 0x7f, 0xf, 0x70, 0x0, 0x7,
    0xf0, 0xf7, 0x0, 0x0, 0x7f,

    /* U+0420 "Р" */
    0xf, 0xff, 0xff, 0xc3, 0x0, 0xfa, 0x66, 0x7e,
    0xe0, 0xf, 0x70, 0x0, 0x4f, 0x40, 0xf7, 0x0,
    0x3, 0xf5, 0xf, 0x71, 0x12, 0xbf, 0x10, 0xff,
    0xff, 0xff, 0x60, 0xf, 0x94, 0x44, 0x10, 0x0,
    0xf7, 0x0, 0x0, 0x0, 0xf, 0x70, 0x0, 0x0,
    0x0, 0xf7, 0x0, 0x0, 0x0,

    /* U+0421 "С" */
    0x0, 0x4b, 0xef, 0xd6, 0x0, 0x6, 0xfd, 0x87,
    0xaf, 0xa0, 0x1f, 0xb0, 0x0, 0x6, 0xf5, 0x6f,
    0x30, 0x0, 0x0, 0x62, 0x8f, 0x0, 0x0, 0x0,
    0x0, 0x8f, 0x0, 0x0, 0x0, 0x0, 0x6f, 0x30,
    0x0, 0x0, 0x62, 0x1f, 0xb0, 0x0, 0x6, 0xf5,
    0x6, 0xfd, 0x87, 0xbf, 0xb0, 0x0, 0x4b, 0xef,
    0xd7, 0x0,

    /* U+0422 "Т" */
    0xdf, 0xff, 0xff, 0xff, 0x55, 0x66, 0xbf, 0x66,
    0x62, 0x0, 0x8, 0xf0, 0x0, 0x0, 0x0, 0x8f,
    0x0, 0x0, 0x0, 0x8, 0xf0, 0x0, 0x0, 0x0,
    0x8f, 0x0, 0x0, 0x0, 0x8, 0xf0, 0x0, 0x0,
    0x0, 0x8f, 0x0, 0x0, 0x0, 0x8, 0xf0, 0x0,
    0x0, 0x0, 0x8f, 0x0, 0x0,

    /* U+0423 "У" */
    0x9f, 0x10, 0x0, 0x1f, 0x71, 0xf8, 0x0, 0x8,
    0xf1, 0xa, 0xe0, 0x0, 0xe8, 0x0, 0x2f, 0x60,
    0x7f, 0x10, 0x0, 0xad, 0xe, 0x90, 0x0, 0x3,
    0xfa, 0xf2, 0x0, 0x0, 0xb, 0xfa, 0x0, 0x0,
    0x0, 0x6f, 0x30, 0x0, 0x0, 0xd, 0xb0, 0x0,
    0x0, 0x5, 0xf4, 0x0, 0x0,

    /* U+0424 "Ф" */
    0x0, 0x3, 0xbd, 0x41, 0x0, 0x4, 0xff, 0xff,
    0xff, 0x70, 0x1f, 0xc2, 0xad, 0x1a, 0xf4, 0x6f,
    0x20, 0xad, 0x0, 0xea, 0x8f, 0x0, 0xad, 0x0,
    0xbc, 0x8f, 0x0, 0xad, 0x0, 0xdb, 0x4f, 0x70,
    0xad, 0x4, 0xf7, 0xa, 0xfd, 0xef, 0xcf, 0xd0,
    0x0, 0x6a, 0xde, 0xa7, 0x0, 0x0, 0x0, 0xad,
    0x0, 0x0,

    /* U+0425 "Х" */
    0x6f, 0x50, 0x0, 0x6f, 0x60, 0xbe, 0x10, 0x1f,
    0xb0, 0x2, 0xfa, 0xb, 0xe1, 0x0, 0x6, 0xfa,
    0xf5, 0x0, 0x0, 0xb, 0xfa, 0x0, 0x0, 0x0,
    0xcf, 0xb0, 0x0, 0x0, 0x7f, 0x8f, 0x60, 0x0,
    0x2f, 0x90, 0xaf, 0x20, 0xd, 0xe0, 0x1, 0xec,
    0x8, 0xf4, 0x0, 0x5, 0xf7,

    /* U+0426 "Ц" */
    0xf, 0x70, 0x0, 0x5, 0xf1, 0x0, 0xf7, 0x0,
    0x0, 0x5f, 0x10, 0xf, 0x70, 0x0, 0x5, 0xf1,
    0x0, 0xf7, 0x0, 0x0, 0x5f, 0x10, 0xf, 0x70,
    0x0, 0x5, 0xf1, 0x0, 0xf7, 0x0, 0x0, 0x5f,
    0x10, 0xf, 0x70, 0x0, 0x5, 0xf1, 0x0, 0xf7,
    0x0, 0x0, 0x5f, 0x10, 0xf, 0xa5, 0x55, 0x59,
    0xf6, 0x10, 0xff, 0xff, 0xff, 0xff, 0xf3, 0x0,
    0x0, 0x0, 0x0, 0x4f, 0x30, 0x0, 0x0, 0x0,
    0x2, 0x81,

    /* U+0427 "Ч" */
    0xf, 0x70, 0x0, 0x2f, 0x50, 0xf7, 0x0, 0x2,
    0xf5, 0xf, 0x70, 0x0, 0x2f, 0x50, 0xfa, 0x0,
    0x2, 0xf5, 0xa, 0xf7, 0x24, 0x9f, 0x50, 0x2d,
    0xff, 0xff, 0xf5, 0x0, 0x3, 0x42, 0x2f, 0x50,
    0x0, 0x0, 0x2, 0xf5, 0x0, 0x0, 0x0, 0x2f,
    0x50, 0x0, 0x0, 0x2, 0xf5,

    /* U+0428 "Ш" */
    0xf, 0x70, 0x3, 0xf4, 0x0, 0x6f, 0x10, 0xf7,
    0x0, 0x3f, 0x40, 0x6, 0xf1, 0xf, 0x70, 0x3,
    0xf4, 0x0, 0x6f, 0x10, 0xf7, 0x0, 0x3f, 0x40,
    0x6, 0xf1, 0xf, 0x70, 0x3, 0xf4, 0x0, 0x6f,
    0x10, 0xf7, 0x0, 0x3f, 0x40, 0x6, 0xf1, 0xf,
    0x70, 0x3, 0xf4, 0x0, 0x6f, 0x10, 0xf7, 0x0,
    0x3f, 0x40, 0x6, 0xf1, 0xf, 0xa6, 0x68, 0xf9,
    0x66, 0xaf, 0x10, 0xff, 0xff, 0xff, 0xff, 0xff,
    0xf1,

    /* U+0429 "Щ" */
    0xf, 0x70, 0x3, 0xf4, 0x0, 0x6f, 0x10, 0xf,
    0x70, 0x3, 0xf4, 0x0, 0x6f, 0x10, 0xf, 0x70,
    0x3, 0xf4, 0x0, 0x6f, 0x10, 0xf, 0x70, 0x3,
    0xf4, 0x0, 0x6f, 0x10, 0xf, 0x70, 0x3, 0xf4,
    0x0, 0x6f, 0x10, 0xf, 0x70, 0x3, 0xf4, 0x0,
    0x6f, 0x10, 0xf, 0x70, 0x3, 0xf4, 0x0, 0x6f,
    0x10, 0xf, 0x70, 0x3, 0xf4, 0x0, 0x6f, 0x10,
    0xf, 0xa5, 0x57, 0xf8, 0x55, 0xbf, 0x71, 0xf,
    0xff, 0xff, 0xff, 0xff, 0xff, 0xf3, 0x0, 0x0,
    0x0, 0x0, 0x0, 0x4, 0xf3, 0x0, 0x0, 0x0,
    0x0, 0x0, 0x2, 0x81,

    /* U+042A "Ъ" */
    0xf, 0xfc, 0x0, 0x0, 0x0, 0x3, 0xcc, 0x0,
    0x0, 0x0, 0x0, 0xbc, 0x11, 0x10, 0x0, 0x0,
    0xbf, 0xff, 0xff, 0x60, 0x0, 0xbd, 0x44, 0x4b,
    0xf3, 0x0, 0xbc, 0x0, 0x0, 0xf9, 0x0, 0xbc,
    0x0, 0x0, 0xda, 0x0, 0xbc, 0x0, 0x1, 0xf8,
    0x0, 0xbd, 0x66, 0x6d, 0xf3, 0x0, 0xbf, 0xff,
    0xfd, 0x50,

    /* U+042B "Ы" */
    0xf, 0x70, 0x0, 0x0, 0xa, 0xd0, 0xf7, 0x0,
    0x0, 0x0, 0xad, 0xf, 0x71, 0x11, 0x0, 0xa,
    0xd0, 0xff, 0xff, 0xfd, 0x20, 0xad, 0xf, 0x94,
    0x45, 0xed, 0xa, 0xd0, 0xf7, 0x0, 0x5, 0xf3,
    0xad, 0xf, 0x70, 0x0, 0x2f, 0x5a, 0xd0, 0xf7,
    0x0, 0x6, 0xf3, 0xad, 0xf, 0xa6, 0x68, 0xfd,
    0xa, 0xd0, 0xff, 0xff, 0xfb, 0x20, 0xad,

    /* U+042C "Ь" */
    0xf, 0x70, 0x0, 0x0, 0x0, 0xf7, 0x0, 0x0,
    0x0, 0xf, 0x71, 0x11, 0x0, 0x0, 0xff, 0xff,
    0xfd, 0x20, 0xf, 0x94, 0x45, 0xed, 0x0, 0xf7,
    0x0, 0x5, 0xf3, 0xf, 0x70, 0x0, 0x2f, 0x50,
    0xf7, 0x0, 0x6, 0xf3, 0xf, 0xa6, 0x68, 0xfd,
    0x0, 0xff, 0xff, 0xfb, 0x20,

    /* U+042D "Э" */
    0x0, 0x7d, 0xfe, 0xb4, 0x0, 0xb, 0xfa, 0x77,
    0xdf, 0x60, 0x5f, 0x50, 0x0, 0xa, 0xf1, 0x2,
    0x0, 0x11, 0x13, 0xf5, 0x0, 0x0, 0xaf, 0xff,
    0xf8, 0x0, 0x0, 0x24, 0x45, 0xf8, 0x28, 0x0,
    0x0, 0x4, 0xf6, 0x3f, 0x90, 0x0, 0xc, 0xf1,
    0x9, 0xfc, 0x78, 0xdf, 0x50, 0x0, 0x6c, 0xfe,
    0xb4, 0x0,

    /* U+042E "Ю" */
    0xf, 0x70, 0x0, 0x7d, 0xfd, 0x80, 0x0, 0xf7,
    0x0, 0x9f, 0x73, 0x7f, 0xa0, 0xf, 0x70, 0x2f,
    0x70, 0x0, 0x7f, 0x30, 0xf7, 0x7, 0xf1, 0x0,
    0x1, 0xf8, 0xf, 0xff, 0xff, 0x0, 0x0, 0xe,
    0xa0, 0xfb, 0x8f, 0xf0, 0x0, 0x0, 0xea, 0xf,
    0x70, 0x7f, 0x10, 0x0, 0x1f, 0x80, 0xf7, 0x2,
    0xf7, 0x0, 0x7, 0xf3, 0xf, 0x70, 0x9, 0xf7,
    0x37, 0xfa, 0x0, 0xf7, 0x0, 0x7, 0xdf, 0xd8,
    0x0,

    /* U+042F "Я" */
    0x2, 0xbf, 0xff, 0xff, 0x20, 0xdf, 0x86, 0x69,
    0xf2, 0x2f, 0x60, 0x0, 0x5f, 0x23, 0xf4, 0x0,
    0x5, 0xf2, 0xe, 0xc3, 0x11, 0x6f, 0x20, 0x4f,
    0xff, 0xff, 0xf2, 0x0, 0xcf, 0x54, 0x8f, 0x20,
    0x3f, 0x60, 0x5, 0xf2, 0xb, 0xe0, 0x0, 0x5f,
    0x23, 0xf7, 0x0, 0x5, 0xf2,

    /* U+0430 "а" */
    0x2, 0xbf, 0xfb, 0x20, 0xd, 0xe7, 0x7e, 0xd0,
    0x5, 0x20, 0x7, 0xf1, 0x1, 0x8c, 0xef, 0xf2,
    0x1e, 0xd7, 0x48, 0xf2, 0x6f, 0x10, 0x9, 0xf2,
    0x4f, 0x84, 0x8f, 0xf2, 0x8, 0xef, 0xb4, 0xf2,

    /* U+0431 "б" */
    0x0, 0x0, 0x2, 0x40, 0x0, 0x5c, 0xff, 0xf0,
    0x6, 0xfa, 0x53, 0x10, 0xf, 0x80, 0x10, 0x0,
    0x4f, 0x8e, 0xfe, 0x60, 0x6f, 0xe6, 0x5c, 0xf4,
    0x6f, 0x50, 0x0, 0xfa, 0x5f, 0x20, 0x0, 0xdb,
    0x2f, 0x60, 0x1, 0xf9, 0xb, 0xf9, 0x7d, 0xf2,
    0x1, 0xae, 0xfb, 0x30,

    /* U+0432 "в" */
    0xf, 0xff, 0xfc, 0x20, 0xf, 0x93, 0x4e, 0xb0,
    0xf, 0x70, 0xa, 0xe0, 0xf, 0x70, 0x1d, 0xb0,
    0xf, 0xff, 0xff, 0x60, 0xf, 0x93, 0x39, 0xf2,
    0xf, 0x83, 0x38, 0xf3, 0xf, 0xff, 0xfe, 0x80,

    /* U+0433 "г" */
    0xf, 0xff, 0xff, 0x40, 0xfa, 0x66, 0x61, 0xf,
    0x70, 0x0, 0x0, 0xf7, 0x0, 0x0, 0xf, 0x70,
    0x0, 0x0, 0xf7, 0x0, 0x0, 0xf, 0x70, 0x0,
    0x0, 0xf7, 0x0, 0x0,

    /* U+0434 "д" */
    0x0, 0xef, 0xff, 0xf8, 0x0, 0xf, 0x83, 0x3f,
    0x80, 0x0, 0xf5, 0x0, 0xf8, 0x0, 0x1f, 0x40,
    0xf, 0x80, 0x3, 0xf2, 0x0, 0xf8, 0x0, 0x6f,
    0x0, 0xf, 0x80, 0x2d, 0xc3, 0x33, 0xfa, 0x9,
    0xff, 0xff, 0xff, 0xf4, 0x9d, 0x0, 0x0, 0x1f,
    0x46, 0x90, 0x0, 0x1, 0xb3,

    /* U+0435 "е" */
    0x0, 0x8e, 0xfc, 0x40, 0xb, 0xf8, 0x6b, 0xf2,
    0x3f, 0x60, 0x0, 0xe9, 0x6f, 0xff, 0xff, 0xfc,
    0x6f, 0x52, 0x22, 0x42, 0x3f, 0x70, 0x0, 0x93,
    0xb, 0xf9, 0x7d, 0xf3, 0x0, 0x8e, 0xfc, 0x30,

    /* U+0436 "ж" */
    0x5f, 0x40, 0x7d, 0x0, 0xdc, 0x0, 0xad, 0x7,
    0xd0, 0x8f, 0x20, 0x1, 0xe9, 0x7d, 0x3f, 0x60,
    0x0, 0x4, 0xfb, 0xed, 0xb0, 0x0, 0x0, 0x5f,
    0xbe, 0xdb, 0x0, 0x0, 0x1e, 0x97, 0xd3, 0xf7,
    0x0, 0xc, 0xd0, 0x7d, 0x7, 0xf3, 0x7, 0xf3,
    0x7, 0xd0, 0xc, 0xd0,

    /* U+0437 "з" */
    0x5, 0xcf, 0xd7, 0x1, 0xea, 0x7a, 0xf4, 0x0,
    0x0, 0x5f, 0x50, 0x5, 0xff, 0xf0, 0x0, 0x13,
    0x6f, 0x71, 0x70, 0x0, 0xe9, 0x6f, 0xc7, 0xaf,
    0x60, 0x5c, 0xfe, 0x70,

    /* U+0438 "и" */
    0xf, 0x60, 0x3, 0xf5, 0xf, 0x60, 0xd, 0xf5,
    0xf, 0x60, 0x9e, 0xf5, 0xf, 0x64, 0xf4, 0xf5,
    0xf, 0x7e, 0x81, 0xf5, 0xf, 0xed, 0x1, 0xf5,
    0xf, 0xf3, 0x1, 0xf5, 0xf, 0x70, 0x1, 0xf5,

    /* U+0439 "й" */
    0x0, 0x9b, 0x1f, 0x40, 0x0, 0x2e, 0xfb, 0x0,
    0x0, 0x0, 0x20, 0x0, 0xf, 0x60, 0x3, 0xf5,
    0xf, 0x60, 0xd, 0xf5, 0xf, 0x60, 0x9e, 0xf5,
    0xf, 0x64, 0xf4, 0xf5, 0xf, 0x7e, 0x81, 0xf5,
    0xf, 0xed, 0x1, 0xf5, 0xf, 0xf3, 0x1, 0xf5,
    0xf, 0x70, 0x1, 0xf5,

    /* U+043A "к" */
    0xf, 0x70, 0x1e, 0xd0, 0xf, 0x70, 0xbf, 0x20,
    0xf, 0x77, 0xf5, 0x0, 0xf, 0xbf, 0x80, 0x0,
    0xf, 0xbf, 0x90, 0x0, 0xf, 0x76, 0xf7, 0x0,
    0xf, 0x70, 0x9f, 0x50, 0xf, 0x70, 0xc, 0xf3,

    /* U+043B "л" */
    0x1, 0xff, 0xff, 0xf5, 0x2, 0xf8, 0x67, 0xf5,
    0x3, 0xf2, 0x1, 0xf5, 0x5, 0xf1, 0x1, 0xf5,
    0x6, 0xf0, 0x1, 0xf5, 0x9, 0xd0, 0x1, 0xf5,
    0x3e, 0xa0, 0x1, 0xf5, 0xbf, 0x40, 0x1, 0xf5,
    0x0, 0x0, 0x0, 0x0,

    /* U+043C "м" */
    0xf, 0x70, 0x0, 0x7, 0xf0, 0xf, 0xe0, 0x0,
    0xe, 0xf0, 0xf, 0xf6, 0x0, 0x6f, 0xf0, 0xf,
    0xdd, 0x0, 0xdd, 0xf0, 0xf, 0x6f, 0x55, 0xe7,
    0xf0, 0xf, 0x68, 0xcd, 0x76, 0xf0, 0xf, 0x61,
    0xff, 0x16, 0xf0, 0xf, 0x60, 0x98, 0x6, 0xf0,

    /* U+043D "н" */
    0xf, 0x70, 0x0, 0xe9, 0xf, 0x70, 0x0, 0xe9,
    0xf, 0x70, 0x0, 0xe9, 0xf, 0x71, 0x11, 0xe9,
    0xf, 0xff, 0xff, 0xf9, 0xf, 0x94, 0x44, 0xe9,
    0xf, 0x70, 0x0, 0xe9, 0xf, 0x70, 0x0, 0xe9,

    /* U+043E "о" */
    0x0, 0x8e, 0xfc, 0x40, 0xb, 0xf9, 0x7d, 0xf3,
    0x3f, 0x70, 0x0, 0xeb, 0x6f, 0x30, 0x0, 0xae,
    0x6f, 0x20, 0x0, 0xae, 0x2f, 0x70, 0x0, 0xeb,
    0xb, 0xf9, 0x7d, 0xf3, 0x0, 0x8e, 0xfc, 0x40,

    /* U+043F "п" */
    0xf, 0xff, 0xff, 0xf5, 0xf, 0xa6, 0x67, 0xf5,
    0xf, 0x70, 0x1, 0xf5, 0xf, 0x70, 0x1, 0xf5,
    0xf, 0x70, 0x1, 0xf5, 0xf, 0x70, 0x1, 0xf5,
    0xf, 0x70, 0x1, 0xf5, 0xf, 0x70, 0x1, 0xf5,

    /* U+0440 "р" */
    0xf, 0x9d, 0xfd, 0x50, 0xf, 0xf8, 0x6c, 0xf4,
    0xf, 0xd0, 0x1, 0xeb, 0xf, 0xa0, 0x0, 0xbe,
    0xf, 0xa0, 0x0, 0xbe, 0xf, 0xf0, 0x1, 0xeb,
    0xf, 0xf8, 0x6c, 0xf4, 0xf, 0xbd, 0xfd, 0x50,
    0xf, 0x70, 0x0, 0x0, 0xf, 0x70, 0x0, 0x0,
    0xf, 0x70, 0x0, 0x0,

    /* U+0441 "с" */
    0x0, 0x9e, 0xfc, 0x30, 0xb, 0xf9, 0x7d, 0xf2,
    0x3f, 0x70, 0x1, 0x92, 0x6f, 0x30, 0x0, 0x0,
    0x6f, 0x20, 0x0, 0x0, 0x3f, 0x70, 0x1, 0x82,
    0xb, 0xf9, 0x7d, 0xf1, 0x0, 0x9e, 0xfc, 0x30,

    /* U+0442 "т" */
    0xaf, 0xff, 0xff, 0xf3, 0x56, 0xf9, 0x55, 0x0,
    0x1f, 0x60, 0x0, 0x1, 0xf6, 0x0, 0x0, 0x1f,
    0x60, 0x0, 0x1, 0xf6, 0x0, 0x0, 0x1f, 0x60,
    0x0, 0x1, 0xf6, 0x0,

    /* U+0443 "у" */
    0x9e, 0x0, 0x1, 0xf5, 0x3f, 0x40, 0x7, 0xf0,
    0xc, 0xb0, 0xd, 0x90, 0x6, 0xf1, 0x3f, 0x30,
    0x0, 0xf7, 0x9d, 0x0, 0x0, 0x9e, 0xf7, 0x0,
    0x0, 0x3f, 0xf1, 0x0, 0x0, 0xf, 0xb0, 0x0,
    0x0, 0x1f, 0x50, 0x0, 0x0, 0x7e, 0x0, 0x0,
    0x0, 0xd9, 0x0, 0x0,

    /* U+0444 "ф" */
    0x0, 0x0, 0x7d, 0x0, 0x0, 0x0, 0x0, 0x7d,
    0x0, 0x0, 0x0, 0x6b, 0xdf, 0xc9, 0x10, 0xa,
    0xfb, 0xcf, 0x9e, 0xe1, 0x2f, 0x70, 0x7d, 0x2,
    0xf8, 0x5f, 0x20, 0x7d, 0x0, 0xcc, 0x6f, 0x10,
    0x7d, 0x0, 0xbc, 0x3f, 0x50, 0x7d, 0x0, 0xea,
    0xd, 0xe6, 0xae, 0x5b, 0xf3, 0x1, 0xbf, 0xff,
    0xfe, 0x50, 0x0, 0x0, 0x7d, 0x0, 0x0, 0x0,
    0x0, 0x7d, 0x0, 0x0, 0x0, 0x0, 0x7d, 0x0,
    0x0,

    /* U+0445 "х" */
    0x7f, 0x40, 0xa, 0xf2, 0xb, 0xe1, 0x5f, 0x50,
    0x1, 0xeb, 0xea, 0x0, 0x0, 0x5f, 0xe1, 0x0,
    0x0, 0x6f, 0xe1, 0x0, 0x2, 0xfa, 0xeb, 0x0,
    0xc, 0xd0, 0x4f, 0x60, 0x8f, 0x30, 0x9, 0xf2,

    /* U+0446 "ц" */
    0xf, 0x70, 0x1, 0xf5, 0x0, 0xf7, 0x0, 0x1f,
    0x50, 0xf, 0x70, 0x1, 0xf5, 0x0, 0xf7, 0x0,
    0x1f, 0x50, 0xf, 0x70, 0x1, 0xf5, 0x0, 0xf7,
    0x0, 0x1f, 0x50, 0xf, 0xa6, 0x67, 0xf9, 0x50,
    0xff, 0xff, 0xff, 0xfd, 0x0, 0x0, 0x0, 0xa,
    0xd0, 0x0, 0x0, 0x0, 0x57,

    /* U+0447 "ч" */
    0x7f, 0x0, 0x8, 0xf7, 0xf0, 0x0, 0x8f, 0x6f,
    0x10, 0x8, 0xf3, 0xf9, 0x12, 0xbf, 0x9, 0xff,
    0xff, 0xf0, 0x1, 0x31, 0x8f, 0x0, 0x0, 0x8,
    0xf0, 0x0, 0x0, 0x8f,

    /* U+0448 "ш" */
    0xf, 0x60, 0x4f, 0x20, 0x7f, 0xf, 0x60, 0x4f,
    0x20, 0x7f, 0xf, 0x60, 0x4f, 0x20, 0x7f, 0xf,
    0x60, 0x4f, 0x20, 0x7f, 0xf, 0x60, 0x4f, 0x20,
    0x7f, 0xf, 0x60, 0x4f, 0x20, 0x7f, 0xf, 0x95,
    0x8f, 0x75, 0xaf, 0xf, 0xff, 0xff, 0xff, 0xff,

    /* U+0449 "щ" */
    0xf, 0x60, 0x4f, 0x20, 0x7f, 0x0, 0xf6, 0x4,
    0xf2, 0x7, 0xf0, 0xf, 0x60, 0x4f, 0x20, 0x7f,
    0x0, 0xf6, 0x4, 0xf2, 0x7, 0xf0, 0xf, 0x60,
    0x4f, 0x20, 0x7f, 0x0, 0xf6, 0x4, 0xf2, 0x7,
    0xf0, 0xf, 0x95, 0x8f, 0x75, 0xaf, 0x40, 0xff,
    0xff, 0xff, 0xff, 0xfb, 0x0, 0x0, 0x0, 0x0,
    0xb, 0xb0, 0x0, 0x0, 0x0, 0x0, 0x66,

    /* U+044A "ъ" */
    0xbf, 0xd0, 0x0, 0x0, 0x2b, 0xd0, 0x0, 0x0,
    0xa, 0xd0, 0x0, 0x0, 0xa, 0xff, 0xfe, 0x80,
    0xa, 0xd3, 0x37, 0xf6, 0xa, 0xd0, 0x0, 0xe9,
    0xa, 0xd3, 0x37, 0xf6, 0xa, 0xff, 0xff, 0x90,

    /* U+044B "ы" */
    0xf, 0x70, 0x0, 0x6, 0xf0, 0xf, 0x70, 0x0,
    0x6, 0xf0, 0xf, 0x70, 0x0, 0x6, 0xf0, 0xf,
    0xff, 0xf9, 0x6, 0xf0, 0xf, 0x83, 0x5f, 0x86,
    0xf0, 0xf, 0x70, 0xc, 0xb6, 0xf0, 0xf, 0x83,
    0x6f, 0x86, 0xf0, 0xf, 0xff, 0xfa, 0x6, 0xf0,

    /* U+044C "ь" */
    0xf, 0x70, 0x0, 0x0, 0xf, 0x70, 0x0, 0x0,
    0xf, 0x70, 0x0, 0x0, 0xf, 0xff, 0xfd, 0x40,
    0xf, 0x83, 0x3b, 0xf0, 0xf, 0x70, 0x4, 0xf3,
    0xf, 0x83, 0x3b, 0xf1, 0xf, 0xff, 0xfd, 0x50,

    /* U+044D "э" */
    0x4, 0xcf, 0xe8, 0x0, 0x3f, 0xc7, 0x8f, 0xa0,
    0x15, 0x0, 0x6, 0xf2, 0x0, 0xf, 0xff, 0xf5,
    0x0, 0x3, 0x36, 0xf5, 0x4c, 0x20, 0x9, 0xf2,
    0x1e, 0xd7, 0xaf, 0xa0, 0x3, 0xbf, 0xe9, 0x0,

    /* U+044E "ю" */
    0xf, 0x70, 0x7, 0xef, 0xd5, 0x0, 0xf, 0x70,
    0x8f, 0x64, 0x9f, 0x50, 0xf, 0x70, 0xf7, 0x0,
    0xc, 0xd0, 0xf, 0xff, 0xf4, 0x0, 0x8, 0xf0,
    0xf, 0xb8, 0xf4, 0x0, 0x9, 0xf0, 0xf, 0x70,
    0xd9, 0x0, 0xd, 0xd0, 0xf, 0x70, 0x6f, 0xa7,
    0xcf, 0x50, 0xf, 0x70, 0x6, 0xdf, 0xd5, 0x0,

    /* U+044F "я" */
    0x4, 0xdf, 0xff, 0xf0, 0xe, 0xc3, 0x38, 0xf0,
    0x2f, 0x50, 0x6, 0xf0, 0x1f, 0xa0, 0x6, 0xf0,
    0x7, 0xff, 0xff, 0xf0, 0x0, 0xfd, 0x38, 0xf0,
    0x8, 0xe1, 0x6, 0xf0, 0x2f, 0x60, 0x6, 0xf0,

    /* U+0451 "ё" */
    0x0, 0xd8, 0xf, 0x60, 0x0, 0x53, 0x7, 0x20,
    0x0, 0x8e, 0xfc, 0x40, 0xb, 0xf8, 0x6b, 0xf2,
    0x3f, 0x60, 0x0, 0xe9, 0x6f, 0xff, 0xff, 0xfc,
    0x6f, 0x52, 0x22, 0x42, 0x3f, 0x70, 0x0, 0x93,
    0xb, 0xf9, 0x7d, 0xf3, 0x0, 0x8e, 0xfc, 0x30,

    /* U+2013 "–" */
    0x0, 0x0, 0x0, 0x2, 0xff, 0xff, 0xfb, 0x3,
    0x33, 0x33, 0x20,

    /* U+2014 "—" */
    0x0, 0x0, 0x0, 0x0, 0x0, 0x2, 0xff, 0xff,
    0xff, 0xff, 0xf1, 0x3, 0x33, 0x33, 0x33, 0x33,
    0x0,

    /* U+2022 "•" */
    0x4, 0xba, 0x0, 0xef, 0xf8, 0xf, 0xff, 0x90,
    0x6e, 0xc1,

    /* U+2026 "…" */
    0x86, 0x9, 0x50, 0x94, 0xea, 0xf, 0x91, 0xf7,

    /* U+2212 "−" */
    0x1d, 0xdd, 0xdd, 0xa0, 0x55, 0x55, 0x54,

    /* U+F001 "" */
    0x0, 0x0, 0x0, 0x0, 0x0, 0x0, 0x0, 0x0,
    0x0, 0x0, 0x0, 0x0, 0x2, 0x7b, 0xfb, 0x0,
    0x0, 0x0, 0x4, 0x9d, 0xff, 0xff, 0xd0, 0x0,
    0x3, 0xaf, 0xff, 0xff, 0xff, 0xfd, 0x0, 0x0,
    0xaf, 0xff, 0xff, 0xff, 0xdf, 0xd0, 0x0, 0xa,
    0xff, 0xff, 0xb6, 0x10, 0xed, 0x0, 0x0, 0xaf,
    0x94, 0x0, 0x0, 0xe, 0xd0, 0x0, 0xa, 0xf1,
    0x0, 0x0, 0x0, 0xed, 0x0, 0x0, 0xaf, 0x10,
    0x0, 0x0, 0xe, 0xd0, 0x0, 0xa, 0xf1, 0x0,
    0x0, 0x45, 0xfd, 0x0, 0x0, 0xaf, 0x10, 0x1,
    0xef, 0xff, 0xd0, 0x17, 0x9d, 0xf1, 0x0, 0x5f,
    0xff, 0xfc, 0xe, 0xff, 0xff, 0x10, 0x0, 0xaf,
    0xfd, 0x31, 0xff, 0xff, 0xe0, 0x0, 0x0, 0x1,
    0x0, 0x3, 0xbd, 0xa3, 0x0, 0x0, 0x0, 0x0,
    0x0,

    /* U+F008 "" */
    0x50, 0x18, 0x88, 0x88, 0x88, 0x84, 0x5, 0xfa,
    0xbf, 0xdd, 0xdd, 0xdd, 0xfd, 0xaf, 0xe4, 0x7f,
    0x10, 0x0, 0x0, 0xca, 0x4e, 0xe0, 0x4f, 0x10,
    0x0, 0x0, 0xc8, 0xe, 0xfe, 0xef, 0x10, 0x0,
    0x0, 0xcf, 0xef, 0xe0, 0x3f, 0xee, 0xee, 0xee,
    0xf8, 0xe, 0xf6, 0x8f, 0x76, 0x66, 0x66, 0xeb,
    0x6f, 0xf8, 0xaf, 0x10, 0x0, 0x0, 0xcc, 0x8f,
    0xe0, 0x3f, 0x10, 0x0, 0x0, 0xc8, 0xe, 0xfc,
    0xdf, 0x65, 0x55, 0x55, 0xee, 0xcf, 0xc2, 0x5f,
    0xff, 0xff, 0xff, 0xf9, 0x2c,

    /* U+F00B "" */
    0x57, 0x75, 0x5, 0x77, 0x77, 0x77, 0x75, 0xff,
    0xff, 0x1f, 0xff, 0xff, 0xff, 0xff, 0xff, 0xff,
    0x2f, 0xff, 0xff, 0xff, 0xff, 0xef, 0xff, 0xe,
    0xff, 0xff, 0xff, 0xfe, 0x1, 0x10, 0x0, 0x11,
    0x11, 0x11, 0x10, 0xef, 0xfe, 0xe, 0xff, 0xff,
    0xff, 0xfe, 0xff, 0xff, 0x2f, 0xff, 0xff, 0xff,
    0xff, 0xff, 0xff, 0x1f, 0xff, 0xff, 0xff, 0xff,
    0x68, 0x87, 0x7, 0x88, 0x88, 0x88, 0x86, 0x68,
    0x87, 0x7, 0x88, 0x88, 0x88, 0x86, 0xff, 0xff,
    0x1f, 0xff, 0xff, 0xff, 0xff, 0xff, 0xff, 0x2f,
    0xff, 0xff, 0xff, 0xff, 0xdf, 0xfd, 0xd, 0xff,
    0xff, 0xff, 0xfd,

    /* U+F00C "" */
    0x0, 0x0, 0x0, 0x0, 0x0, 0x1, 0x50, 0x0,
    0x0, 0x0, 0x0, 0x0, 0x1d, 0xf8, 0x0, 0x0,
    0x0, 0x0, 0x1, 0xdf, 0xfd, 0x0, 0x0, 0x0,
    0x0, 0x1d, 0xff, 0xe2, 0x2d, 0x60, 0x0, 0x1,
    0xdf, 0xfe, 0x20, 0xdf, 0xf7, 0x0, 0x1d, 0xff,
    0xe2, 0x0, 0x8f, 0xff, 0x71, 0xdf, 0xfe, 0x20,
    0x0, 0x8, 0xff, 0xfe, 0xff, 0xe2, 0x0, 0x0,
    0x0, 0x8f, 0xff, 0xfe, 0x20, 0x0, 0x0, 0x0,
    0x8, 0xff, 0xe2, 0x0, 0x0, 0x0, 0x0, 0x0,
    0x7d, 0x20, 0x0, 0x0, 0x0,

    /* U+F00D "" */
    0x0, 0x0, 0x0, 0x0, 0x0, 0x7f, 0x60, 0x0,
    0xb, 0xe2, 0xef, 0xf6, 0x0, 0xbf, 0xf8, 0x4f,
    0xff, 0x6b, 0xff, 0xd1, 0x4, 0xff, 0xff, 0xfd,
    0x10, 0x0, 0x5f, 0xff, 0xe1, 0x0, 0x0, 0xbf,
    0xff, 0xf6, 0x0, 0xb, 0xff, 0xdf, 0xff, 0x60,
    0xbf, 0xfd, 0x14, 0xff, 0xf5, 0xcf, 0xd1, 0x0,
    0x4f, 0xf6, 0x17, 0x10, 0x0, 0x3, 0x60,

    /* U+F011 "" */
    0x0, 0x0, 0x0, 0x11, 0x0, 0x0, 0x0, 0x0,
    0x0, 0x0, 0xff, 0x0, 0x0, 0x0, 0x0, 0x6f,
    0x21, 0xff, 0x12, 0xf7, 0x0, 0x6, 0xff, 0x61,
    0xff, 0x16, 0xff, 0x60, 0x1f, 0xf9, 0x1, 0xff,
    0x10, 0x9f, 0xf1, 0x6f, 0xe0, 0x1, 0xff, 0x10,
    0xe, 0xf6, 0xaf, 0x80, 0x1, 0xff, 0x10, 0x8,
    0xfa, 0xcf, 0x60, 0x1, 0xff, 0x10, 0x6, 0xfc,
    0xaf, 0x80, 0x0, 0xaa, 0x0, 0x8, 0xfb, 0x7f,
    0xd0, 0x0, 0x0, 0x0, 0xd, 0xf7, 0x1f, 0xf8,
    0x0, 0x0, 0x0, 0x8f, 0xf1, 0x7, 0xff, 0x91,
    0x0, 0x2a, 0xff, 0x70, 0x0, 0x9f, 0xff, 0xee,
    0xff, 0xf9, 0x0, 0x0, 0x5, 0xcf, 0xff, 0xfd,
    0x50, 0x0, 0x0, 0x0, 0x2, 0x44, 0x20, 0x0,
    0x0,

    /* U+F013 "" */
    0x0, 0x0, 0x0, 0x0, 0x0, 0x0, 0x0, 0x0,
    0x0, 0xa, 0xff, 0xa0, 0x0, 0x0, 0x0, 0x0,
    0xc, 0xff, 0xc0, 0x0, 0x0, 0x3, 0xd6, 0xdf,
    0xff, 0xfd, 0x6d, 0x30, 0xe, 0xff, 0xff, 0xff,
    0xff, 0xff, 0xe0, 0x5f, 0xff, 0xff, 0xaa, 0xff,
    0xff, 0xf5, 0x1a, 0xff, 0xf4, 0x0, 0x4f, 0xff,
    0xa1, 0x3, 0xff, 0xd0, 0x0, 0xd, 0xff, 0x30,
    0x4, 0xff, 0xf0, 0x0, 0xf, 0xff, 0x40, 0x4f,
    0xff, 0xfb, 0x22, 0xbf, 0xff, 0xf4, 0x2f, 0xff,
    0xff, 0xff, 0xff, 0xff, 0xf2, 0x9, 0xfe, 0xff,
    0xff, 0xff, 0xef, 0x90, 0x0, 0x50, 0x5e, 0xff,
    0xe5, 0x5, 0x0, 0x0, 0x0, 0xc, 0xff, 0xc0,
    0x0, 0x0, 0x0, 0x0, 0x4, 0x77, 0x40, 0x0,
    0x0,

    /* U+F015 "" */
    0x0, 0x0, 0x0, 0x3, 0x10, 0x3, 0x41, 0x0,
    0x0, 0x0, 0x0, 0x9f, 0xf5, 0xd, 0xf5, 0x0,
    0x0, 0x0, 0x1b, 0xfd, 0xff, 0x8d, 0xf5, 0x0,
    0x0, 0x2, 0xdf, 0xb1, 0x2d, 0xff, 0xf5, 0x0,
    0x0, 0x4f, 0xf8, 0x3e, 0xc2, 0xbf, 0xf5, 0x0,
    0x7, 0xff, 0x55, 0xff, 0xfe, 0x39, 0xfe, 0x40,
    0x9f, 0xe3, 0x8f, 0xff, 0xff, 0xf5, 0x6f, 0xf6,
    0xac, 0x2a, 0xff, 0xff, 0xff, 0xff, 0x73, 0xe6,
    0x0, 0x5f, 0xff, 0xff, 0xff, 0xff, 0xf1, 0x0,
    0x0, 0x6f, 0xff, 0xd7, 0x7f, 0xff, 0xf2, 0x0,
    0x0, 0x6f, 0xff, 0x90, 0xd, 0xff, 0xf2, 0x0,
    0x0, 0x6f, 0xff, 0x90, 0xd, 0xff, 0xf2, 0x0,
    0x0, 0x4f, 0xff, 0x70, 0xb, 0xff, 0xe1, 0x0,

    /* U+F019 "" */
    0x0, 0x0, 0x0, 0x33, 0x0, 0x0, 0x0, 0x0,
    0x0, 0xb, 0xff, 0xb0, 0x0, 0x0, 0x0, 0x0,
    0xc, 0xff, 0xc0, 0x0, 0x0, 0x0, 0x0, 0xc,
    0xff, 0xc0, 0x0, 0x0, 0x0, 0x0, 0xc, 0xff,
    0xc0, 0x0, 0x0, 0x0, 0x0, 0xc, 0xff, 0xc0,
    0x0, 0x0, 0x0, 0x8f, 0xff, 0xff, 0xff, 0xf8,
    0x0, 0x0, 0x2e, 0xff, 0xff, 0xff, 0xe2, 0x0,
    0x0, 0x2, 0xef, 0xff, 0xfe, 0x20, 0x0, 0x0,
    0x0, 0x2d, 0xff, 0xe2, 0x0, 0x0, 0x79, 0x99,
    0x82, 0xde, 0x28, 0x99, 0x97, 0xff, 0xff, 0xfb,
    0x22, 0xbf, 0xff, 0xff, 0xff, 0xff, 0xff, 0xff,
    0xff, 0xff, 0xff, 0xff, 0xff, 0xff, 0xff, 0xfa,
    0xb3, 0xcf, 0xac, 0xcc, 0xcc, 0xcc, 0xcc, 0xcc,
    0xca,

    /* U+F01C "" */
    0x0, 0x6, 0xbb, 0xbb, 0xbb, 0xba, 0x30, 0x0,
    0x0, 0x4f, 0xff, 0xff, 0xff, 0xff, 0xe1, 0x0,
    0x0, 0xef, 0x30, 0x0, 0x0, 0x6, 0xfb, 0x0,
    0x9, 0xf8, 0x0, 0x0, 0x0, 0x0, 0xcf, 0x50,
    0x4f, 0xd0, 0x0, 0x0, 0x0, 0x0, 0x2f, 0xe1,
    0xdf, 0x84, 0x42, 0x0, 0x0, 0x34, 0x4b, 0xf9,
    0xff, 0xff, 0xfd, 0x0, 0x1, 0xff, 0xff, 0xfb,
    0xff, 0xff, 0xff, 0x98, 0x8b, 0xff, 0xff, 0xfc,
    0xff, 0xff, 0xff, 0xff, 0xff, 0xff, 0xff, 0xfc,
    0xff, 0xff, 0xff, 0xff, 0xff, 0xff, 0xff, 0xfb,
    0x9f, 0xff, 0xff, 0xff, 0xff, 0xff, 0xff, 0xf6,

    /* U+F021 "" */
    0x0, 0x0, 0x0, 0x0, 0x0, 0x0, 0x33, 0x0,
    0x1, 0x8d, 0xff, 0xc6, 0x0, 0xef, 0x0, 0x4e,
    0xff, 0xff, 0xff, 0xe4, 0xdf, 0x4, 0xff, 0xb3,
    0x0, 0x4c, 0xff, 0xff, 0xe, 0xf9, 0x0, 0x0,
    0x0, 0x8f, 0xff, 0x6f, 0xc0, 0x0, 0x1, 0xff,
    0xff, 0xff, 0x8e, 0x50, 0x0, 0x1, 0xde, 0xee,
    0xed, 0x0, 0x0, 0x0, 0x0, 0x0, 0x0, 0x0,
    0x22, 0x22, 0x22, 0x0, 0x0, 0x0, 0x21, 0xff,
    0xff, 0xff, 0x10, 0x0, 0x8, 0xf8, 0xff, 0xfb,
    0xbc, 0x10, 0x0, 0x1e, 0xf4, 0xff, 0xfc, 0x10,
    0x0, 0x1, 0xdf, 0xc0, 0xfe, 0xef, 0xe8, 0x44,
    0x8e, 0xfe, 0x10, 0xfe, 0x1a, 0xff, 0xff, 0xff,
    0xc1, 0x0, 0xfd, 0x0, 0x28, 0xbb, 0x94, 0x0,
    0x0,

    /* U+F026 "" */
    0x0, 0x0, 0x2, 0x70, 0x0, 0x2, 0xef, 0x0,
    0x2, 0xef, 0xfd, 0xff, 0xff, 0xff, 0xff, 0xff,
    0xff, 0xff, 0xff, 0xff, 0xff, 0xff, 0xff, 0xff,
    0xff, 0xff, 0xff, 0xff, 0x34, 0x47, 0xff, 0xf0,
    0x0, 0x5, 0xff, 0x0, 0x0, 0x5, 0xc0, 0x0,
    0x0, 0x0,

    /* U+F027 "" */
    0x0, 0x0, 0x2, 0x70, 0x0, 0x0, 0x0, 0x2,
    0xef, 0x0, 0x0, 0x0, 0x2, 0xef, 0xf0, 0x0,
    0xd, 0xff, 0xff, 0xff, 0x2, 0x20, 0xff, 0xff,
    0xff, 0xf0, 0x8e, 0x1f, 0xff, 0xff, 0xff, 0x0,
    0xe7, 0xff, 0xff, 0xff, 0xf0, 0x3f, 0x5f, 0xff,
    0xff, 0xff, 0x8, 0x90, 0x34, 0x47, 0xff, 0xf0,
    0x0, 0x0, 0x0, 0x5, 0xff, 0x0, 0x0, 0x0,
    0x0, 0x5, 0xc0, 0x0, 0x0, 0x0, 0x0, 0x0,
    0x0, 0x0,

    /* U+F028 "" */
    0x0, 0x0, 0x0, 0x0, 0x0, 0x7, 0x70, 0x0,
    0x0, 0x0, 0x2, 0x70, 0x0, 0x5, 0xfa, 0x0,
    0x0, 0x0, 0x2e, 0xf0, 0x0, 0x81, 0x4f, 0x60,
    0x0, 0x2, 0xef, 0xf0, 0x1, 0xdd, 0x7, 0xf0,
    0xdf, 0xff, 0xff, 0xf0, 0x32, 0x1e, 0x80, 0xf6,
    0xff, 0xff, 0xff, 0xf0, 0x8e, 0x27, 0xe0, 0xb9,
    0xff, 0xff, 0xff, 0xf0, 0xe, 0x73, 0xf1, 0x9b,
    0xff, 0xff, 0xff, 0xf0, 0x3f, 0x54, 0xf0, 0x9a,
    0xff, 0xff, 0xff, 0xf0, 0x89, 0xa, 0xc0, 0xd8,
    0x34, 0x47, 0xff, 0xf0, 0x0, 0x7f, 0x43, 0xf3,
    0x0, 0x0, 0x5f, 0xf0, 0x2, 0xf6, 0xc, 0xb0,
    0x0, 0x0, 0x5, 0xc0, 0x0, 0x0, 0xbf, 0x10,
    0x0, 0x0, 0x0, 0x0, 0x0, 0x9, 0xe3, 0x0,
    0x0, 0x0, 0x0, 0x0, 0x0, 0x2, 0x10, 0x0,

    /* U+F03E "" */
    0x37, 0x88, 0x88, 0x88, 0x88, 0x88, 0x73, 0xef,
    0xff, 0xff, 0xff, 0xff, 0xff, 0xfe, 0xfe, 0x32,
    0xdf, 0xff, 0xff, 0xff, 0xff, 0xf9, 0x0, 0x7f,
    0xff, 0xfd, 0xff, 0xff, 0xfd, 0x10, 0xcf, 0xff,
    0xa0, 0x7f, 0xff, 0xff, 0xff, 0xff, 0xfa, 0x0,
    0x7, 0xff, 0xff, 0xf3, 0x5f, 0xa0, 0x0, 0x0,
    0xcf, 0xff, 0x30, 0x3, 0x0, 0x0, 0x0, 0xcf,
    0xfc, 0x0, 0x0, 0x0, 0x0, 0x0, 0xcf, 0xff,
    0xcc, 0xcc, 0xcc, 0xcc, 0xcc, 0xff, 0xaf, 0xff,
    0xff, 0xff, 0xff, 0xff, 0xf9,

    /* U+F043 "" */
    0x0, 0x0, 0x20, 0x0, 0x0, 0x0, 0x1, 0xfa,
    0x0, 0x0, 0x0, 0x6, 0xff, 0x10, 0x0, 0x0,
    0xd, 0xff, 0x70, 0x0, 0x0, 0x6f, 0xff, 0xf1,
    0x0, 0x1, 0xef, 0xff, 0xfa, 0x0, 0xb, 0xff,
    0xff, 0xff, 0x60, 0x5f, 0xff, 0xff, 0xff, 0xe0,
    0xcf, 0xff, 0xff, 0xff, 0xf6, 0xfe, 0xbf, 0xff,
    0xff, 0xf9, 0xfd, 0x4f, 0xff, 0xff, 0xf9, 0xbf,
    0x49, 0xff, 0xff, 0xf5, 0x3f, 0xe5, 0x2e, 0xff,
    0xd0, 0x6, 0xff, 0xff, 0xfd, 0x20, 0x0, 0x28,
    0xba, 0x60, 0x0,

    /* U+F048 "" */
    0x4, 0x30, 0x0, 0x0, 0x31, 0x1f, 0xe0, 0x0,
    0x6, 0xf9, 0x1f, 0xe0, 0x0, 0x7f, 0xfa, 0x1f,
    0xe0, 0x9, 0xff, 0xfa, 0x1f, 0xe0, 0xaf, 0xff,
    0xfa, 0x1f, 0xeb, 0xff, 0xff, 0xfa, 0x1f, 0xff,
    0xff, 0xff, 0xfa, 0x1f, 0xff, 0xff, 0xff, 0xfa,
    0x1f, 0xe6, 0xff, 0xff, 0xfa, 0x1f, 0xe0, 0x5f,
    0xff, 0xfa, 0x1f, 0xe0, 0x4, 0xff, 0xfa, 0x1f,
    0xe0, 0x0, 0x3e, 0xfa, 0xf, 0xd0, 0x0, 0x2,
    0xd7, 0x0, 0x0, 0x0, 0x0, 0x0,

    /* U+F04B "" */
    0x2, 0x0, 0x0, 0x0, 0x0, 0x0, 0xc, 0xfb,
    0x20, 0x0, 0x0, 0x0, 0x0, 0xff, 0xff, 0x90,
    0x0, 0x0, 0x0, 0xf, 0xff, 0xff, 0xe6, 0x0,
    0x0, 0x0, 0xff, 0xff, 0xff, 0xfc, 0x30, 0x0,
    0xf, 0xff, 0xff, 0xff, 0xff, 0x91, 0x0, 0xff,
    0xff, 0xff, 0xff, 0xff, 0xe6, 0xf, 0xff, 0xff,
    0xff, 0xff, 0xff, 0xf2, 0xff, 0xff, 0xff, 0xff,
    0xff, 0xfd, 0xf, 0xff, 0xff, 0xff, 0xff, 0xf8,
    0x0, 0xff, 0xff, 0xff, 0xff, 0xb2, 0x0, 0xf,
    0xff, 0xff, 0xfd, 0x40, 0x0, 0x0, 0xff, 0xff,
    0xf7, 0x0, 0x0, 0x0, 0xf, 0xff, 0xa1, 0x0,
    0x0, 0x0, 0x0, 0x6a, 0x40, 0x0, 0x0, 0x0,
    0x0, 0x0,

    /* U+F04C "" */
    0x14, 0x44, 0x20, 0x1, 0x44, 0x42, 0xd, 0xff,
    0xff, 0x10, 0xdf, 0xff, 0xf1, 0xff, 0xff, 0xf3,
    0xf, 0xff, 0xff, 0x3f, 0xff, 0xff, 0x40, 0xff,
    0xff, 0xf4, 0xff, 0xff, 0xf4, 0xf, 0xff, 0xff,
    0x4f, 0xff, 0xff, 0x40, 0xff, 0xff, 0xf4, 0xff,
    0xff, 0xf4, 0xf, 0xff, 0xff, 0x4f, 0xff, 0xff,
    0x40, 0xff, 0xff, 0xf4, 0xff, 0xff, 0xf4, 0xf,
    0xff, 0xff, 0x4f, 0xff, 0xff, 0x40, 0xff, 0xff,
    0xf4, 0xff, 0xff, 0xf4, 0xf, 0xff, 0xff, 0x4f,
    0xff, 0xff, 0x30, 0xff, 0xff, 0xf3, 0x9f, 0xff,
    0xc0, 0x9, 0xff, 0xfc, 0x0,

    /* U+F04D "" */
    0x14, 0x44, 0x44, 0x44, 0x44, 0x42, 0xd, 0xff,
    0xff, 0xff, 0xff, 0xff, 0xf1, 0xff, 0xff, 0xff,
    0xff, 0xff, 0xff, 0x3f, 0xff, 0xff, 0xff, 0xff,
    0xff, 0xf4, 0xff, 0xff, 0xff, 0xff, 0xff, 0xff,
    0x4f, 0xff, 0xff, 0xff, 0xff, 0xff, 0xf4, 0xff,
    0xff, 0xff, 0xff, 0xff, 0xff, 0x4f, 0xff, 0xff,
    0xff, 0xff, 0xff, 0xf4, 0xff, 0xff, 0xff, 0xff,
    0xff, 0xff, 0x4f, 0xff, 0xff, 0xff, 0xff, 0xff,
    0xf4, 0xff, 0xff, 0xff, 0xff, 0xff, 0xff, 0x4f,
    0xff, 0xff, 0xff, 0xff, 0xff, 0xf3, 0x9f, 0xff,
    0xff, 0xff, 0xff, 0xfc, 0x0,

    /* U+F051 "" */
    0x2, 0x10, 0x0, 0x0, 0x42, 0xf, 0xe2, 0x0,
    0x3, 0xfb, 0xf, 0xfe, 0x30, 0x4, 0xfb, 0xf,
    0xff, 0xf4, 0x4, 0xfb, 0xf, 0xff, 0xff, 0x54,
    0xfb, 0xf, 0xff, 0xff, 0xfa, 0xfb, 0xf, 0xff,
    0xff, 0xff, 0xfb, 0xf, 0xff, 0xff, 0xff, 0xfb,
    0xf, 0xff, 0xff, 0xd6, 0xfb, 0xf, 0xff, 0xfd,
    0x14, 0xfb, 0xf, 0xff, 0xc1, 0x4, 0xfb, 0xf,
    0xfb, 0x0, 0x4, 0xfb, 0xc, 0xa0, 0x0, 0x3,
    0xfa, 0x0, 0x0, 0x0, 0x0, 0x0,

    /* U+F052 "" */
    0x0, 0x0, 0x0, 0x12, 0x0, 0x0, 0x0, 0x0,
    0x0, 0x3, 0xff, 0x60, 0x0, 0x0, 0x0, 0x0,
    0x2e, 0xff, 0xf5, 0x0, 0x0, 0x0, 0x1, 0xef,
    0xff, 0xff, 0x40, 0x0, 0x0, 0x1d, 0xff, 0xff,
    0xff, 0xf3, 0x0, 0x0, 0xcf, 0xff, 0xff, 0xff,
    0xfe, 0x20, 0xa, 0xff, 0xff, 0xff, 0xff, 0xff,
    0xe0, 0xe, 0xff, 0xff, 0xff, 0xff, 0xff, 0xf2,
    0x3, 0x99, 0x99, 0x99, 0x99, 0x99, 0x50, 0x5,
    0x88, 0x88, 0x88, 0x88, 0x88, 0x70, 0xf, 0xff,
    0xff, 0xff, 0xff, 0xff, 0xf3, 0xf, 0xff, 0xff,
    0xff, 0xff, 0xff, 0xf4, 0xb, 0xff, 0xff, 0xff,
    0xff, 0xff, 0xd1,

    /* U+F053 "" */
    0x0, 0x0, 0x0, 0x0, 0x0, 0x0, 0x0, 0x3f,
    0x90, 0x0, 0x0, 0x3f, 0xfc, 0x0, 0x0, 0x3f,
    0xfd, 0x10, 0x0, 0x3f, 0xfd, 0x10, 0x0, 0x3f,
    0xfd, 0x10, 0x0, 0x1f, 0xfd, 0x10, 0x0, 0x0,
    0xcf, 0xf4, 0x0, 0x0, 0x0, 0xcf, 0xf4, 0x0,
    0x0, 0x0, 0xcf, 0xf4, 0x0, 0x0, 0x0, 0xcf,
    0xf4, 0x0, 0x0, 0x0, 0xcf, 0xe0, 0x0, 0x0,
    0x0, 0xa4, 0x0,

    /* U+F054 "" */
    0x0, 0x0, 0x0, 0x0, 0x0, 0xcd, 0x10, 0x0,
    0x0, 0x1f, 0xfd, 0x10, 0x0, 0x0, 0x3f, 0xfd,
    0x10, 0x0, 0x0, 0x3f, 0xfd, 0x10, 0x0, 0x0,
    0x3f, 0xfd, 0x10, 0x0, 0x0, 0x3f, 0xfd, 0x0,
    0x0, 0x8, 0xff, 0x90, 0x0, 0x8, 0xff, 0x90,
    0x0, 0x8, 0xff, 0x90, 0x0, 0x8, 0xff, 0x90,
    0x0, 0x2, 0xff, 0x90, 0x0, 0x0, 0x7, 0x80,
    0x0, 0x0, 0x0,

    /* U+F067 "" */
    0x0, 0x0, 0x4, 0x50, 0x0, 0x0, 0x0, 0x0,
    0x2, 0xff, 0x60, 0x0, 0x0, 0x0, 0x0, 0x3f,
    0xf7, 0x0, 0x0, 0x0, 0x0, 0x3, 0xff, 0x70,
    0x0, 0x0, 0x0, 0x0, 0x3f, 0xf7, 0x0, 0x0,
    0x6, 0x99, 0x9a, 0xff, 0xc9, 0x99, 0x80, 0xff,
    0xff, 0xff, 0xff, 0xff, 0xff, 0x3d, 0xff, 0xff,
    0xff, 0xff, 0xff, 0xf2, 0x1, 0x11, 0x3f, 0xf7,
    0x11, 0x10, 0x0, 0x0, 0x3, 0xff, 0x70, 0x0,
    0x0, 0x0, 0x0, 0x3f, 0xf7, 0x0, 0x0, 0x0,
    0x0, 0x3, 0xff, 0x70, 0x0, 0x0, 0x0, 0x0,
    0xc, 0xd3, 0x0, 0x0, 0x0,

    /* U+F068 "" */
    0x69, 0x99, 0x99, 0x99, 0x99, 0x98, 0xf, 0xff,
    0xff, 0xff, 0xff, 0xff, 0xf3, 0xdf, 0xff, 0xff,
    0xff, 0xff, 0xff, 0x20, 0x0, 0x0, 0x0, 0x0,
    0x0, 0x0,

    /* U+F06E "" */
    0x0, 0x0, 0x1, 0x56, 0x64, 0x0, 0x0, 0x0,
    0x0, 0x3, 0xbf, 0xfe, 0xef, 0xf9, 0x10, 0x0,
    0x0, 0x7f, 0xfa, 0x10, 0x3, 0xdf, 0xe4, 0x0,
    0x8, 0xff, 0xa0, 0x9, 0xb4, 0x1e, 0xff, 0x50,
    0x4f, 0xff, 0x20, 0xb, 0xff, 0x26, 0xff, 0xe1,
    0xef, 0xff, 0x9, 0xcf, 0xff, 0x63, 0xff, 0xfa,
    0xbf, 0xff, 0x9, 0xff, 0xff, 0x54, 0xff, 0xf6,
    0x1e, 0xff, 0x51, 0xdf, 0xfb, 0x9, 0xff, 0xb0,
    0x3, 0xef, 0xe2, 0x4, 0x30, 0x5f, 0xfc, 0x10,
    0x0, 0x2c, 0xff, 0x95, 0x6a, 0xff, 0x90, 0x0,
    0x0, 0x0, 0x49, 0xdf, 0xfd, 0x92, 0x0, 0x0,

    /* U+F070 "" */
    0x0, 0x0, 0x0, 0x0, 0x0, 0x0, 0x0, 0x0,
    0x0, 0xcd, 0x20, 0x0, 0x0, 0x0, 0x0, 0x0,
    0x0, 0x0, 0x8f, 0xf5, 0x0, 0x14, 0x66, 0x40,
    0x0, 0x0, 0x0, 0x4, 0xef, 0xac, 0xff, 0xef,
    0xff, 0x91, 0x0, 0x0, 0x0, 0x1c, 0xff, 0xa1,
    0x0, 0x4d, 0xfe, 0x30, 0x0, 0x0, 0x0, 0x9f,
    0xf5, 0xab, 0x31, 0xef, 0xf4, 0x0, 0x7, 0xb1,
    0x5, 0xff, 0xff, 0xe1, 0x7f, 0xfe, 0x10, 0xf,
    0xfe, 0x30, 0x2d, 0xff, 0xf5, 0x4f, 0xff, 0x90,
    0xc, 0xff, 0xe0, 0x0, 0xaf, 0xf6, 0x5f, 0xff,
    0x60, 0x2, 0xff, 0xf4, 0x0, 0x6, 0xff, 0xef,
    0xfb, 0x0, 0x0, 0x4f, 0xfd, 0x10, 0x0, 0x3e,
    0xff, 0xc0, 0x0, 0x0, 0x2, 0xdf, 0xe8, 0x54,
    0x1, 0xbf, 0xe3, 0x0, 0x0, 0x0, 0x5, 0xae,
    0xff, 0x60, 0x7, 0xff, 0x60, 0x0, 0x0, 0x0,
    0x0, 0x0, 0x0, 0x0, 0x4e, 0xf6, 0x0, 0x0,
    0x0, 0x0, 0x0, 0x0, 0x0, 0x1, 0xa1,

    /* U+F071 "" */
    0x0, 0x0, 0x0, 0x0, 0x0, 0x0, 0x0, 0x0,
    0x0, 0x0, 0x0, 0x0, 0x3e, 0xd0, 0x0, 0x0,
    0x0, 0x0, 0x0, 0x0, 0xc, 0xff, 0x80, 0x0,
    0x0, 0x0, 0x0, 0x0, 0x6, 0xff, 0xff, 0x20,
    0x0, 0x0, 0x0, 0x0, 0x0, 0xef, 0xff, 0xfb,
    0x0, 0x0, 0x0, 0x0, 0x0, 0x8f, 0xfc, 0xcf,
    0xf4, 0x0, 0x0, 0x0, 0x0, 0x2f, 0xfb, 0x0,
    0xff, 0xd0, 0x0, 0x0, 0x0, 0xb, 0xff, 0xc0,
    0xf, 0xff, 0x70, 0x0, 0x0, 0x4, 0xff, 0xfd,
    0x1, 0xff, 0xff, 0x10, 0x0, 0x0, 0xdf, 0xff,
    0xe0, 0x2f, 0xff, 0xfa, 0x0, 0x0, 0x7f, 0xff,
    0xff, 0x9b, 0xff, 0xff, 0xf3, 0x0, 0x1f, 0xff,
    0xff, 0xb0, 0xe, 0xff, 0xff, 0xc0, 0xa, 0xff,
    0xff, 0xfe, 0x24, 0xff, 0xff, 0xff, 0x60, 0xff,
    0xff, 0xff, 0xff, 0xff, 0xff, 0xff, 0xfa, 0x6,
    0xcc, 0xcc, 0xcc, 0xcc, 0xcc, 0xcc, 0xcb, 0x30,

    /* U+F074 "" */
    0x0, 0x0, 0x0, 0x0, 0x0, 0x36, 0x0, 0x0,
    0x0, 0x0, 0x0, 0x0, 0x7f, 0x80, 0xdd, 0xdb,
    0x0, 0x0, 0x8d, 0xef, 0xf8, 0xff, 0xff, 0xb0,
    0x7, 0xff, 0xff, 0xfd, 0x55, 0x6f, 0xf4, 0x6f,
    0xf8, 0xaf, 0xe2, 0x0, 0x5, 0x74, 0xff, 0x90,
    0x7e, 0x20, 0x0, 0x0, 0x3f, 0xfa, 0x0, 0x0,
    0x0, 0x0, 0x2, 0xef, 0xb2, 0x50, 0x4a, 0x0,
    0x1, 0x2e, 0xfd, 0x1d, 0xf4, 0x8f, 0xb0, 0xff,
    0xff, 0xd1, 0xb, 0xff, 0xff, 0xfb, 0xff, 0xfe,
    0x20, 0x0, 0xcf, 0xff, 0xfb, 0x12, 0x21, 0x0,
    0x0, 0x2, 0x9f, 0xc0, 0x0, 0x0, 0x0, 0x0,
    0x0, 0x5b, 0x0,

    /* U+F077 "" */
    0x0, 0x0, 0x7, 0xa0, 0x0, 0x0, 0x0, 0x0,
    0x8, 0xff, 0xb0, 0x0, 0x0, 0x0, 0x8, 0xff,
    0xff, 0xb0, 0x0, 0x0, 0x8, 0xff, 0x95, 0xff,
    0xb0, 0x0, 0x8, 0xff, 0x90, 0x5, 0xff, 0xb0,
    0x7, 0xff, 0x90, 0x0, 0x5, 0xff, 0xb0, 0x9f,
    0x90, 0x0, 0x0, 0x5, 0xfd, 0x0, 0x40, 0x0,
    0x0, 0x0, 0x3, 0x10,

    /* U+F078 "" */
    0x4c, 0x20, 0x0, 0x0, 0x0, 0xb6, 0xb, 0xfe,
    0x20, 0x0, 0x0, 0xcf, 0xf0, 0x2e, 0xfe, 0x20,
    0x0, 0xcf, 0xf4, 0x0, 0x2e, 0xfe, 0x20, 0xcf,
    0xf4, 0x0, 0x0, 0x2e, 0xfe, 0xcf, 0xf4, 0x0,
    0x0, 0x0, 0x2e, 0xff, 0xf4, 0x0, 0x0, 0x0,
    0x0, 0x2e, 0xf4, 0x0, 0x0, 0x0, 0x0, 0x0,
    0x13, 0x0, 0x0, 0x0,

    /* U+F079 "" */
    0x0, 0x8, 0x30, 0x0, 0x0, 0x0, 0x0, 0x0,
    0x0, 0x0, 0xbf, 0xf3, 0x8, 0xbb, 0xbb, 0xbb,
    0x90, 0x0, 0xb, 0xff, 0xff, 0x39, 0xff, 0xff,
    0xff, 0xf1, 0x0, 0x8f, 0xcf, 0xcf, 0xf0, 0x0,
    0x0, 0xa, 0xf1, 0x0, 0x38, 0x2f, 0x94, 0x80,
    0x0, 0x0, 0xa, 0xf1, 0x0, 0x0, 0x2f, 0x90,
    0x0, 0x0, 0x0, 0xa, 0xf1, 0x0, 0x0, 0x2f,
    0x90, 0x0, 0x0, 0x3, 0xa, 0xf1, 0x30, 0x0,
    0x2f, 0x90, 0x0, 0x0, 0x1f, 0xcb, 0xf8, 0xf8,
    0x0, 0x2f, 0xeb, 0xbb, 0xbb, 0x39, 0xff, 0xff,
    0xe2, 0x0, 0x1f, 0xff, 0xff, 0xff, 0xb0, 0x9f,
    0xfd, 0x20, 0x0, 0x0, 0x0, 0x0, 0x0, 0x0,
    0x8, 0xd1, 0x0,

    /* U+F07B "" */
    0x37, 0x88, 0x87, 0x0, 0x0, 0x0, 0x0, 0xef,
    0xff, 0xff, 0xa0, 0x0, 0x0, 0x0, 0xff, 0xff,
    0xff, 0xfd, 0xcc, 0xcc, 0xb6, 0xff, 0xff, 0xff,
    0xff, 0xff, 0xff, 0xff, 0xff, 0xff, 0xff, 0xff,
    0xff, 0xff, 0xff, 0xff, 0xff, 0xff, 0xff, 0xff,
    0xff, 0xff, 0xff, 0xff, 0xff, 0xff, 0xff, 0xff,
    0xff, 0xff, 0xff, 0xff, 0xff, 0xff, 0xff, 0xff,
    0xff, 0xff, 0xff, 0xff, 0xff, 0xff, 0xff, 0xff,
    0xff, 0xff, 0xff, 0xff, 0xff, 0xff, 0xaf, 0xff,
    0xff, 0xff, 0xff, 0xff, 0xf9,

    /* U+F093 "" */
    0x0, 0x0, 0x0, 0x0, 0x0, 0x0, 0x0, 0x0,
    0x0, 0x1, 0xdd, 0x10, 0x0, 0x0, 0x0, 0x0,
    0x1d, 0xff, 0xd1, 0x0, 0x0, 0x0, 0x1, 0xdf,
    0xff, 0xfd, 0x10, 0x0, 0x0, 0x1d, 0xff, 0xff,
    0xff, 0xd1, 0x0, 0x0, 0x9f, 0xff, 0xff, 0xff,
    0xf9, 0x0, 0x0, 0x1, 0x1c, 0xff, 0xc1, 0x10,
    0x0, 0x0, 0x0, 0xc, 0xff, 0xc0, 0x0, 0x0,
    0x0, 0x0, 0xc, 0xff, 0xc0, 0x0, 0x0, 0x0,
    0x0, 0xc, 0xff, 0xc0, 0x0, 0x0, 0x79, 0x99,
    0x3b, 0xff, 0xb3, 0x99, 0x97, 0xff, 0xff, 0xb2,
    0x44, 0x2b, 0xff, 0xff, 0xff, 0xff, 0xfe, 0xdd,
    0xef, 0xff, 0xff, 0xff, 0xff, 0xff, 0xff, 0xfa,
    0xb3, 0xcf, 0xac, 0xcc, 0xcc, 0xcc, 0xcc, 0xcc,
    0xca,

    /* U+F095 "" */
    0x0, 0x0, 0x0, 0x0, 0x0, 0x2, 0x0, 0x0,
    0x0, 0x0, 0x0, 0x0, 0x4, 0xff, 0xc7, 0x0,
    0x0, 0x0, 0x0, 0x0, 0xaf, 0xff, 0xf0, 0x0,
    0x0, 0x0, 0x0, 0x1f, 0xff, 0xfd, 0x0, 0x0,
    0x0, 0x0, 0x6, 0xff, 0xff, 0xc0, 0x0, 0x0,
    0x0, 0x0, 0x8, 0xff, 0xf7, 0x0, 0x0, 0x0,
    0x0, 0x0, 0xc, 0xff, 0x30, 0x0, 0x0, 0x0,
    0x0, 0x4, 0xff, 0xc0, 0x0, 0x0, 0x0, 0x0,
    0x1, 0xef, 0xf3, 0x0, 0x0, 0x4a, 0x30, 0x2,
    0xdf, 0xf8, 0x0, 0x5, 0xdf, 0xfe, 0x15, 0xef,
    0xfb, 0x0, 0x0, 0xef, 0xff, 0xff, 0xff, 0xfa,
    0x0, 0x0, 0xb, 0xff, 0xff, 0xff, 0xf7, 0x0,
    0x0, 0x0, 0x7f, 0xff, 0xff, 0xa2, 0x0, 0x0,
    0x0, 0x2, 0xba, 0x85, 0x0, 0x0, 0x0, 0x0,
    0x0,

    /* U+F0C4 "" */
    0x4, 0x86, 0x0, 0x0, 0x0, 0x10, 0x6, 0xff,
    0xfa, 0x0, 0x2, 0xdf, 0xd1, 0xef, 0x3c, 0xf1,
    0x1, 0xdf, 0xfa, 0xe, 0xe0, 0xaf, 0x21, 0xdf,
    0xfa, 0x0, 0x9f, 0xef, 0xf6, 0xdf, 0xfa, 0x0,
    0x0, 0x8d, 0xff, 0xff, 0xfb, 0x0, 0x0, 0x0,
    0x6, 0xff, 0xfd, 0x0, 0x0, 0x0, 0x48, 0xef,
    0xff, 0xf6, 0x0, 0x0, 0x6f, 0xff, 0xfb, 0xff,
    0xf6, 0x0, 0xe, 0xf3, 0xcf, 0x23, 0xff, 0xf6,
    0x0, 0xee, 0xa, 0xf2, 0x4, 0xff, 0xf6, 0x9,
    0xfe, 0xfc, 0x0, 0x4, 0xff, 0xf1, 0x8, 0xda,
    0x10, 0x0, 0x2, 0x62, 0x0,

    /* U+F0C5 "" */
    0x0, 0x0, 0x0, 0x0, 0x0, 0x0, 0x0, 0x0,
    0x6f, 0xff, 0xf9, 0x87, 0x0, 0x0, 0x8, 0xff,
    0xff, 0x98, 0xf7, 0x8, 0xa6, 0x8f, 0xff, 0xf9,
    0x59, 0x90, 0xff, 0xa8, 0xff, 0xff, 0xfc, 0xcc,
    0xf, 0xfa, 0x8f, 0xff, 0xff, 0xff, 0xf1, 0xff,
    0xa8, 0xff, 0xff, 0xff, 0xff, 0x1f, 0xfa, 0x8f,
    0xff, 0xff, 0xff, 0xf1, 0xff, 0xa8, 0xff, 0xff,
    0xff, 0xff, 0x1f, 0xfa, 0x8f, 0xff, 0xff, 0xff,
    0xf1, 0xff, 0xa8, 0xff, 0xff, 0xff, 0xff, 0x1f,
    0xfa, 0x7f, 0xff, 0xff, 0xff, 0xf0, 0xff, 0xe3,
    0x12, 0x22, 0x22, 0x21, 0xf, 0xff, 0xff, 0xff,
    0xf9, 0x0, 0x0, 0xac, 0xcc, 0xcc, 0xcb, 0x50,
    0x0, 0x0,

    /* U+F0C7 "" */
    0x49, 0x99, 0x99, 0x99, 0x95, 0x0, 0xe, 0xff,
    0xff, 0xff, 0xff, 0xf6, 0x0, 0xfd, 0x22, 0x22,
    0x22, 0x4f, 0xf6, 0xf, 0xc0, 0x0, 0x0, 0x1,
    0xff, 0xf3, 0xfc, 0x0, 0x0, 0x0, 0x1f, 0xff,
    0x6f, 0xc0, 0x0, 0x0, 0x2, 0xff, 0xf6, 0xff,
    0xff, 0xff, 0xff, 0xff, 0xff, 0x6f, 0xff, 0xff,
    0xdc, 0xff, 0xff, 0xf6, 0xff, 0xff, 0xb0, 0x5,
    0xff, 0xff, 0x6f, 0xff, 0xf6, 0x0, 0xf, 0xff,
    0xf6, 0xff, 0xff, 0xc0, 0x6, 0xff, 0xff, 0x6f,
    0xff, 0xff, 0xed, 0xff, 0xff, 0xf6, 0x9f, 0xff,
    0xff, 0xff, 0xff, 0xfd, 0x10,

    /* U+F0C9 "" */
    0xcd, 0xdd, 0xdd, 0xdd, 0xdd, 0xdd, 0x2f, 0xff,
    0xff, 0xff, 0xff, 0xff, 0xf3, 0x12, 0x22, 0x22,
    0x22, 0x22, 0x22, 0x0, 0x0, 0x0, 0x0, 0x0,
    0x0, 0x0, 0x0, 0x0, 0x0, 0x0, 0x0, 0x0,
    0xf, 0xff, 0xff, 0xff, 0xff, 0xff, 0xf3, 0xde,
    0xee, 0xee, 0xee, 0xee, 0xee, 0x20, 0x0, 0x0,
    0x0, 0x0, 0x0, 0x0, 0x0, 0x0, 0x0, 0x0,
    0x0, 0x0, 0xd, 0xee, 0xee, 0xee, 0xee, 0xee,
    0xe2, 0xff, 0xff, 0xff, 0xff, 0xff, 0xff, 0x30,
    0x0, 0x0, 0x0, 0x0, 0x0, 0x0,

    /* U+F0E0 "" */
    0x37, 0x88, 0x88, 0x88, 0x88, 0x88, 0x73, 0xef,
    0xff, 0xff, 0xff, 0xff, 0xff, 0xfe, 0xef, 0xff,
    0xff, 0xff, 0xff, 0xff, 0xfe, 0x1c, 0xff, 0xff,
    0xff, 0xff, 0xff, 0xc1, 0xd2, 0x8f, 0xff, 0xff,
    0xff, 0xf8, 0x2d, 0xff, 0x64, 0xef, 0xff, 0xfe,
    0x45, 0xff, 0xff, 0xfa, 0x2b, 0xff, 0xb2, 0xaf,
    0xff, 0xff, 0xff, 0xd3, 0x55, 0x3d, 0xff, 0xff,
    0xff, 0xff, 0xff, 0xbb, 0xff, 0xff, 0xff, 0xff,
    0xff, 0xff, 0xff, 0xff, 0xff, 0xff, 0xaf, 0xff,
    0xff, 0xff, 0xff, 0xff, 0xf9,

    /* U+F0E7 "" */
    0x0, 0x0, 0x0, 0x0, 0x0, 0x1, 0xff, 0xff,
    0xf0, 0x0, 0x4, 0xff, 0xff, 0xd0, 0x0, 0x6,
    0xff, 0xff, 0x80, 0x0, 0x8, 0xff, 0xff, 0x30,
    0x0, 0xa, 0xff, 0xff, 0xaa, 0xa6, 0xc, 0xff,
    0xff, 0xff, 0xf8, 0xe, 0xff, 0xff, 0xff, 0xe1,
    0xb, 0xdd, 0xdf, 0xff, 0x60, 0x0, 0x0, 0x4f,
    0xfd, 0x0, 0x0, 0x0, 0x7f, 0xf3, 0x0, 0x0,
    0x0, 0xbf, 0xa0, 0x0, 0x0, 0x0, 0xff, 0x10,
    0x0, 0x0, 0x3, 0xf8, 0x0, 0x0, 0x0, 0x3,
    0xc0, 0x0, 0x0,

    /* U+F0EA "" */
    0x0, 0x0, 0x20, 0x0, 0x0, 0x0, 0x4, 0x55,
    0xef, 0xb5, 0x52, 0x0, 0x0, 0xff, 0xfd, 0x1f,
    0xff, 0xb0, 0x0, 0xf, 0xff, 0xff, 0xff, 0xfc,
    0x0, 0x0, 0xff, 0xff, 0x53, 0x33, 0x20, 0x0,
    0xf, 0xff, 0x97, 0xff, 0xfb, 0x57, 0x0, 0xff,
    0xf8, 0xaf, 0xff, 0xc6, 0xf8, 0xf, 0xff, 0x8a,
    0xff, 0xfc, 0x4a, 0xa1, 0xff, 0xf8, 0xaf, 0xff,
    0xe3, 0x22, 0xf, 0xff, 0x8a, 0xff, 0xff, 0xff,
    0xf4, 0xff, 0xf8, 0xaf, 0xff, 0xff, 0xff, 0x4f,
    0xff, 0x8a, 0xff, 0xff, 0xff, 0xf4, 0x35, 0x52,
    0xaf, 0xff, 0xff, 0xff, 0x40, 0x0, 0xa, 0xff,
    0xff, 0xff, 0xf4, 0x0, 0x0, 0x7f, 0xff, 0xff,
    0xfe, 0x20,

    /* U+F0F3 "" */
    0x0, 0x0, 0x1, 0x10, 0x0, 0x0, 0x0, 0x0,
    0x0, 0xaf, 0x0, 0x0, 0x0, 0x0, 0x1, 0x8f,
    0xfa, 0x30, 0x0, 0x0, 0x2, 0xef, 0xff, 0xff,
    0x50, 0x0, 0x0, 0xbf, 0xff, 0xff, 0xff, 0x10,
    0x0, 0x1f, 0xff, 0xff, 0xff, 0xf5, 0x0, 0x3,
    0xff, 0xff, 0xff, 0xff, 0x70, 0x0, 0x5f, 0xff,
    0xff, 0xff, 0xf9, 0x0, 0x8, 0xff, 0xff, 0xff,
    0xff, 0xc0, 0x0, 0xdf, 0xff, 0xff, 0xff, 0xff,
    0x20, 0x9f, 0xff, 0xff, 0xff, 0xff, 0xfd, 0xe,
    0xff, 0xff, 0xff, 0xff, 0xff, 0xf2, 0x2, 0x22,
    0x22, 0x22, 0x22, 0x21, 0x0, 0x0, 0x8, 0xff,
    0xc0, 0x0, 0x0, 0x0, 0x0, 0x9, 0xa2, 0x0,
    0x0, 0x0,

    /* U+F11C "" */
    0x5b, 0xbb, 0xbb, 0xbb, 0xbb, 0xbb, 0xbb, 0xa3,
    0xff, 0xff, 0xff, 0xff, 0xff, 0xff, 0xff, 0xfb,
    0xfc, 0xc, 0x30, 0xe1, 0x1d, 0xd, 0x11, 0xfc,
    0xfc, 0xb, 0x30, 0xe0, 0x1d, 0xd, 0x10, 0xfc,
    0xff, 0xfe, 0xff, 0xef, 0xfe, 0xfe, 0xef, 0xfc,
    0xff, 0xf1, 0x5a, 0x8, 0x70, 0xa0, 0x5f, 0xfc,
    0xff, 0xf3, 0x7b, 0x29, 0x92, 0xc2, 0x7f, 0xfc,
    0xff, 0xbf, 0xcb, 0xbb, 0xbb, 0xbf, 0xcb, 0xfc,
    0xfc, 0xb, 0x20, 0x0, 0x0, 0xd, 0x0, 0xfc,
    0xff, 0xcf, 0xcc, 0xcc, 0xcc, 0xcf, 0xcc, 0xfb,
    0x9f, 0xff, 0xff, 0xff, 0xff, 0xff, 0xff, 0xf6,

    /* U+F124 "" */
    0x0, 0x0, 0x0, 0x0, 0x0, 0x0, 0x2, 0x0,
    0x0, 0x0, 0x0, 0x0, 0x0, 0x5, 0xdf, 0xb0,
    0x0, 0x0, 0x0, 0x0, 0x7, 0xef, 0xff, 0xd0,
    0x0, 0x0, 0x0, 0x18, 0xff, 0xff, 0xff, 0x70,
    0x0, 0x0, 0x29, 0xff, 0xff, 0xff, 0xff, 0x0,
    0x0, 0x3b, 0xff, 0xff, 0xff, 0xff, 0xf8, 0x0,
    0xa, 0xff, 0xff, 0xff, 0xff, 0xff, 0xf1, 0x0,
    0xf, 0xff, 0xff, 0xff, 0xff, 0xff, 0xa0, 0x0,
    0x4, 0x9a, 0xaa, 0xaf, 0xff, 0xff, 0x20, 0x0,
    0x0, 0x0, 0x0, 0xe, 0xff, 0xfb, 0x0, 0x0,
    0x0, 0x0, 0x0, 0xe, 0xff, 0xf4, 0x0, 0x0,
    0x0, 0x0, 0x0, 0xe, 0xff, 0xc0, 0x0, 0x0,
    0x0, 0x0, 0x0, 0xe, 0xff, 0x50, 0x0, 0x0,
    0x0, 0x0, 0x0, 0xd, 0xfd, 0x0, 0x0, 0x0,
    0x0, 0x0, 0x0, 0x4, 0xb3, 0x0, 0x0, 0x0,

    /* U+F15B "" */
    0x35, 0x55, 0x55, 0x2, 0x0, 0xf, 0xff, 0xff,
    0xf2, 0xf4, 0x0, 0xff, 0xff, 0xff, 0x2f, 0xf4,
    0xf, 0xff, 0xff, 0xf2, 0xff, 0xf3, 0xff, 0xff,
    0xff, 0x32, 0x22, 0x1f, 0xff, 0xff, 0xff, 0xff,
    0xf7, 0xff, 0xff, 0xff, 0xff, 0xff, 0x8f, 0xff,
    0xff, 0xff, 0xff, 0xf8, 0xff, 0xff, 0xff, 0xff,
    0xff, 0x8f, 0xff, 0xff, 0xff, 0xff, 0xf8, 0xff,
    0xff, 0xff, 0xff, 0xff, 0x8f, 0xff, 0xff, 0xff,
    0xff, 0xf8, 0xff, 0xff, 0xff, 0xff, 0xff, 0x8f,
    0xff, 0xff, 0xff, 0xff, 0xf8, 0x8a, 0xaa, 0xaa,
    0xaa, 0xaa, 0x30,

    /* U+F1EB "" */
    0x0, 0x0, 0x0, 0x24, 0x55, 0x31, 0x0, 0x0,
    0x0, 0x0, 0x3, 0xaf, 0xff, 0xff, 0xff, 0xc7,
    0x0, 0x0, 0x2, 0xbf, 0xff, 0xfe, 0xde, 0xff,
    0xff, 0xf6, 0x0, 0x5f, 0xff, 0xb5, 0x10, 0x0,
    0x3, 0x8e, 0xff, 0xb0, 0xdf, 0xd3, 0x0, 0x0,
    0x0, 0x0, 0x0, 0x8f, 0xf5, 0x18, 0x0, 0x5,
    0xae, 0xfe, 0xc8, 0x10, 0x4, 0x60, 0x0, 0x2,
    0xdf, 0xff, 0xff, 0xff, 0xf8, 0x0, 0x0, 0x0,
    0xc, 0xff, 0x95, 0x34, 0x7d, 0xff, 0x40, 0x0,
    0x0, 0x2, 0xa2, 0x0, 0x0, 0x0, 0x77, 0x0,
    0x0, 0x0, 0x0, 0x0, 0x2, 0x96, 0x0, 0x0,
    0x0, 0x0, 0x0, 0x0, 0x0, 0xd, 0xff, 0x50,
    0x0, 0x0, 0x0, 0x0, 0x0, 0x0, 0xe, 0xff,
    0x60, 0x0, 0x0, 0x0, 0x0, 0x0, 0x0, 0x5,
    0xda, 0x0, 0x0, 0x0, 0x0,

    /* U+F240 "" */
    0x5b, 0xbb, 0xbb, 0xbb, 0xbb, 0xbb, 0xbb, 0xba,
    0x20, 0xff, 0xff, 0xff, 0xff, 0xff, 0xff, 0xff,
    0xff, 0x90, 0xfc, 0x12, 0x22, 0x22, 0x22, 0x22,
    0x22, 0xf, 0xf7, 0xfc, 0x5f, 0xff, 0xff, 0xff,
    0xff, 0xff, 0x2c, 0xfa, 0xfc, 0x5f, 0xff, 0xff,
    0xff, 0xff, 0xff, 0x21, 0xfa, 0xfc, 0x5f, 0xff,
    0xff, 0xff, 0xff, 0xff, 0x27, 0xfa, 0xfc, 0x26,
    0x66, 0x66, 0x66, 0x66, 0x66, 0x1f, 0xfa, 0xfe,
    0xbb, 0xbb, 0xbb, 0xbb, 0xbb, 0xbb, 0xbf, 0xb1,
    0xaf, 0xff, 0xff, 0xff, 0xff, 0xff, 0xff, 0xff,
    0x50, 0x0, 0x0, 0x0, 0x0, 0x0, 0x0, 0x0,
    0x0, 0x0,

    /* U+F241 "" */
    0x5b, 0xbb, 0xbb, 0xbb, 0xbb, 0xbb, 0xbb, 0xba,
    0x20, 0xff, 0xff, 0xff, 0xff, 0xff, 0xff, 0xff,
    0xff, 0x90, 0xfc, 0x12, 0x22, 0x22, 0x22, 0x21,
    0x0, 0xf, 0xf7, 0xfc, 0x5f, 0xff, 0xff, 0xff,
    0xf8, 0x0, 0xc, 0xfa, 0xfc, 0x5f, 0xff, 0xff,
    0xff, 0xf8, 0x0, 0x1, 0xfa, 0xfc, 0x5f, 0xff,
    0xff, 0xff, 0xf8, 0x0, 0x7, 0xfa, 0xfc, 0x26,
    0x66, 0x66, 0x66, 0x63, 0x0, 0xf, 0xfa, 0xfe,
    0xbb, 0xbb, 0xbb, 0xbb, 0xbb, 0xbb, 0xbf, 0xb1,
    0xaf, 0xff, 0xff, 0xff, 0xff, 0xff, 0xff, 0xff,
    0x50, 0x0, 0x0, 0x0, 0x0, 0x0, 0x0, 0x0,
    0x0, 0x0,

    /* U+F242 "" */
    0x5b, 0xbb, 0xbb, 0xbb, 0xbb, 0xbb, 0xbb, 0xba,
    0x20, 0xff, 0xff, 0xff, 0xff, 0xff, 0xff, 0xff,
    0xff, 0x90, 0xfc, 0x12, 0x22, 0x22, 0x10, 0x0,
    0x0, 0xf, 0xf7, 0xfc, 0x5f, 0xff, 0xff, 0xd0,
    0x0, 0x0, 0xc, 0xfa, 0xfc, 0x5f, 0xff, 0xff,
    0xd0, 0x0, 0x0, 0x1, 0xfa, 0xfc, 0x5f, 0xff,
    0xff, 0xd0, 0x0, 0x0, 0x7, 0xfa, 0xfc, 0x26,
    0x66, 0x66, 0x50, 0x0, 0x0, 0xf, 0xfa, 0xfe,
    0xbb, 0xbb, 0xbb, 0xbb, 0xbb, 0xbb, 0xbf, 0xb1,
    0xaf, 0xff, 0xff, 0xff, 0xff, 0xff, 0xff, 0xff,
    0x50, 0x0, 0x0, 0x0, 0x0, 0x0, 0x0, 0x0,
    0x0, 0x0,

    /* U+F243 "" */
    0x5b, 0xbb, 0xbb, 0xbb, 0xbb, 0xbb, 0xbb, 0xba,
    0x20, 0xff, 0xff, 0xff, 0xff, 0xff, 0xff, 0xff,
    0xff, 0x90, 0xfc, 0x12, 0x22, 0x0, 0x0, 0x0,
    0x0, 0xf, 0xf7, 0xfc, 0x5f, 0xff, 0x30, 0x0,
    0x0, 0x0, 0xc, 0xfa, 0xfc, 0x5f, 0xff, 0x30,
    0x0, 0x0, 0x0, 0x1, 0xfa, 0xfc, 0x5f, 0xff,
    0x30, 0x0, 0x0, 0x0, 0x7, 0xfa, 0xfc, 0x26,
    0x66, 0x10, 0x0, 0x0, 0x0, 0xf, 0xfa, 0xfe,
    0xbb, 0xbb, 0xbb, 0xbb, 0xbb, 0xbb, 0xbf, 0xb1,
    0xaf, 0xff, 0xff, 0xff, 0xff, 0xff, 0xff, 0xff,
    0x50, 0x0, 0x0, 0x0, 0x0, 0x0, 0x0, 0x0,
    0x0, 0x0,

    /* U+F244 "" */
    0x5b, 0xbb, 0xbb, 0xbb, 0xbb, 0xbb, 0xbb, 0xba,
    0x20, 0xff, 0xff, 0xff, 0xff, 0xff, 0xff, 0xff,
    0xff, 0x90, 0xfc, 0x0, 0x0, 0x0, 0x0, 0x0,
    0x0, 0xf, 0xf7, 0xfc, 0x0, 0x0, 0x0, 0x0,
    0x0, 0x0, 0xc, 0xfa, 0xfc, 0x0, 0x0, 0x0,
    0x0, 0x0, 0x0, 0x1, 0xfa, 0xfc, 0x0, 0x0,
    0x0, 0x0, 0x0, 0x0, 0x7, 0xfa, 0xfc, 0x0,
    0x0, 0x0, 0x0, 0x0, 0x0, 0xf, 0xfa, 0xfe,
    0xbb, 0xbb, 0xbb, 0xbb, 0xbb, 0xbb, 0xbf, 0xb1,
    0xaf, 0xff, 0xff, 0xff, 0xff, 0xff, 0xff, 0xff,
    0x50, 0x0, 0x0, 0x0, 0x0, 0x0, 0x0, 0x0,
    0x0, 0x0,

    /* U+F287 "" */
    0x0, 0x0, 0x0, 0x0, 0x7, 0xb2, 0x0, 0x0,
    0x0, 0x0, 0x0, 0x0, 0xa, 0xdf, 0xfa, 0x0,
    0x0, 0x0, 0x0, 0x0, 0x0, 0xa9, 0x3d, 0xf5,
    0x0, 0x0, 0x0, 0x4, 0x40, 0x2, 0xe0, 0x0,
    0x10, 0x0, 0x0, 0x0, 0xaf, 0xf8, 0xb, 0x60,
    0x0, 0x0, 0x0, 0x6c, 0x30, 0xff, 0xff, 0xff,
    0xff, 0xff, 0xff, 0xff, 0xff, 0xf4, 0xaf, 0xf9,
    0x0, 0xc, 0x50, 0x0, 0x0, 0x6d, 0x40, 0x5,
    0x50, 0x0, 0x4, 0xc0, 0x0, 0x0, 0x10, 0x0,
    0x0, 0x0, 0x0, 0x0, 0xc4, 0x3e, 0xe8, 0x0,
    0x0, 0x0, 0x0, 0x0, 0x0, 0x2e, 0xef, 0xfa,
    0x0, 0x0, 0x0, 0x0, 0x0, 0x0, 0x0, 0x4f,
    0xfa, 0x0, 0x0, 0x0, 0x0, 0x0, 0x0, 0x0,
    0x0, 0x0, 0x0, 0x0,

    /* U+F293 "" */
    0x0, 0x0, 0x1, 0x10, 0x0, 0x0, 0x0, 0x7,
    0xef, 0xff, 0xb3, 0x0, 0x0, 0xaf, 0xfd, 0x8f,
    0xff, 0x20, 0x4, 0xff, 0xfd, 0x9, 0xff, 0xb0,
    0xa, 0xfe, 0xfd, 0x12, 0xaf, 0xf0, 0xe, 0xf5,
    0x5d, 0x2c, 0xe, 0xf3, 0xf, 0xff, 0x33, 0x12,
    0x9f, 0xf5, 0xf, 0xff, 0xf3, 0x7, 0xff, 0xf6,
    0xf, 0xff, 0xe2, 0x6, 0xff, 0xf6, 0xf, 0xfe,
    0x24, 0x13, 0x7f, 0xf5, 0xd, 0xf5, 0x7d, 0x2c,
    0xd, 0xf3, 0xa, 0xff, 0xfd, 0x11, 0xbf, 0xf0,
    0x3, 0xff, 0xfe, 0xb, 0xff, 0xa0, 0x0, 0x7f,
    0xfe, 0xbf, 0xfe, 0x10, 0x0, 0x3, 0xac, 0xdc,
    0x81, 0x0,

    /* U+F2ED "" */
    0x0, 0x0, 0x34, 0x43, 0x0, 0x0, 0x5, 0x66,
    0x7f, 0xff, 0xf9, 0x66, 0x50, 0xff, 0xff, 0xff,
    0xff, 0xff, 0xff, 0x35, 0x66, 0x66, 0x66, 0x66,
    0x66, 0x50, 0x1c, 0xcc, 0xcc, 0xcc, 0xcc, 0xc4,
    0x2, 0xff, 0xff, 0xff, 0xff, 0xff, 0x60, 0x2f,
    0xf3, 0xfb, 0x7f, 0x6d, 0xf6, 0x2, 0xff, 0x2f,
    0xb7, 0xf5, 0xdf, 0x60, 0x2f, 0xf2, 0xfb, 0x7f,
    0x5d, 0xf6, 0x2, 0xff, 0x2f, 0xb7, 0xf5, 0xdf,
    0x60, 0x2f, 0xf2, 0xfb, 0x7f, 0x5d, 0xf6, 0x2,
    0xff, 0x2f, 0xb7, 0xf5, 0xdf, 0x60, 0x2f, 0xf3,
    0xfb, 0x7f, 0x6d, 0xf6, 0x1, 0xff, 0xff, 0xff,
    0xff, 0xff, 0x50, 0x7, 0xbc, 0xcc, 0xcc, 0xcc,
    0x90, 0x0,

    /* U+F304 "" */
    0x0, 0x0, 0x0, 0x0, 0x0, 0x1, 0x20, 0x0,
    0x0, 0x0, 0x0, 0x0, 0x4, 0xff, 0x50, 0x0,
    0x0, 0x0, 0x0, 0x2, 0xff, 0xff, 0x50, 0x0,
    0x0, 0x0, 0x4, 0x39, 0xff, 0xfe, 0x0, 0x0,
    0x0, 0x4, 0xff, 0x39, 0xff, 0xa0, 0x0, 0x0,
    0x4, 0xff, 0xff, 0x39, 0xb0, 0x0, 0x0, 0x4,
    0xff, 0xff, 0xff, 0x20, 0x0, 0x0, 0x4, 0xff,
    0xff, 0xff, 0xb0, 0x0, 0x0, 0x4, 0xff, 0xff,
    0xff, 0xb0, 0x0, 0x0, 0x4, 0xff, 0xff, 0xff,
    0xb0, 0x0, 0x0, 0x4, 0xff, 0xff, 0xff, 0xb0,
    0x0, 0x0, 0x0, 0xbf, 0xff, 0xff, 0xb0, 0x0,
    0x0, 0x0, 0xd, 0xff, 0xff, 0xb0, 0x0, 0x0,
    0x0, 0x0, 0xff, 0xff, 0xb0, 0x0, 0x0, 0x0,
    0x0, 0x9, 0xa8, 0x60, 0x0, 0x0, 0x0, 0x0,
    0x0,

    /* U+F55A "" */
    0x0, 0x0, 0x17, 0x88, 0x88, 0x88, 0x88, 0x87,
    0x40, 0x0, 0x2, 0xef, 0xff, 0xff, 0xff, 0xff,
    0xff, 0xf4, 0x0, 0x3e, 0xff, 0xff, 0xcf, 0xff,
    0xcf, 0xff, 0xf7, 0x3, 0xef, 0xff, 0xf9, 0x8,
    0xf8, 0x9, 0xff, 0xf8, 0x3e, 0xff, 0xff, 0xfe,
    0x20, 0x40, 0x2e, 0xff, 0xf8, 0xdf, 0xff, 0xff,
    0xff, 0xe1, 0x1, 0xef, 0xff, 0xf8, 0x9f, 0xff,
    0xff, 0xff, 0x80, 0x0, 0x8f, 0xff, 0xf8, 0x9,
    0xff, 0xff, 0xf9, 0x2, 0xc2, 0x9, 0xff, 0xf8,
    0x0, 0x9f, 0xff, 0xfe, 0x4e, 0xfe, 0x4e, 0xff,
    0xf8, 0x0, 0x9, 0xff, 0xff, 0xff, 0xff, 0xff,
    0xff, 0xf7, 0x0, 0x0, 0x8f, 0xff, 0xff, 0xff,
    0xff, 0xff, 0xc1,

    /* U+F7C2 "" */
    0x0, 0x0, 0x0, 0x0, 0x0, 0x0, 0x3, 0xef,
    0xff, 0xff, 0xe2, 0x3, 0xfb, 0xfb, 0xce, 0xbf,
    0xa4, 0xff, 0x1d, 0x3, 0xa1, 0xfa, 0xff, 0xf1,
    0xd0, 0x3a, 0x1f, 0xaf, 0xff, 0xff, 0xff, 0xff,
    0xfa, 0xff, 0xff, 0xff, 0xff, 0xff, 0xaf, 0xff,
    0xff, 0xff, 0xff, 0xfa, 0xff, 0xff, 0xff, 0xff,
    0xff, 0xaf, 0xff, 0xff, 0xff, 0xff, 0xfa, 0xff,
    0xff, 0xff, 0xff, 0xff, 0xaf, 0xff, 0xff, 0xff,
    0xff, 0xfa, 0xff, 0xff, 0xff, 0xff, 0xff, 0xad,
    0xff, 0xff, 0xff, 0xff, 0xf8, 0x29, 0xaa, 0xaa,
    0xaa, 0xa8, 0x0,

    /* U+F8A2 "" */
    0x0, 0x0, 0x0, 0x0, 0x0, 0x0, 0x3, 0x0,
    0x0, 0x0, 0x0, 0x0, 0x0, 0x4, 0xf1, 0x0,
    0x8, 0x20, 0x0, 0x0, 0x1, 0xff, 0x10, 0xb,
    0xf7, 0x0, 0x0, 0x0, 0x2f, 0xf1, 0xc, 0xff,
    0x94, 0x44, 0x44, 0x45, 0xff, 0x1b, 0xff, 0xff,
    0xff, 0xff, 0xff, 0xff, 0xf1, 0x8f, 0xff, 0xff,
    0xff, 0xff, 0xff, 0xfd, 0x0, 0x7f, 0xf7, 0x0,
    0x0, 0x0, 0x0, 0x0, 0x0, 0x6f, 0x60, 0x0,
    0x0, 0x0, 0x0, 0x0, 0x0, 0x30, 0x0, 0x0,
    0x0, 0x0, 0x0
};


/*---------------------
 *  GLYPH DESCRIPTION
 *--------------------*/

static const lv_font_fmt_txt_glyph_dsc_t glyph_dsc[] = {
    {.bitmap_index = 0, .adv_w = 0, .box_w = 0, .box_h = 0, .ofs_x = 0, .ofs_y = 0} /* id = 0 reserved */,
    {.bitmap_index = 0, .adv_w = 45, .box_w = 0, .box_h = 0, .ofs_x = 0, .ofs_y = 0},
    {.bitmap_index = 0, .adv_w = 77, .box_w = 3, .box_h = 10, .ofs_x = 1, .ofs_y = 0},
    {.bitmap_index = 15, .adv_w = 99, .box_w = 5, .box_h = 3, .ofs_x = 0, .ofs_y = 7},
    {.bitmap_index = 23, .adv_w = 208, .box_w = 13, .box_h = 10, .ofs_x = 0, .ofs_y = 0},
    {.bitmap_index = 88, .adv_w = 138, .box_w = 9, .box_h = 13, .ofs_x = 0, .ofs_y = -1},
    {.bitmap_index = 147, .adv_w = 202, .box_w = 12, .box_h = 11, .ofs_x = 0, .ofs_y = -1},
    {.bitmap_index = 213, .adv_w = 148, .box_w = 10, .box_h = 10, .ofs_x = 0, .ofs_y = 0},
    {.bitmap_index = 263, .adv_w = 55, .box_w = 3, .box_h = 3, .ofs_x = 0, .ofs_y = 7},
    {.bitmap_index = 268, .adv_w = 99, .box_w = 5, .box_h = 16, .ofs_x = 1, .ofs_y = -3},
    {.bitmap_index = 308, .adv_w = 99, .box_w = 5, .box_h = 16, .ofs_x = 0, .ofs_y = -3},
    {.bitmap_index = 348, .adv_w = 102, .box_w = 6, .box_h = 6, .ofs_x = 0, .ofs_y = 4},
    {.bitmap_index = 366, .adv_w = 128, .box_w = 8, .box_h = 7, .ofs_x = 0, .ofs_y = 2},
    {.bitmap_index = 394, .adv_w = 65, .box_w = 3, .box_h = 4, .ofs_x = 0, .ofs_y = -2},
    {.bitmap_index = 400, .adv_w = 94, .box_w = 6, .box_h = 3, .ofs_x = 0, .ofs_y = 3},
    {.bitmap_index = 409, .adv_w = 64, .box_w = 2, .box_h = 2, .ofs_x = 1, .ofs_y = 0},
    {.bitmap_index = 411, .adv_w = 94, .box_w = 5, .box_h = 10, .ofs_x = 0, .ofs_y = 0},
    {.bitmap_index = 436, .adv_w = 144, .box_w = 9, .box_h = 10, .ofs_x = 0, .ofs_y = 0},
    {.bitmap_index = 481, .adv_w = 95, .box_w = 5, .box_h = 10, .ofs_x = 0, .ofs_y = 0},
    {.bitmap_index = 506, .adv_w = 131, .box_w = 8, .box_h = 10, .ofs_x = 0, .ofs_y = 0},
    {.bitmap_index = 546, .adv_w = 128, .box_w = 8, .box_h = 10, .ofs_x = 0, .ofs_y = 0},
    {.bitmap_index = 586, .adv_w = 135, .box_w = 8, .box_h = 10, .ofs_x = 0, .ofs_y = 0},
    {.bitmap_index = 626, .adv_w = 131, .box_w = 8, .box_h = 10, .ofs_x = 0, .ofs_y = 0},
    {.bitmap_index = 666, .adv_w = 139, .box_w = 8, .box_h = 10, .ofs_x = 0, .ofs_y = 0},
    {.bitmap_index = 706, .adv_w = 117, .box_w = 7, .box_h = 10, .ofs_x = 0, .ofs_y = 0},
    {.bitmap_index = 741, .adv_w = 135, .box_w = 8, .box_h = 10, .ofs_x = 0, .ofs_y = 0},
    {.bitmap_index = 781, .adv_w = 139, .box_w = 8, .box_h = 10, .ofs_x = 0, .ofs_y = 0},
    {.bitmap_index = 821, .adv_w = 73, .box_w = 3, .box_h = 6, .ofs_x = 1, .ofs_y = 1},
    {.bitmap_index = 830, .adv_w = 74, .box_w = 3, .box_h = 10, .ofs_x = 1, .ofs_y = -2},
    {.bitmap_index = 845, .adv_w = 141, .box_w = 6, .box_h = 7, .ofs_x = 1, .ofs_y = 1},
    {.bitmap_index = 866, .adv_w = 168, .box_w = 8, .box_h = 6, .ofs_x = 1, .ofs_y = 2},
    {.bitmap_index = 890, .adv_w = 141, .box_w = 5, .box_h = 7, .ofs_x = 2, .ofs_y = 1},
    {.bitmap_index = 908, .adv_w = 122, .box_w = 7, .box_h = 10, .ofs_x = 0, .ofs_y = 0},
    {.bitmap_index = 943, .adv_w = 204, .box_w = 11, .box_h = 12, .ofs_x = 1, .ofs_y = -2},
    {.bitmap_index = 1009, .adv_w = 148, .box_w = 9, .box_h = 10, .ofs_x = 0, .ofs_y = 0},
    {.bitmap_index = 1054, .adv_w = 140, .box_w = 9, .box_h = 10, .ofs_x = 0, .ofs_y = 0},
    {.bitmap_index = 1099, .adv_w = 164, .box_w = 10, .box_h = 10, .ofs_x = 0, .ofs_y = 0},
    {.bitmap_index = 1149, .adv_w = 155, .box_w = 10, .box_h = 10, .ofs_x = 0, .ofs_y = 0},
    {.bitmap_index = 1199, .adv_w = 130, .box_w = 8, .box_h = 10, .ofs_x = 0, .ofs_y = 0},
    {.bitmap_index = 1239, .adv_w = 116, .box_w = 7, .box_h = 10, .ofs_x = 0, .ofs_y = 0},
    {.bitmap_index = 1274, .adv_w = 162, .box_w = 10, .box_h = 10, .ofs_x = 0, .ofs_y = 0},
    {.bitmap_index = 1324, .adv_w = 159, .box_w = 9, .box_h = 10, .ofs_x = 0, .ofs_y = 0},
    {.bitmap_index = 1369, .adv_w = 59, .box_w = 2, .box_h = 10, .ofs_x = 1, .ofs_y = 0},
    {.bitmap_index = 1379, .adv_w = 109, .box_w = 6, .box_h = 10, .ofs_x = 0, .ofs_y = 0},
    {.bitmap_index = 1409, .adv_w = 141, .box_w = 9, .box_h = 10, .ofs_x = 0, .ofs_y = 0},
    {.bitmap_index = 1454, .adv_w = 118, .box_w = 7, .box_h = 10, .ofs_x = 1, .ofs_y = 0},
    {.bitmap_index = 1489, .adv_w = 191, .box_w = 11, .box_h = 10, .ofs_x = 0, .ofs_y = 0},
    {.bitmap_index = 1544, .adv_w = 158, .box_w = 9, .box_h = 10, .ofs_x = 0, .ofs_y = 0},
    {.bitmap_index = 1589, .adv_w = 166, .box_w = 10, .box_h = 10, .ofs_x = 0, .ofs_y = 0},
    {.bitmap_index = 1639, .adv_w = 140, .box_w = 9, .box_h = 10, .ofs_x = 0, .ofs_y = 0},
    {.bitmap_index = 1684, .adv_w = 166, .box_w = 10, .box_h = 10, .ofs_x = 0, .ofs_y = 0},
    {.bitmap_index = 1734, .adv_w = 146, .box_w = 9, .box_h = 10, .ofs_x = 0, .ofs_y = 0},
    {.bitmap_index = 1779, .adv_w = 144, .box_w = 9, .box_h = 10, .ofs_x = 0, .ofs_y = 0},
    {.bitmap_index = 1824, .adv_w = 135, .box_w = 9, .box_h = 10, .ofs_x = 0, .ofs_y = 0},
    {.bitmap_index = 1869, .adv_w = 160, .box_w = 10, .box_h = 10, .ofs_x = 0, .ofs_y = 0},
    {.bitmap_index = 1919, .adv_w = 141, .box_w = 9, .box_h = 10, .ofs_x = 0, .ofs_y = 0},
    {.bitmap_index = 1964, .adv_w = 216, .box_w = 14, .box_h = 10, .ofs_x = 0, .ofs_y = 0},
    {.bitmap_index = 2034, .adv_w = 143, .box_w = 9, .box_h = 10, .ofs_x = 0, .ofs_y = 0},
    {.bitmap_index = 2079, .adv_w = 133, .box_w = 9, .box_h = 10, .ofs_x = 0, .ofs_y = 0},
    {.bitmap_index = 2124, .adv_w = 145, .box_w = 9, .box_h = 10, .ofs_x = 0, .ofs_y = 0},
    {.bitmap_index = 2169, .adv_w = 94, .box_w = 4, .box_h = 18, .ofs_x = 1, .ofs_y = -4},
    {.bitmap_index = 2205, .adv_w = 94, .box_w = 5, .box_h = 10, .ofs_x = 0, .ofs_y = 0},
    {.bitmap_index = 2230, .adv_w = 94, .box_w = 4, .box_h = 18, .ofs_x = 0, .ofs_y = -4},
    {.bitmap_index = 2266, .adv_w = 152, .box_w = 8, .box_h = 5, .ofs_x = 1, .ofs_y = 6},
    {.bitmap_index = 2286, .adv_w = 148, .box_w = 10, .box_h = 3, .ofs_x = 0, .ofs_y = -2},
    {.bitmap_index = 2301, .adv_w = 117, .box_w = 3, .box_h = 3, .ofs_x = 2, .ofs_y = 12},
    {.bitmap_index = 2306, .adv_w = 128, .box_w = 8, .box_h = 8, .ofs_x = 0, .ofs_y = 0},
    {.bitmap_index = 2338, .adv_w = 136, .box_w = 8, .box_h = 10, .ofs_x = 0, .ofs_y = 0},
    {.bitmap_index = 2378, .adv_w = 127, .box_w = 8, .box_h = 8, .ofs_x = 0, .ofs_y = 0},
    {.bitmap_index = 2410, .adv_w = 136, .box_w = 8, .box_h = 10, .ofs_x = 0, .ofs_y = 0},
    {.bitmap_index = 2450, .adv_w = 134, .box_w = 8, .box_h = 8, .ofs_x = 0, .ofs_y = 0},
    {.bitmap_index = 2482, .adv_w = 83, .box_w = 6, .box_h = 10, .ofs_x = 0, .ofs_y = 0},
    {.bitmap_index = 2512, .adv_w = 136, .box_w = 8, .box_h = 11, .ofs_x = 0, .ofs_y = -3},
    {.bitmap_index = 2556, .adv_w = 138, .box_w = 8, .box_h = 10, .ofs_x = 0, .ofs_y = 0},
    {.bitmap_index = 2596, .adv_w = 59, .box_w = 2, .box_h = 10, .ofs_x = 1, .ofs_y = 0},
    {.bitmap_index = 2606, .adv_w = 62, .box_w = 4, .box_h = 13, .ofs_x = -1, .ofs_y = -3},
    {.bitmap_index = 2632, .adv_w = 117, .box_w = 8, .box_h = 10, .ofs_x = 0, .ofs_y = 0},
    {.bitmap_index = 2672, .adv_w = 59, .box_w = 2, .box_h = 10, .ofs_x = 1, .ofs_y = 0},
    {.bitmap_index = 2682, .adv_w = 198, .box_w = 12, .box_h = 8, .ofs_x = 0, .ofs_y = 0},
    {.bitmap_index = 2730, .adv_w = 138, .box_w = 8, .box_h = 8, .ofs_x = 0, .ofs_y = 0},
    {.bitmap_index = 2762, .adv_w = 137, .box_w = 8, .box_h = 8, .ofs_x = 0, .ofs_y = 0},
    {.bitmap_index = 2794, .adv_w = 136, .box_w = 8, .box_h = 11, .ofs_x = 0, .ofs_y = -3},
    {.bitmap_index = 2838, .adv_w = 136, .box_w = 8, .box_h = 11, .ofs_x = 0, .ofs_y = -3},
    {.bitmap_index = 2882, .adv_w = 87, .box_w = 6, .box_h = 8, .ofs_x = 0, .ofs_y = 0},
    {.bitmap_index = 2906, .adv_w = 120, .box_w = 7, .box_h = 8, .ofs_x = 0, .ofs_y = 0},
    {.bitmap_index = 2934, .adv_w = 95, .box_w = 6, .box_h = 10, .ofs_x = 0, .ofs_y = 0},
    {.bitmap_index = 2964, .adv_w = 138, .box_w = 8, .box_h = 8, .ofs_x = 0, .ofs_y = 0},
    {.bitmap_index = 2996, .adv_w = 121, .box_w = 8, .box_h = 8, .ofs_x = 0, .ofs_y = 0},
    {.bitmap_index = 3028, .adv_w = 177, .box_w = 11, .box_h = 8, .ofs_x = 0, .ofs_y = 0},
    {.bitmap_index = 3072, .adv_w = 122, .box_w = 8, .box_h = 8, .ofs_x = 0, .ofs_y = 0},
    {.bitmap_index = 3104, .adv_w = 123, .box_w = 8, .box_h = 11, .ofs_x = 0, .ofs_y = -3},
    {.bitmap_index = 3148, .adv_w = 119, .box_w = 7, .box_h = 8, .ofs_x = 0, .ofs_y = 0},
    {.bitmap_index = 3176, .adv_w = 98, .box_w = 5, .box_h = 18, .ofs_x = 1, .ofs_y = -4},
    {.bitmap_index = 3221, .adv_w = 64, .box_w = 2, .box_h = 10, .ofs_x = 1, .ofs_y = 0},
    {.bitmap_index = 3231, .adv_w = 98, .box_w = 5, .box_h = 18, .ofs_x = 0, .ofs_y = -4},
    {.bitmap_index = 3276, .adv_w = 156, .box_w = 8, .box_h = 3, .ofs_x = 1, .ofs_y = 3},
    {.bitmap_index = 3288, .adv_w = 45, .box_w = 0, .box_h = 0, .ofs_x = 0, .ofs_y = 0},
    {.bitmap_index = 3288, .adv_w = 77, .box_w = 3, .box_h = 10, .ofs_x = 1, .ofs_y = -2},
    {.bitmap_index = 3303, .adv_w = 127, .box_w = 8, .box_h = 11, .ofs_x = 0, .ofs_y = -1},
    {.bitmap_index = 3347, .adv_w = 128, .box_w = 8, .box_h = 10, .ofs_x = 0, .ofs_y = 0},
    {.bitmap_index = 3387, .adv_w = 148, .box_w = 9, .box_h = 9, .ofs_x = 0, .ofs_y = 1},
    {.bitmap_index = 3428, .adv_w = 133, .box_w = 9, .box_h = 10, .ofs_x = 0, .ofs_y = 0},
    {.bitmap_index = 3473, .adv_w = 64, .box_w = 2, .box_h = 13, .ofs_x = 1, .ofs_y = -3},
    {.bitmap_index = 3486, .adv_w = 120, .box_w = 7, .box_h = 13, .ofs_x = 0, .ofs_y = -3},
    {.bitmap_index = 3532, .adv_w = 121, .box_w = 5, .box_h = 3, .ofs_x = 1, .ofs_y = 11},
    {.bitmap_index = 3540, .adv_w = 192, .box_w = 12, .box_h = 13, .ofs_x = 0, .ofs_y = -1},
    {.bitmap_index = 3618, .adv_w = 71, .box_w = 4, .box_h = 4, .ofs_x = 0, .ofs_y = 4},
    {.bitmap_index = 3626, .adv_w = 128, .box_w = 7, .box_h = 8, .ofs_x = 1, .ofs_y = 0},
    {.bitmap_index = 3654, .adv_w = 134, .box_w = 8, .box_h = 4, .ofs_x = 0, .ofs_y = 3},
    {.bitmap_index = 3670, .adv_w = 94, .box_w = 6, .box_h = 3, .ofs_x = 0, .ofs_y = 3},
    {.bitmap_index = 3679, .adv_w = 144, .box_w = 9, .box_h = 8, .ofs_x = 0, .ofs_y = 3},
    {.bitmap_index = 3715, .adv_w = 112, .box_w = 5, .box_h = 3, .ofs_x = 1, .ofs_y = 11},
    {.bitmap_index = 3723, .adv_w = 101, .box_w = 6, .box_h = 7, .ofs_x = 0, .ofs_y = 5},
    {.bitmap_index = 3744, .adv_w = 134, .box_w = 8, .box_h = 8, .ofs_x = 0, .ofs_y = 0},
    {.bitmap_index = 3776, .adv_w = 91, .box_w = 6, .box_h = 6, .ofs_x = 0, .ofs_y = 4},
    {.bitmap_index = 3794, .adv_w = 89, .box_w = 5, .box_h = 6, .ofs_x = 0, .ofs_y = 4},
    {.bitmap_index = 3809, .adv_w = 117, .box_w = 3, .box_h = 3, .ofs_x = 2, .ofs_y = 12},
    {.bitmap_index = 3814, .adv_w = 140, .box_w = 8, .box_h = 11, .ofs_x = 0, .ofs_y = -3},
    {.bitmap_index = 3858, .adv_w = 154, .box_w = 9, .box_h = 13, .ofs_x = 0, .ofs_y = -3},
    {.bitmap_index = 3917, .adv_w = 57, .box_w = 3, .box_h = 2, .ofs_x = 0, .ofs_y = 4},
    {.bitmap_index = 3920, .adv_w = 91, .box_w = 4, .box_h = 5, .ofs_x = 1, .ofs_y = -4},
    {.bitmap_index = 3930, .adv_w = 75, .box_w = 4, .box_h = 6, .ofs_x = 0, .ofs_y = 4},
    {.bitmap_index = 3942, .adv_w = 78, .box_w = 5, .box_h = 4, .ofs_x = 0, .ofs_y = 4},
    {.bitmap_index = 3952, .adv_w = 128, .box_w = 7, .box_h = 8, .ofs_x = 0, .ofs_y = 0},
    {.bitmap_index = 3980, .adv_w = 227, .box_w = 13, .box_h = 12, .ofs_x = 0, .ofs_y = -1},
    {.bitmap_index = 4058, .adv_w = 221, .box_w = 14, .box_h = 11, .ofs_x = 0, .ofs_y = 0},
    {.bitmap_index = 4135, .adv_w = 227, .box_w = 14, .box_h = 12, .ofs_x = 0, .ofs_y = -1},
    {.bitmap_index = 4219, .adv_w = 122, .box_w = 7, .box_h = 11, .ofs_x = 0, .ofs_y = -3},
    {.bitmap_index = 4258, .adv_w = 148, .box_w = 9, .box_h = 14, .ofs_x = 0, .ofs_y = 0},
    {.bitmap_index = 4321, .adv_w = 148, .box_w = 9, .box_h = 14, .ofs_x = 0, .ofs_y = 0},
    {.bitmap_index = 4384, .adv_w = 148, .box_w = 9, .box_h = 14, .ofs_x = 0, .ofs_y = 0},
    {.bitmap_index = 4447, .adv_w = 148, .box_w = 9, .box_h = 14, .ofs_x = 0, .ofs_y = 0},
    {.bitmap_index = 4510, .adv_w = 148, .box_w = 9, .box_h = 14, .ofs_x = 0, .ofs_y = 0},
    {.bitmap_index = 4573, .adv_w = 148, .box_w = 9, .box_h = 15, .ofs_x = 0, .ofs_y = 0},
    {.bitmap_index = 4641, .adv_w = 209, .box_w = 13, .box_h = 10, .ofs_x = 0, .ofs_y = 0},
    {.bitmap_index = 4706, .adv_w = 164, .box_w = 10, .box_h = 13, .ofs_x = 0, .ofs_y = -3},
    {.bitmap_index = 4771, .adv_w = 130, .box_w = 8, .box_h = 14, .ofs_x = 0, .ofs_y = 0},
    {.bitmap_index = 4827, .adv_w = 130, .box_w = 8, .box_h = 14, .ofs_x = 0, .ofs_y = 0},
    {.bitmap_index = 4883, .adv_w = 130, .box_w = 8, .box_h = 14, .ofs_x = 0, .ofs_y = 0},
    {.bitmap_index = 4939, .adv_w = 130, .box_w = 8, .box_h = 14, .ofs_x = 0, .ofs_y = 0},
    {.bitmap_index = 4995, .adv_w = 59, .box_w = 3, .box_h = 14, .ofs_x = 0, .ofs_y = 0},
    {.bitmap_index = 5016, .adv_w = 59, .box_w = 3, .box_h = 14, .ofs_x = 1, .ofs_y = 0},
    {.bitmap_index = 5037, .adv_w = 59, .box_w = 6, .box_h = 14, .ofs_x = -1, .ofs_y = 0},
    {.bitmap_index = 5079, .adv_w = 59, .box_w = 5, .box_h = 14, .ofs_x = -1, .ofs_y = 0},
    {.bitmap_index = 5114, .adv_w = 154, .box_w = 9, .box_h = 10, .ofs_x = 0, .ofs_y = 0},
    {.bitmap_index = 5159, .adv_w = 158, .box_w = 9, .box_h = 14, .ofs_x = 0, .ofs_y = 0},
    {.bitmap_index = 5222, .adv_w = 166, .box_w = 10, .box_h = 15, .ofs_x = 0, .ofs_y = 0},
    {.bitmap_index = 5297, .adv_w = 166, .box_w = 10, .box_h = 15, .ofs_x = 0, .ofs_y = 0},
    {.bitmap_index = 5372, .adv_w = 166, .box_w = 10, .box_h = 14, .ofs_x = 0, .ofs_y = 0},
    {.bitmap_index = 5442, .adv_w = 166, .box_w = 10, .box_h = 14, .ofs_x = 0, .ofs_y = 0},
    {.bitmap_index = 5512, .adv_w = 166, .box_w = 10, .box_h = 14, .ofs_x = 0, .ofs_y = 0},
    {.bitmap_index = 5582, .adv_w = 112, .box_w = 7, .box_h = 6, .ofs_x = 0, .ofs_y = 2},
    {.bitmap_index = 5603, .adv_w = 166, .box_w = 11, .box_h = 10, .ofs_x = 0, .ofs_y = 0},
    {.bitmap_index = 5658, .adv_w = 160, .box_w = 10, .box_h = 15, .ofs_x = 0, .ofs_y = 0},
    {.bitmap_index = 5733, .adv_w = 160, .box_w = 10, .box_h = 15, .ofs_x = 0, .ofs_y = 0},
    {.bitmap_index = 5808, .adv_w = 160, .box_w = 10, .box_h = 14, .ofs_x = 0, .ofs_y = 0},
    {.bitmap_index = 5878, .adv_w = 160, .box_w = 10, .box_h = 14, .ofs_x = 0, .ofs_y = 0},
    {.bitmap_index = 5948, .adv_w = 133, .box_w = 9, .box_h = 14, .ofs_x = 0, .ofs_y = 0},
    {.bitmap_index = 6011, .adv_w = 139, .box_w = 9, .box_h = 10, .ofs_x = 0, .ofs_y = 0},
    {.bitmap_index = 6056, .adv_w = 139, .box_w = 8, .box_h = 10, .ofs_x = 0, .ofs_y = 0},
    {.bitmap_index = 6096, .adv_w = 128, .box_w = 8, .box_h = 12, .ofs_x = 0, .ofs_y = 0},
    {.bitmap_index = 6144, .adv_w = 128, .box_w = 8, .box_h = 12, .ofs_x = 0, .ofs_y = 0},
    {.bitmap_index = 6192, .adv_w = 128, .box_w = 8, .box_h = 12, .ofs_x = 0, .ofs_y = 0},
    {.bitmap_index = 6240, .adv_w = 128, .box_w = 8, .box_h = 11, .ofs_x = 0, .ofs_y = 0},
    {.bitmap_index = 6284, .adv_w = 128, .box_w = 8, .box_h = 10, .ofs_x = 0, .ofs_y = 0},
    {.bitmap_index = 6324, .adv_w = 128, .box_w = 8, .box_h = 12, .ofs_x = 0, .ofs_y = 0},
    {.bitmap_index = 6372, .adv_w = 210, .box_w = 13, .box_h = 8, .ofs_x = 0, .ofs_y = 0},
    {.bitmap_index = 6424, .adv_w = 127, .box_w = 8, .box_h = 11, .ofs_x = 0, .ofs_y = -3},
    {.bitmap_index = 6468, .adv_w = 134, .box_w = 8, .box_h = 12, .ofs_x = 0, .ofs_y = 0},
    {.bitmap_index = 6516, .adv_w = 134, .box_w = 8, .box_h = 12, .ofs_x = 0, .ofs_y = 0},
    {.bitmap_index = 6564, .adv_w = 134, .box_w = 8, .box_h = 12, .ofs_x = 0, .ofs_y = 0},
    {.bitmap_index = 6612, .adv_w = 134, .box_w = 8, .box_h = 10, .ofs_x = 0, .ofs_y = 0},
    {.bitmap_index = 6652, .adv_w = 59, .box_w = 3, .box_h = 12, .ofs_x = 0, .ofs_y = 0},
    {.bitmap_index = 6670, .adv_w = 59, .box_w = 3, .box_h = 12, .ofs_x = 1, .ofs_y = 0},
    {.bitmap_index = 6688, .adv_w = 59, .box_w = 6, .box_h = 11, .ofs_x = -1, .ofs_y = 0},
    {.bitmap_index = 6721, .adv_w = 59, .box_w = 5, .box_h = 10, .ofs_x = -1, .ofs_y = 0},
    {.bitmap_index = 6746, .adv_w = 132, .box_w = 8, .box_h = 11, .ofs_x = 0, .ofs_y = 0},
    {.bitmap_index = 6790, .adv_w = 138, .box_w = 8, .box_h = 11, .ofs_x = 0, .ofs_y = 0},
    {.bitmap_index = 6834, .adv_w = 137, .box_w = 8, .box_h = 12, .ofs_x = 0, .ofs_y = 0},
    {.bitmap_index = 6882, .adv_w = 137, .box_w = 8, .box_h = 12, .ofs_x = 0, .ofs_y = 0},
    {.bitmap_index = 6930, .adv_w = 137, .box_w = 8, .box_h = 12, .ofs_x = 0, .ofs_y = 0},
    {.bitmap_index = 6978, .adv_w = 137, .box_w = 8, .box_h = 11, .ofs_x = 0, .ofs_y = 0},
    {.bitmap_index = 7022, .adv_w = 137, .box_w = 8, .box_h = 10, .ofs_x = 0, .ofs_y = 0},
    {.bitmap_index = 7062, .adv_w = 121, .box_w = 7, .box_h = 6, .ofs_x = 0, .ofs_y = 2},
    {.bitmap_index = 7083, .adv_w = 137, .box_w = 9, .box_h = 8, .ofs_x = 0, .ofs_y = 0},
    {.bitmap_index = 7119, .adv_w = 138, .box_w = 8, .box_h = 12, .ofs_x = 0, .ofs_y = 0},
    {.bitmap_index = 7167, .adv_w = 138, .box_w = 8, .box_h = 12, .ofs_x = 0, .ofs_y = 0},
    {.bitmap_index = 7215, .adv_w = 138, .box_w = 8, .box_h = 12, .ofs_x = 0, .ofs_y = 0},
    {.bitmap_index = 7263, .adv_w = 138, .box_w = 8, .box_h = 10, .ofs_x = 0, .ofs_y = 0},
    {.bitmap_index = 7303, .adv_w = 123, .box_w = 8, .box_h = 15, .ofs_x = 0, .ofs_y = -3},
    {.bitmap_index = 7363, .adv_w = 136, .box_w = 8, .box_h = 13, .ofs_x = 0, .ofs_y = -3},
    {.bitmap_index = 7415, .adv_w = 123, .box_w = 8, .box_h = 13, .ofs_x = 0, .ofs_y = -3},
    {.bitmap_index = 7467, .adv_w = 130, .box_w = 8, .box_h = 14, .ofs_x = 0, .ofs_y = 0},
    {.bitmap_index = 7523, .adv_w = 148, .box_w = 9, .box_h = 10, .ofs_x = 0, .ofs_y = 0},
    {.bitmap_index = 7568, .adv_w = 140, .box_w = 9, .box_h = 10, .ofs_x = 0, .ofs_y = 0},
    {.bitmap_index = 7613, .adv_w = 140, .box_w = 9, .box_h = 10, .ofs_x = 0, .ofs_y = 0},
    {.bitmap_index = 7658, .adv_w = 121, .box_w = 8, .box_h = 10, .ofs_x = 0, .ofs_y = 0},
    {.bitmap_index = 7698, .adv_w = 167, .box_w = 10, .box_h = 12, .ofs_x = 0, .ofs_y = -2},
    {.bitmap_index = 7758, .adv_w = 130, .box_w = 8, .box_h = 10, .ofs_x = 0, .ofs_y = 0},
    {.bitmap_index = 7798, .adv_w = 203, .box_w = 13, .box_h = 10, .ofs_x = 0, .ofs_y = 0},
    {.bitmap_index = 7863, .adv_w = 141, .box_w = 9, .box_h = 10, .ofs_x = 0, .ofs_y = 0},
    {.bitmap_index = 7908, .adv_w = 158, .box_w = 9, .box_h = 10, .ofs_x = 0, .ofs_y = 0},
    {.bitmap_index = 7953, .adv_w = 158, .box_w = 9, .box_h = 14, .ofs_x = 0, .ofs_y = 0},
    {.bitmap_index = 8016, .adv_w = 141, .box_w = 9, .box_h = 10, .ofs_x = 0, .ofs_y = 0},
    {.bitmap_index = 8061, .adv_w = 160, .box_w = 10, .box_h = 11, .ofs_x = 0, .ofs_y = -1},
    {.bitmap_index = 8116, .adv_w = 191, .box_w = 11, .box_h = 10, .ofs_x = 0, .ofs_y = 0},
    {.bitmap_index = 8171, .adv_w = 159, .box_w = 9, .box_h = 10, .ofs_x = 0, .ofs_y = 0},
    {.bitmap_index = 8216, .adv_w = 166, .box_w = 10, .box_h = 10, .ofs_x = 0, .ofs_y = 0},
    {.bitmap_index = 8266, .adv_w = 160, .box_w = 9, .box_h = 10, .ofs_x = 0, .ofs_y = 0},
    {.bitmap_index = 8311, .adv_w = 140, .box_w = 9, .box_h = 10, .ofs_x = 0, .ofs_y = 0},
    {.bitmap_index = 8356, .adv_w = 164, .box_w = 10, .box_h = 10, .ofs_x = 0, .ofs_y = 0},
    {.bitmap_index = 8406, .adv_w = 135, .box_w = 9, .box_h = 10, .ofs_x = 0, .ofs_y = 0},
    {.bitmap_index = 8451, .adv_w = 142, .box_w = 9, .box_h = 10, .ofs_x = 0, .ofs_y = 0},
    {.bitmap_index = 8496, .adv_w = 163, .box_w = 10, .box_h = 10, .ofs_x = 0, .ofs_y = 0},
    {.bitmap_index = 8546, .adv_w = 143, .box_w = 9, .box_h = 10, .ofs_x = 0, .ofs_y = 0},
    {.bitmap_index = 8591, .adv_w = 165, .box_w = 11, .box_h = 12, .ofs_x = 0, .ofs_y = -2},
    {.bitmap_index = 8657, .adv_w = 149, .box_w = 9, .box_h = 10, .ofs_x = 0, .ofs_y = 0},
    {.bitmap_index = 8702, .adv_w = 209, .box_w = 13, .box_h = 10, .ofs_x = 0, .ofs_y = 0},
    {.bitmap_index = 8767, .adv_w = 213, .box_w = 14, .box_h = 12, .ofs_x = 0, .ofs_y = -2},
    {.bitmap_index = 8851, .adv_w = 144, .box_w = 10, .box_h = 10, .ofs_x = -1, .ofs_y = 0},
    {.bitmap_index = 8901, .adv_w = 189, .box_w = 11, .box_h = 10, .ofs_x = 0, .ofs_y = 0},
    {.bitmap_index = 8956, .adv_w = 143, .box_w = 9, .box_h = 10, .ofs_x = 0, .ofs_y = 0},
    {.bitmap_index = 9001, .adv_w = 160, .box_w = 10, .box_h = 10, .ofs_x = 0, .ofs_y = 0},
    {.bitmap_index = 9051, .adv_w = 210, .box_w = 13, .box_h = 10, .ofs_x = 0, .ofs_y = 0},
    {.bitmap_index = 9116, .adv_w = 146, .box_w = 9, .box_h = 10, .ofs_x = 0, .ofs_y = 0},
    {.bitmap_index = 9161, .adv_w = 128, .box_w = 8, .box_h = 8, .ofs_x = 0, .ofs_y = 0},
    {.bitmap_index = 9193, .adv_w = 133, .box_w = 8, .box_h = 11, .ofs_x = 0, .ofs_y = 0},
    {.bitmap_index = 9237, .adv_w = 124, .box_w = 8, .box_h = 8, .ofs_x = 0, .ofs_y = 0},
    {.bitmap_index = 9269, .adv_w = 106, .box_w = 7, .box_h = 8, .ofs_x = 0, .ofs_y = 0},
    {.bitmap_index = 9297, .adv_w = 139, .box_w = 9, .box_h = 10, .ofs_x = 0, .ofs_y = -2},
    {.bitmap_index = 9342, .adv_w = 134, .box_w = 8, .box_h = 8, .ofs_x = 0, .ofs_y = 0},
    {.bitmap_index = 9374, .adv_w = 167, .box_w = 11, .box_h = 8, .ofs_x = 0, .ofs_y = 0},
    {.bitmap_index = 9418, .adv_w = 115, .box_w = 7, .box_h = 8, .ofs_x = 0, .ofs_y = 0},
    {.bitmap_index = 9446, .adv_w = 133, .box_w = 8, .box_h = 8, .ofs_x = 0, .ofs_y = 0},
    {.bitmap_index = 9478, .adv_w = 133, .box_w = 8, .box_h = 11, .ofs_x = 0, .ofs_y = 0},
    {.bitmap_index = 9522, .adv_w = 117, .box_w = 8, .box_h = 8, .ofs_x = 0, .ofs_y = 0},
    {.bitmap_index = 9554, .adv_w = 133, .box_w = 8, .box_h = 9, .ofs_x = 0, .ofs_y = -1},
    {.bitmap_index = 9590, .adv_w = 160, .box_w = 10, .box_h = 8, .ofs_x = 0, .ofs_y = 0},
    {.bitmap_index = 9630, .adv_w = 137, .box_w = 8, .box_h = 8, .ofs_x = 0, .ofs_y = 0},
    {.bitmap_index = 9662, .adv_w = 137, .box_w = 8, .box_h = 8, .ofs_x = 0, .ofs_y = 0},
    {.bitmap_index = 9694, .adv_w = 133, .box_w = 8, .box_h = 8, .ofs_x = 0, .ofs_y = 0},
    {.bitmap_index = 9726, .adv_w = 136, .box_w = 8, .box_h = 11, .ofs_x = 0, .ofs_y = -3},
    {.bitmap_index = 9770, .adv_w = 127, .box_w = 8, .box_h = 8, .ofs_x = 0, .ofs_y = 0},
    {.bitmap_index = 9802, .adv_w = 117, .box_w = 7, .box_h = 8, .ofs_x = 0, .ofs_y = 0},
    {.bitmap_index = 9830, .adv_w = 123, .box_w = 8, .box_h = 11, .ofs_x = 0, .ofs_y = -3},
    {.bitmap_index = 9874, .adv_w = 166, .box_w = 10, .box_h = 13, .ofs_x = 0, .ofs_y = -3},
    {.bitmap_index = 9939, .adv_w = 122, .box_w = 8, .box_h = 8, .ofs_x = 0, .ofs_y = 0},
    {.bitmap_index = 9971, .adv_w = 143, .box_w = 9, .box_h = 10, .ofs_x = 0, .ofs_y = -2},
    {.bitmap_index = 10016, .adv_w = 127, .box_w = 7, .box_h = 8, .ofs_x = 0, .ofs_y = 0},
    {.bitmap_index = 10044, .adv_w = 175, .box_w = 10, .box_h = 8, .ofs_x = 0, .ofs_y = 0},
    {.bitmap_index = 10084, .adv_w = 174, .box_w = 11, .box_h = 10, .ofs_x = 0, .ofs_y = -2},
    {.bitmap_index = 10139, .adv_w = 131, .box_w = 8, .box_h = 8, .ofs_x = 0, .ofs_y = 0},
    {.bitmap_index = 10171, .adv_w = 160, .box_w = 10, .box_h = 8, .ofs_x = 0, .ofs_y = 0},
    {.bitmap_index = 10211, .adv_w = 125, .box_w = 8, .box_h = 8, .ofs_x = 0, .ofs_y = 0},
    {.bitmap_index = 10243, .adv_w = 127, .box_w = 8, .box_h = 8, .ofs_x = 0, .ofs_y = 0},
    {.bitmap_index = 10275, .adv_w = 186, .box_w = 12, .box_h = 8, .ofs_x = 0, .ofs_y = 0},
    {.bitmap_index = 10323, .adv_w = 128, .box_w = 8, .box_h = 8, .ofs_x = 0, .ofs_y = 0},
    {.bitmap_index = 10355, .adv_w = 134, .box_w = 8, .box_h = 10, .ofs_x = 0, .ofs_y = 0},
    {.bitmap_index = 10395, .adv_w = 121, .box_w = 7, .box_h = 3, .ofs_x = 0, .ofs_y = 3},
    {.bitmap_index = 10406, .adv_w = 175, .box_w = 11, .box_h = 3, .ofs_x = 0, .ofs_y = 3},
    {.bitmap_index = 10423, .adv_w = 154, .box_w = 5, .box_h = 4, .ofs_x = 2, .ofs_y = 3},
    {.bitmap_index = 10433, .adv_w = 153, .box_w = 8, .box_h = 2, .ofs_x = 1, .ofs_y = 0},
    {.bitmap_index = 10441, .adv_w = 121, .box_w = 7, .box_h = 2, .ofs_x = 0, .ofs_y = 4},
    {.bitmap_index = 10448, .adv_w = 224, .box_w = 15, .box_h = 15, .ofs_x = -1, .ofs_y = -2},
    {.bitmap_index = 10561, .adv_w = 224, .box_w = 14, .box_h = 11, .ofs_x = 0, .ofs_y = 0},
    {.bitmap_index = 10638, .adv_w = 224, .box_w = 14, .box_h = 13, .ofs_x = 0, .ofs_y = -1},
    {.bitmap_index = 10729, .adv_w = 224, .box_w = 14, .box_h = 11, .ofs_x = 0, .ofs_y = 0},
    {.bitmap_index = 10806, .adv_w = 154, .box_w = 10, .box_h = 11, .ofs_x = 0, .ofs_y = 0},
    {.bitmap_index = 10861, .adv_w = 224, .box_w = 14, .box_h = 15, .ofs_x = 0, .ofs_y = -2},
    {.bitmap_index = 10966, .adv_w = 224, .box_w = 14, .box_h = 15, .ofs_x = 0, .ofs_y = -2},
    {.bitmap_index = 11071, .adv_w = 252, .box_w = 16, .box_h = 13, .ofs_x = 0, .ofs_y = -1},
    {.bitmap_index = 11175, .adv_w = 224, .box_w = 14, .box_h = 15, .ofs_x = 0, .ofs_y = -2},
    {.bitmap_index = 11280, .adv_w = 252, .box_w = 16, .box_h = 11, .ofs_x = 0, .ofs_y = 0},
    {.bitmap_index = 11368, .adv_w = 224, .box_w = 14, .box_h = 15, .ofs_x = 0, .ofs_y = -2},
    {.bitmap_index = 11473, .adv_w = 112, .box_w = 7, .box_h = 12, .ofs_x = 0, .ofs_y = -1},
    {.bitmap_index = 11515, .adv_w = 168, .box_w = 11, .box_h = 12, .ofs_x = 0, .ofs_y = -1},
    {.bitmap_index = 11581, .adv_w = 252, .box_w = 16, .box_h = 14, .ofs_x = 0, .ofs_y = -2},
    {.bitmap_index = 11693, .adv_w = 224, .box_w = 14, .box_h = 11, .ofs_x = 0, .ofs_y = 0},
    {.bitmap_index = 11770, .adv_w = 154, .box_w = 10, .box_h = 15, .ofs_x = 0, .ofs_y = -2},
    {.bitmap_index = 11845, .adv_w = 196, .box_w = 10, .box_h = 14, .ofs_x = 1, .ofs_y = -2},
    {.bitmap_index = 11915, .adv_w = 196, .box_w = 13, .box_h = 15, .ofs_x = 0, .ofs_y = -2},
    {.bitmap_index = 12013, .adv_w = 196, .box_w = 13, .box_h = 13, .ofs_x = 0, .ofs_y = -1},
    {.bitmap_index = 12098, .adv_w = 196, .box_w = 13, .box_h = 13, .ofs_x = 0, .ofs_y = -1},
    {.bitmap_index = 12183, .adv_w = 196, .box_w = 10, .box_h = 14, .ofs_x = 1, .ofs_y = -2},
    {.bitmap_index = 12253, .adv_w = 196, .box_w = 14, .box_h = 13, .ofs_x = -1, .ofs_y = -1},
    {.bitmap_index = 12344, .adv_w = 140, .box_w = 9, .box_h = 13, .ofs_x = 0, .ofs_y = -1},
    {.bitmap_index = 12403, .adv_w = 140, .box_w = 9, .box_h = 13, .ofs_x = 0, .ofs_y = -1},
    {.bitmap_index = 12462, .adv_w = 196, .box_w = 13, .box_h = 13, .ofs_x = 0, .ofs_y = -1},
    {.bitmap_index = 12547, .adv_w = 196, .box_w = 13, .box_h = 4, .ofs_x = 0, .ofs_y = 3},
    {.bitmap_index = 12573, .adv_w = 252, .box_w = 16, .box_h = 11, .ofs_x = 0, .ofs_y = 0},
    {.bitmap_index = 12661, .adv_w = 280, .box_w = 18, .box_h = 15, .ofs_x = 0, .ofs_y = -2},
    {.bitmap_index = 12796, .adv_w = 252, .box_w = 17, .box_h = 15, .ofs_x = -1, .ofs_y = -2},
    {.bitmap_index = 12924, .adv_w = 224, .box_w = 14, .box_h = 13, .ofs_x = 0, .ofs_y = -1},
    {.bitmap_index = 13015, .adv_w = 196, .box_w = 13, .box_h = 8, .ofs_x = 0, .ofs_y = 1},
    {.bitmap_index = 13067, .adv_w = 196, .box_w = 13, .box_h = 8, .ofs_x = 0, .ofs_y = 1},
    {.bitmap_index = 13119, .adv_w = 280, .box_w = 18, .box_h = 11, .ofs_x = 0, .ofs_y = 0},
    {.bitmap_index = 13218, .adv_w = 224, .box_w = 14, .box_h = 11, .ofs_x = 0, .ofs_y = 0},
    {.bitmap_index = 13295, .adv_w = 224, .box_w = 14, .box_h = 15, .ofs_x = 0, .ofs_y = -2},
    {.bitmap_index = 13400, .adv_w = 224, .box_w = 15, .box_h = 15, .ofs_x = -1, .ofs_y = -2},
    {.bitmap_index = 13513, .adv_w = 196, .box_w = 13, .box_h = 13, .ofs_x = 0, .ofs_y = -1},
    {.bitmap_index = 13598, .adv_w = 196, .box_w = 13, .box_h = 15, .ofs_x = 0, .ofs_y = -2},
    {.bitmap_index = 13696, .adv_w = 196, .box_w = 13, .box_h = 13, .ofs_x = 0, .ofs_y = -1},
    {.bitmap_index = 13781, .adv_w = 196, .box_w = 13, .box_h = 12, .ofs_x = 0, .ofs_y = -1},
    {.bitmap_index = 13859, .adv_w = 224, .box_w = 14, .box_h = 11, .ofs_x = 0, .ofs_y = 0},
    {.bitmap_index = 13936, .adv_w = 140, .box_w = 10, .box_h = 15, .ofs_x = -1, .ofs_y = -2},
    {.bitmap_index = 14011, .adv_w = 196, .box_w = 13, .box_h = 15, .ofs_x = 0, .ofs_y = -2},
    {.bitmap_index = 14109, .adv_w = 196, .box_w = 13, .box_h = 15, .ofs_x = 0, .ofs_y = -2},
    {.bitmap_index = 14207, .adv_w = 252, .box_w = 16, .box_h = 11, .ofs_x = 0, .ofs_y = 0},
    {.bitmap_index = 14295, .adv_w = 224, .box_w = 16, .box_h = 15, .ofs_x = -1, .ofs_y = -2},
    {.bitmap_index = 14415, .adv_w = 168, .box_w = 11, .box_h = 15, .ofs_x = 0, .ofs_y = -2},
    {.bitmap_index = 14498, .adv_w = 280, .box_w = 18, .box_h = 13, .ofs_x = 0, .ofs_y = -1},
    {.bitmap_index = 14615, .adv_w = 280, .box_w = 18, .box_h = 10, .ofs_x = 0, .ofs_y = 0},
    {.bitmap_index = 14705, .adv_w = 280, .box_w = 18, .box_h = 10, .ofs_x = 0, .ofs_y = 0},
    {.bitmap_index = 14795, .adv_w = 280, .box_w = 18, .box_h = 10, .ofs_x = 0, .ofs_y = 0},
    {.bitmap_index = 14885, .adv_w = 280, .box_w = 18, .box_h = 10, .ofs_x = 0, .ofs_y = 0},
    {.bitmap_index = 14975, .adv_w = 280, .box_w = 18, .box_h = 10, .ofs_x = 0, .ofs_y = 0},
    {.bitmap_index = 15065, .adv_w = 280, .box_w = 18, .box_h = 12, .ofs_x = 0, .ofs_y = -1},
    {.bitmap_index = 15173, .adv_w = 196, .box_w = 12, .box_h = 15, .ofs_x = 0, .ofs_y = -2},
    {.bitmap_index = 15263, .adv_w = 196, .box_w = 13, .box_h = 15, .ofs_x = 0, .ofs_y = -2},
    {.bitmap_index = 15361, .adv_w = 224, .box_w = 15, .box_h = 15, .ofs_x = -1, .ofs_y = -2},
    {.bitmap_index = 15474, .adv_w = 280, .box_w = 18, .box_h = 11, .ofs_x = 0, .ofs_y = 0},
    {.bitmap_index = 15573, .adv_w = 168, .box_w = 11, .box_h = 15, .ofs_x = 0, .ofs_y = -2},
    {.bitmap_index = 15656, .adv_w = 225, .box_w = 15, .box_h = 10, .ofs_x = 0, .ofs_y = 0}
};

/*---------------------
 *  CHARACTER MAPPING
 *--------------------*/

static const uint16_t unicode_list_4[] = {
    0x0, 0x1bc2, 0x1bc3, 0x1bd1, 0x1bd5, 0x1dc1, 0xebb0, 0xebb7,
    0xebba, 0xebbb, 0xebbc, 0xebc0, 0xebc2, 0xebc4, 0xebc8, 0xebcb,
    0xebd0, 0xebd5, 0xebd6, 0xebd7, 0xebed, 0xebf2, 0xebf7, 0xebfa,
    0xebfb, 0xebfc, 0xec00, 0xec01, 0xec02, 0xec03, 0xec16, 0xec17,
    0xec1d, 0xec1f, 0xec20, 0xec23, 0xec26, 0xec27, 0xec28, 0xec2a,
    0xec42, 0xec44, 0xec73, 0xec74, 0xec76, 0xec78, 0xec8f, 0xec96,
    0xec99, 0xeca2, 0xeccb, 0xecd3, 0xed0a, 0xed9a, 0xedef, 0xedf0,
    0xedf1, 0xedf2, 0xedf3, 0xee36, 0xee42, 0xee9c, 0xeeb3, 0xf109,
    0xf371, 0xf451
};

/*Collect the unicode lists and glyph_id offsets*/
static const lv_font_fmt_txt_cmap_t cmaps[] =
{
    {
        .range_start = 32, .range_length = 95, .glyph_id_start = 1,
        .unicode_list = NULL, .glyph_id_ofs_list = NULL, .list_length = 0, .type = LV_FONT_FMT_TXT_CMAP_FORMAT0_TINY
    },
    {
        .range_start = 160, .range_length = 96, .glyph_id_start = 96,
        .unicode_list = NULL, .glyph_id_ofs_list = NULL, .list_length = 0, .type = LV_FONT_FMT_TXT_CMAP_FORMAT0_TINY
    },
    {
        .range_start = 1025, .range_length = 1, .glyph_id_start = 192,
        .unicode_list = NULL, .glyph_id_ofs_list = NULL, .list_length = 0, .type = LV_FONT_FMT_TXT_CMAP_FORMAT0_TINY
    },
    {
        .range_start = 1040, .range_length = 64, .glyph_id_start = 193,
        .unicode_list = NULL, .glyph_id_ofs_list = NULL, .list_length = 0, .type = LV_FONT_FMT_TXT_CMAP_FORMAT0_TINY
    },
    {
        .range_start = 1105, .range_length = 62546, .glyph_id_start = 257,
        .unicode_list = unicode_list_4, .glyph_id_ofs_list = NULL, .list_length = 66, .type = LV_FONT_FMT_TXT_CMAP_SPARSE_TINY
    }
};

/*-----------------
 *    KERNING
 *----------------*/


/*Map glyph_ids to kern left classes*/
static const uint8_t kern_left_class_mapping[] =
{
    0, 0, 0, 1, 0, 2, 0, 0,
    3, 4, 5, 0, 0, 6, 7, 6,
    8, 0, 9, 10, 0, 11, 12, 13,
    14, 0, 15, 16, 0, 0, 0, 0,
    0, 0, 17, 18, 19, 20, 21, 22,
    23, 0, 24, 25, 26, 27, 0, 0,
    28, 29, 30, 31, 2, 32, 33, 34,
    34, 35, 36, 37, 4, 0, 5, 0,
    0, 0, 38, 39, 40, 24, 41, 42,
    43, 44, 45, 0, 46, 45, 47, 47,
    11, 11, 24, 48, 49, 50, 24, 51,
    51, 52, 53, 54, 4, 0, 5, 0,
    0, 0, 40, 0, 28, 36, 0, 0,
    0, 0, 0, 0, 0, 0, 0, 0,
    0, 0, 0, 0, 0, 0, 0, 0,
    0, 0, 0, 0, 0, 0, 0, 0,
    17, 17, 17, 17, 17, 17, 21, 19,
    21, 21, 21, 21, 0, 0, 0, 0,
    20, 0, 28, 28, 28, 28, 28, 0,
    28, 33, 33, 33, 33, 36, 55, 56,
    38, 38, 38, 38, 38, 38, 41, 40,
    41, 41, 41, 41, 45, 45, 45, 45,
    56, 0, 11, 11, 11, 11, 11, 0,
    11, 24, 24, 24, 24, 53, 57, 53,
    21, 17, 55, 18, 32, 0, 21, 26,
    18, 0, 0, 26, 0, 0, 0, 28,
    0, 55, 19, 32, 36, 28, 35, 0,
    0, 0, 0, 18, 0, 18, 28, 28,
    0, 38, 11, 0, 48, 24, 41, 52,
    0, 24, 24, 46, 24, 24, 24, 11,
    24, 57, 40, 48, 53, 11, 52, 0,
    24, 24, 0, 56, 24, 56, 11, 11,
    24, 41, 58, 0, 0, 0, 0, 0,
    0, 0, 0, 0, 0, 0, 0, 0,
    0, 0, 0, 0, 0, 0, 0, 0,
    0, 0, 0, 0, 0, 0, 0, 0,
    0, 0, 0, 0, 0, 0, 0, 0,
    0, 0, 0, 0, 0, 0, 0, 0,
    0, 0, 0, 0, 0, 0, 0, 0,
    0, 0, 0, 0, 0, 0, 0, 0,
    0, 0, 0
};

/*Map glyph_ids to kern right classes*/
static const uint8_t kern_right_class_mapping[] =
{
    0, 1, 0, 2, 0, 3, 0, 0,
    4, 5, 6, 0, 0, 7, 8, 7,
    9, 0, 10, 11, 12, 13, 0, 0,
    14, 0, 15, 16, 17, 0, 0, 0,
    0, 0, 18, 0, 19, 0, 0, 0,
    20, 0, 21, 22, 0, 0, 0, 0,
    20, 0, 23, 0, 3, 24, 25, 26,
    26, 27, 28, 29, 5, 0, 6, 0,
    0, 0, 30, 21, 31, 31, 31, 32,
    33, 34, 35, 36, 34, 35, 37, 37,
    31, 37, 38, 39, 40, 41, 42, 43,
    43, 44, 45, 46, 5, 0, 6, 0,
    1, 0, 47, 0, 20, 28, 0, 0,
    0, 0, 0, 0, 0, 0, 0, 0,
    0, 0, 0, 0, 0, 0, 0, 0,
    0, 0, 0, 0, 0, 0, 0, 0,
    18, 18, 18, 18, 18, 18, 18, 20,
    0, 0, 0, 0, 0, 0, 0, 0,
    0, 48, 20, 20, 20, 20, 20, 0,
    20, 25, 25, 25, 25, 28, 0, 0,
    30, 30, 30, 30, 30, 30, 30, 31,
    49, 49, 49, 49, 35, 35, 35, 35,
    50, 21, 31, 31, 31, 31, 31, 0,
    31, 42, 42, 42, 42, 45, 51, 45,
    0, 18, 48, 0, 0, 18, 0, 27,
    20, 48, 48, 0, 18, 0, 0, 20,
    0, 0, 20, 24, 27, 20, 27, 0,
    0, 0, 0, 24, 0, 0, 27, 0,
    48, 30, 52, 21, 39, 31, 49, 44,
    44, 21, 21, 34, 31, 37, 21, 31,
    21, 51, 31, 53, 45, 31, 44, 21,
    21, 21, 21, 0, 21, 21, 31, 21,
    30, 49, 54, 55, 0, 0, 0, 0,
    0, 0, 0, 0, 0, 0, 0, 0,
    0, 0, 0, 0, 0, 0, 0, 0,
    0, 0, 0, 0, 0, 0, 0, 0,
    0, 0, 0, 0, 0, 0, 0, 0,
    0, 0, 0, 0, 0, 0, 0, 0,
    0, 0, 0, 0, 0, 0, 0, 0,
    0, 0, 0, 0, 0, 0, 0, 0,
    0, 0, 0
};

/*Kern values between classes*/
static const int8_t kern_class_values[] =
{
    0, 0, 0, 0, 0, 0, -47, 0,
    0, 0, 0, 0, 0, 0, 0, 0,
    0, 0, 0, 0, 0, 0, 0, 0,
    0, 0, 0, 0, 0, 0, -7, 0,
    -7, 0, 0, 0, 0, -7, 0, -7,
    0, 0, 0, 0, 0, 0, -7, 0,
    0, -7, 0, 0, 0, 0, 0, 0,
    0, 3, 0, 0, -13, -6, 0, 0,
    0, 0, 0, 0, 0, 0, 0, 0,
    0, 0, 0, 0, 0, 0, 0, 0,
    -4, -7, -7, 0, 0, 0, 0, 0,
    0, 0, 0, 0, 0, 0, 0, 0,
    0, 0, 0, -2, 0, 0, 0, 0,
    0, 0, 0, 0, 0, 0, 0, 0,
    -9, 2, 0, 0, 0, 0, 0, 0,
    0, 0, -27, 0, 0, 0, 0, -27,
    0, 0, 0, 0, 0, 0, 0, 0,
    0, 0, 0, -7, -18, 0, -7, 0,
    7, 0, 0, -7, 0, -18, 0, 0,
    0, 0, 0, 0, -7, 0, 0, -7,
    0, 0, 0, 0, 0, 0, 0, -4,
    0, 0, 0, 0, 0, 0, 0, 0,
    0, 0, 3, 0, 0, 0, 0, -4,
    -12, 0, 0, -12, 0, 0, 0, 0,
    0, 0, -4, -9, 0, 0, 0, 0,
    7, 0, -9, 0, -9, 0, 0, 0,
    0, -4, 0, 0, 0, 0, 0, 0,
    0, 0, 0, 0, 0, 0, 0, 0,
    0, 0, 0, 0, 0, 0, 0, 0,
    0, 0, 0, 0, 0, 0, 0, 0,
    0, 0, 0, 0, 0, 0, 0, 0,
    0, 0, 0, 0, 0, 0, 0, 0,
    0, 0, 0, 0, 0, 0, -3, 0,
    0, 0, 0, 0, 0, 0, 0, 0,
    0, 0, 0, 0, 0, 0, 0, 0,
    0, 0, 0, 0, -27, 0, 0, 0,
    0, 0, 0, 0, 0, 0, 0, 0,
    0, 0, 0, 0, 0, 0, 0, 0,
    0, 0, 0, 0, 0, 0, 0, 0,
    0, 0, 0, 0, 0, 0, 0, 0,
    0, 0, 0, 0, 0, 0, 0, 0,
    0, 0, 0, 0, 0, 0, 0, 0,
    0, 0, 0, 0, 0, -9, -1, 0,
    0, 0, 0, -4, 0, 0, 0, -7,
    0, -18, 0, -10, -11, -18, 0, 0,
    0, 0, 0, 0, 0, 0, 0, 0,
    0, 0, 0, 0, 0, -4, 0, 0,
    0, 0, 0, 0, 0, 0, 0, 0,
    0, 0, 0, 0, 0, 0, 0, 0,
    0, -31, 0, 0, 0, 0, 0, 0,
    0, 0, 0, 0, 0, 0, 0, 0,
    0, 0, 0, 0, 0, 0, -7, -11,
    0, 0, 0, 0, 0, -7, 0, 0,
    -7, 0, 0, 0, -4, 0, 0, 0,
    0, 0, 0, 0, 0, 0, 0, 0,
    0, 0, 0, 0, 0, 0, -9, 0,
    0, 0, 0, 0, 0, 0, 0, 0,
    0, 0, 0, 0, 0, 0, 0, 0,
    0, 0, 0, 0, 0, 0, 0, 0,
    0, 0, 0, 0, 0, 0, 0, 0,
    0, 0, 0, 0, 0, 0, 0, 0,
    0, 0, 0, 0, 0, 0, -1, 0,
    0, 0, 0, 0, 0, 0, 0, 0,
    0, 0, 0, -4, 0, 0, 0, 0,
    -4, 0, 0, 0, 0, 0, 0, 0,
    0, 0, 0, 0, 0, 0, 0, 0,
    0, 0, 0, 0, 0, 0, 0, 0,
    0, 0, 0, 0, 0, 0, 0, 0,
    0, 0, 0, 0, 0, 0, 0, -7,
    0, -7, 0, -9, -4, 0, 0, 0,
    0, 0, -1, 0, -4, 0, 0, -1,
    0, 0, 0, 0, 0, -13, 0, -7,
    -4, -18, 0, 0, 0, 0, 0, 0,
    0, 0, 0, 0, 0, -2, 0, 0,
    -4, -3, -4, -4, 0, 0, 0, 0,
    0, 0, -3, 0, 0, 0, 0, 0,
    0, 0, 0, 0, 0, 0, 0, -6,
    0, 0, 0, 0, 0, 0, 0, 0,
    0, 0, 0, 0, 0, 0, 0, 0,
    0, 0, 0, 0, 0, 0, 0, 0,
    0, 0, 0, 0, 0, 0, 0, 0,
    0, 0, 0, 0, 0, 0, 0, 0,
    0, 0, 0, 0, 0, 0, 0, 0,
    0, 0, 0, 0, 0, -3, 0, 0,
    0, 0, -4, 0, 0, 0, 0, 0,
    0, 0, 0, 0, 0, 0, 0, 0,
    0, 0, 0, 0, 0, 0, 0, 0,
    0, 0, 0, 0, 0, 0, 0, 0,
    0, 0, 0, 0, 0, 0, 0, 0,
    0, 0, 0, 0, 0, 0, 0, 0,
    0, -8, -1, 0, 0, 0, 0, -9,
    3, 0, 0, 0, -9, 0, 0, 0,
    0, 0, 0, 0, 0, 0, 0, 0,
    0, 0, 0, 0, 0, 0, 0, 0,
    0, 0, 0, 0, 0, 0, 0, 0,
    0, 0, 0, 0, 0, 0, 0, 0,
    -1, 0, 0, 0, 0, 0, 0, 0,
    -2, 0, 0, 0, 0, 0, 0, -1,
    0, 0, 0, 0, 0, 0, 0, 0,
    0, 0, 0, 0, 0, 0, 0, 0,
    0, 0, 0, 0, 0, 0, 0, 0,
    0, 0, 0, 0, 0, 0, 0, 0,
    0, 0, 0, 0, 0, 0, 0, 0,
    0, 0, 0, 0, 0, 0, 0, 0,
    0, -18, 0, 0, 0, 0, 0, 0,
    0, 0, 0, 0, 0, 0, 0, 0,
    0, 0, 0, 0, 0, 0, 0, 0,
    0, 0, 0, 0, 0, 0, 0, 0,
    0, 0, 0, 0, 0, 0, 0, 0,
    0, 0, 0, 0, 0, 0, 0, 0,
    0, -22, -4, -22, 0, 0, 0, -9,
    0, 0, 0, 0, 8, 0, 0, 0,
    0, 8, -4, -4, 0, 0, -4, -13,
    -4, -16, 0, -13, 0, 0, 0, -6,
    0, 0, 0, 0, 0, 0, 0, 0,
    -4, 0, -9, 0, -11, 0, 0, 0,
    0, 0, 0, 0, 0, 0, 0, 0,
    0, 0, 0, 0, 0, -7, 0, 0,
    0, 0, 0, 0, 0, 0, 0, 0,
    0, 0, 0, 0, 0, 0, -4, 0,
    -7, -7, -7, 0, 0, 0, 0, 0,
    0, 0, 0, 0, 0, 0, 0, 0,
    0, 0, 0, 0, 0, 0, 0, 0,
    0, 0, 0, 0, 0, 0, 0, 0,
    7, 0, 0, -13, -11, 0, 0, 0,
    0, 0, -4, 0, 0, 0, 0, -4,
    0, 0, 0, 0, 0, 0, 0, -4,
    -7, -7, 0, 0, 0, 0, 0, 0,
    0, 0, 0, 0, 0, 0, 0, 0,
    0, 0, 0, 0, 0, 0, 0, 0,
    0, 0, 0, 0, 0, 0, 0, 0,
    0, 0, -13, -11, 0, 0, 0, 0,
    0, -4, 0, 0, 0, 0, -4, 0,
    0, 0, 0, 0, -4, 0, -7, -7,
    -7, -4, 0, 0, 0, 0, 0, 0,
    0, 0, 0, 0, 0, 0, 0, 0,
    0, 0, 0, 0, 0, 0, 0, 0,
    0, 0, 0, 0, 0, 0, -3, 0,
    0, 0, 0, 0, 0, 0, 0, 0,
    0, 0, 0, 0, 0, 0, -6, -7,
    0, 0, -7, 0, 0, 0, 0, 0,
    0, 0, 0, 0, 0, 0, 0, 0,
    0, 0, 0, 0, 0, 0, 0, 0,
    0, 0, 0, 0, 0, 0, 0, 0,
    0, 0, 0, 0, 0, 0, 0, 0,
    0, -26, 0, 0, 0, 0, 0, -2,
    0, 0, 0, 0, -2, 0, 0, 0,
    -8, 0, 0, 0, 0, 0, 0, 0,
    -4, -3, 0, 0, 0, 0, 0, 0,
    -4, 0, 0, 0, 0, 0, 0, 0,
    0, -4, 0, -4, 0, 0, 0, 0,
    0, 0, 0, 0, 0, 0, 0, 0,
    -11, 0, 0, 0, 0, 0, -4, 0,
    0, 0, 0, -4, 0, 0, 0, 0,
    0, -4, 0, -7, -7, -7, 0, 0,
    0, 0, 0, 0, 0, 0, 0, 0,
    0, 0, 0, 0, 0, 0, 0, 0,
    0, 0, 0, 0, 0, 0, 0, 0,
    0, 0, 0, 0, 0, 0, 0, 0,
    0, 0, 0, 0, 0, 0, 0, 0,
    0, 0, 0, 0, 0, 0, 0, 0,
    0, 0, 0, 0, -9, 0, 0, 0,
    0, 0, 0, 0, 0, 0, 0, 0,
    0, 0, 0, 0, 0, 0, 0, 0,
    0, 0, 0, 0, 0, 0, 0, 0,
    0, 0, 0, 0, 0, 0, -11, 0,
    0, 0, 0, 0, -4, 0, 0, 0,
    0, -4, 0, 0, 0, 0, 0, 0,
    0, 0, 0, 0, 0, 0, 0, 0,
    0, 0, 0, 0, 0, 0, 0, 0,
    0, 0, 0, 0, 0, 0, 0, 0,
    0, 0, 0, 0, 0, 0, 0, -4,
    0, -7, 0, 0, 0, 0, -11, 0,
    0, 0, 0, 0, 0, 0, 0, 0,
    0, -4, -8, 0, 0, -7, 0, 0,
    0, 0, 0, 0, 0, -9, 0, -7,
    0, 0, 0, 0, -8, 0, -4, -7,
    -8, 0, 0, -10, 0, -8, 0, -7,
    -8, 0, 0, 0, 0, 0, -11, -27,
    0, -27, 0, -7, 0, -18, 0, 0,
    0, 0, 0, 0, 0, 0, 0, 0,
    0, -4, 0, 0, -4, -22, 0, -18,
    0, -22, 0, 0, 0, -4, 0, 0,
    0, 0, 0, 0, 0, 0, -6, 0,
    -8, 0, -11, 0, 0, 0, 0, 0,
    0, 0, 0, 0, 0, 0, 0, 0,
    0, 0, -13, -11, 0, 0, 0, 0,
    0, -4, 0, 0, 0, 0, -4, 0,
    0, 0, 0, 0, -4, 0, -7, -11,
    -7, 0, 0, 0, 0, 0, 0, 0,
    0, 0, 0, 0, 0, 0, 0, 0,
    -4, 0, 0, 0, 0, 0, 0, 0,
    0, 0, 0, 0, 0, 0, 0, 0,
    0, -13, -36, 0, 0, 0, 0, 0,
    -11, 0, 0, 0, 0, -11, 0, 0,
    0, -8, 0, 0, 0, 0, -7, 0,
    0, -4, -1, 9, 0, 0, 0, 0,
    0, 0, 0, 0, 0, 0, 0, 0,
    0, 0, 0, 0, 0, 0, 0, 0,
    0, 0, 0, 0, 0, 0, 0, 0,
    -13, -7, 0, 0, 0, 0, 0, -4,
    0, 0, 0, 0, -4, 0, 0, 0,
    0, 0, -4, 0, -7, -7, -7, 0,
    0, 0, 0, 0, 0, 0, 0, 0,
    0, 0, 0, 0, 0, 0, -4, 0,
    0, 0, 0, 0, 0, 0, 0, 0,
    0, 0, 0, 0, 0, 0, 0, 0,
    0, 0, 0, 0, 0, 0, 0, 0,
    0, 0, 0, 0, -4, 0, 0, 0,
    0, 0, 0, 0, 0, -3, 0, 0,
    0, 0, 0, 0, 0, 0, 0, 0,
    0, 0, 0, 0, 0, 0, 0, 0,
    0, 7, 0, 0, 0, 0, 0, 0,
    0, -7, 0, 0, 0, 0, 0, -22,
    -22, 0, 0, 0, 0, -4, 0, 0,
    -22, -20, -4, 0, 0, 0, -18, 0,
    13, 0, 0, 0, 7, 0, -16, -18,
    0, -18, 0, 0, 0, -11, -18, -11,
    -13, 0, -11, -13, -16, -16, -13, -16,
    0, -16, -16, -11, 0, -7, 0, 0,
    0, 0, -7, 0, 0, 0, -4, 0,
    0, 0, 0, 0, -7, 0, 0, 0,
    0, -7, 0, 0, 0, 0, 0, 0,
    0, 0, 0, 0, 0, 0, 0, 0,
    0, 0, 0, 0, 0, 0, 0, 0,
    0, 0, 0, 0, 0, 0, 0, 0,
    0, 0, 0, 0, 0, 0, 0, 0,
    0, -4, 0, 0, 0, -13, -10, 0,
    0, 0, 0, -16, 0, 0, -11, -11,
    -16, -4, -4, 0, -7, -4, 0, 0,
    0, 0, 0, 0, -10, -13, 0, -10,
    0, -4, 0, -7, -10, 0, -7, 0,
    -7, -7, -7, 0, -4, -10, 0, -10,
    0, -7, 0, 0, 0, 0, 0, 0,
    -4, 0, 0, 0, 0, -7, 9, 0,
    0, 0, 0, 0, 0, 0, 0, 0,
    -7, -7, 0, 0, -7, 9, 0, 0,
    0, 0, 0, 0, -4, 0, 0, 0,
    0, 0, 0, 0, 0, 0, 0, 0,
    0, 0, 0, 0, 0, 0, 0, 0,
    0, 0, 0, 0, 0, -9, 0, -7,
    0, 0, 0, -31, -22, 0, 0, 0,
    0, -16, 0, 0, -8, -18, -16, -9,
    -9, -8, -18, -9, 7, 0, 0, -4,
    7, 0, -18, -18, 0, -18, 0, 0,
    0, -11, -18, -9, -18, 0, -9, -8,
    -7, -8, -8, -18, 0, -18, 0, -9,
    -6, 0, 0, 0, 0, 0, 0, 0,
    0, 0, 0, 0, 0, 0, 0, 0,
    0, 0, 0, 0, 0, 0, 0, 0,
    0, 0, 0, 9, 0, 0, 0, 0,
    0, 0, 0, 0, 0, 0, 0, 0,
    0, 0, 0, 0, 0, 0, -13, 0,
    0, 0, 0, 0, 0, 0, 0, 0,
    0, 0, 0, 0, -4, 0, -4, 0,
    -4, 0, 0, 0, 0, 0, 0, 0,
    0, 0, 0, 0, 0, 0, 0, 0,
    0, 0, -13, 0, -7, 0, -13, 0,
    0, 0, 0, 0, 0, 0, 0, 0,
    0, 0, 0, 0, 0, -4, 0, -7,
    0, 0, 0, 0, 0, 0, 0, 0,
    0, 0, 0, -4, 0, -4, 0, -9,
    -4, 0, 0, 0, 0, 0, -1, 0,
    -4, 0, 0, -1, 0, 0, 0, 0,
    0, -13, 0, -7, -4, -18, 0, 0,
    0, 0, 0, 0, 0, 0, 0, 0,
    0, -2, 0, 0, -4, -4, -8, -4,
    0, 0, 0, 0, 0, 0, -3, 0,
    0, 0, -4, 0, -4, 0, -9, -4,
    0, 0, 0, 0, 0, 0, 0, 0,
    0, 0, 0, 0, 0, 0, 0, 0,
    -13, 0, -7, 0, -13, 0, -1, -3,
    0, 0, 0, -3, 0, 0, 0, 0,
    0, 0, 0, 0, 0, -4, 0, 0,
    0, 0, 0, 0, 0, -1, 0, 0,
    0, 0, 0, 0, -6, -9, -4, 0,
    0, 0, 0, 0, 0, 0, 0, 0,
    0, 0, 0, 0, 0, 0, 0, -13,
    0, -7, 0, -13, 0, -2, 0, 0,
    0, 0, 0, 0, -3, 0, 0, 0,
    0, 0, -4, -4, -2, 0, 0, 0,
    0, 0, 0, 0, -3, 0, 0, 0,
    0, 0, 7, 0, 0, -11, 0, 0,
    0, 0, 0, 0, 0, 0, 0, 0,
    0, 0, 0, 7, 0, 0, 13, 0,
    0, 0, 0, 0, -3, -4, 0, 0,
    7, 3, 0, 0, 0, 0, 0, 0,
    0, 0, 0, 0, 0, 0, 0, 0,
    0, 0, 0, 0, 0, 0, 0, 0,
    0, 0, 0, 0, 0, 0, 0, 0,
    0, 0, 0, 0, 0, 0, 0, 0,
    0, 0, 0, 0, 0, -11, 0, 0,
    0, -11, 0, 0, 0, 0, 0, 0,
    0, 0, 0, 0, 0, 0, 0, 0,
    0, 0, 0, 0, 0, 0, 0, 0,
    0, 0, 0, 0, 0, 0, -4, 0,
    -4, 0, -4, 0, 0, 0, 0, 0,
    0, 0, 0, 0, 0, 0, 0, 0,
    0, 0, 0, 0, -13, 0, 0, 0,
    0, 0, 0, 0, 0, 0, 0, 0,
    0, 0, 0, 0, 0, 0, 0, 0,
    0, 0, 0, 0, 0, 0, 0, 0,
    0, 0, 0, 0, 0, 0, 0, -10,
    0, 0, 0, 0, 0, 0, 0, 0,
    0, 0, 0, 0, 0, 0, 0, 0,
    0, 0, 0, 0, 0, 0, 0, 0,
    0, 0, 0, 0, 0, 0, 0, 0,
    0, 0, 0, 0, 0, 0, 0, 0,
    0, 0, 0, 0, 0, 0, 0, 0,
    0, 0, 0, 0, 0, 0, 0, 0,
    0, 0, -7, 0, 0, 0, 0, 0,
    0, 0, 0, 0, 0, 0, 0, 0,
    0, 0, 0, 0, 0, 0, 0, 0,
    0, -2, 0, 0, 0, 0, 0, 0,
    -7, 0, -2, 0, 0, 0, 0, 0,
    0, -4, 0, -4, 0, 0, 0, 0,
    0, 0, 0, -4, 0, -9, 0, -4,
    0, 0, 0, 0, 0, 0, 0, 0,
    0, 0, 0, 0, 0, 0, 0, 0,
    0, -13, 0, 0, 0, -16, 0, 0,
    -1, 0, 0, 0, 0, 0, 0, 0,
    0, 0, 0, 0, 0, 0, -4, 0,
    0, 0, 0, 0, 0, 0, 0, 0,
    0, 0, 0, 0, 0, 0, -4, -18,
    0, 0, 0, 0, 0, 0, 0, 0,
    0, 0, 0, 0, 0, 0, 0, 0,
    0, 0, 0, 0, -4, 0, -3, -2,
    0, -4, 0, 0, 0, 0, 0, 0,
    -4, 0, 0, 0, 0, -3, 0, 0,
    0, 0, 0, 0, 0, 0, 0, 0,
    0, -4, 0, -4, 0, -3, 0, 0,
    0, 0, 0, 0, 0, 0, 0, 0,
    0, 0, 0, 0, 0, 0, 0, -11,
    0, -7, 0, -13, 0, 0, 0, 0,
    0, 0, 0, 0, 0, 0, 0, 0,
    0, 0, -4, -4, -4, 0, 0, 0,
    0, 0, 0, 0, 0, 0, 0, 0,
    0, 0, 0, 0, 0, 0, 0, 0,
    0, 0, 0, 0, 0, 0, 0, 0,
    0, 0, 0, 0, 0, 0, 0, 0,
    0, 0, -4, 0, 0, -6, 0, 0,
    0, 0, 0, 0, 0, 0, 0, 0,
    0, 0, 0, -3, 0, 0, 0, 0,
    0, 0, 0, 0, 0, 0, 0, 0,
    0, 0, -9, -4, -18, 0, 0, 0,
    0, 0, -6, 0, 0, 0, 0, -6,
    0, 0, 0, 0, 0, -13, 0, 0,
    0, -8, 0, -7, -4, 0, -4, 0,
    0, 0, 0, -4, 0, -4, 0, 0,
    0, 0, -1, 0, 0, 0, 0, 0,
    0, 0, 0, 0, 0, 0, 0, 0,
    0, 0, 0, 0, 0, 0, 0, 0,
    0, 0, 0, 0, 0, 0, 0, 0,
    0, 0, 0, 0, -11, 0, 0, 0,
    -7, 0, -4, -4, 0, -4, 0, 0,
    0, 0, -4, 0, 0, 0, 0, -2,
    0, 0, 0, -4, 0, -4, -4, 0,
    0, 0, 0, 0, 0, 0, 0, 0,
    0, 0, -18, 0, 0, 0, 0, 0,
    -4, 0, 0, 0, 0, -4, 0, 0,
    0, 0, 0, -9, 0, 0, 0, -8,
    0, -4, -4, 9, -4, 0, 0, 0,
    0, 0, 0, 0, 9, 0, 0, 0,
    0, 0, 0, 0, 0, 0, 0, 0,
    0, 0, 0, 0, 0, 0, 0, 0,
    0, 0, 0, 0, 0, 0, 0, 0,
    0, 0, 0, 0, 0, 0, 0, 0,
    0, 0, -11, 0, 0, 0, -8, 0,
    -7, -9, 0, 0, 0, 0, 0, 0,
    -7, 0, 0, 0, 0, 0, 0, -3,
    0, -7, 0, -7, -7, 0, 0, 0,
    0, 0, 0, 0, 0, 0, 0, 0,
    0, 0, 0, 0, 0, 0, -9, 0,
    0, 0, 0, -9, 0, 0, 0, 0,
    0, 0, 0, 0, 0, 0, 0, 0,
    0, 0, 0, 0, 0, 0, 0, 0,
    0, 0, 0, 0, 0, 0, 0, 0,
    0, 0, 0, 0, 0, 0, 0, 0,
    0, 0, 0, 0, 0, 0, 0, 0,
    0, 0, 0, 0, 0, -4, 0, 0,
    0, 0, -4, 0, 0, -3, 0, 0,
    0, 0, 0, 0, 0, 0, 0, 0,
    0, 0, 0, 0, 0, 0, 0, 0,
    0, 0, 0, 0, 0, 0, 0, 0,
    0, 0, 0, 0, 0, 0, 0, 0,
    0, 0, 0, 0, 0, 0, 0, 0,
    0, 0, 0, 0, 0, 0, 0, 0,
    0, 0, 0, 0, 0, 0, 0, -13,
    0, 0, 0, -13, 0, 0, 0, 0,
    0, 0, 0, 0, 0, 0, 0, 0,
    0, 0, 0, -4, -4, 0, 0, 0,
    0, 0, 0, 0, 0, 0, 0, 0,
    0, 0, 0, 0, 0, 0, 0, 0,
    -2, 0, 0, 2, -4, 0, 0, 0,
    2, 0, 0, 0, 0, 0, 0, 0,
    0, 0, 0, 0, 0, 0, 0, 0,
    0, 0, 0, 0, 0, 0, 0, 0,
    0, 0, 0, 0, 0, 0, 0, 0,
    0, 0, 0, 0, 0, 0
};


/*Collect the kern class' data in one place*/
static const lv_font_fmt_txt_kern_classes_t kern_classes =
{
    .class_pair_values   = kern_class_values,
    .left_class_mapping  = kern_left_class_mapping,
    .right_class_mapping = kern_right_class_mapping,
    .left_class_cnt      = 58,
    .right_class_cnt     = 55,
};

/*--------------------
 *  ALL CUSTOM DATA
 *--------------------*/

#if LV_VERSION_CHECK(8, 0, 0)
/*Store all the custom data of the font*/
static  lv_font_fmt_txt_glyph_cache_t cache;
static const lv_font_fmt_txt_dsc_t font_dsc = {
#else
static lv_font_fmt_txt_dsc_t font_dsc = {
#endif
    .glyph_bitmap = glyph_bitmap,
    .glyph_dsc = glyph_dsc,
    .cmaps = cmaps,
    .kern_dsc = &kern_classes,
    .kern_scale = 16,
    .cmap_num = 5,
    .bpp = 4,
    .kern_classes = 1,
    .bitmap_format = 0,
#if LV_VERSION_CHECK(8, 0, 0)
    .cache = &cache
#endif
};


/*-----------------
 *  PUBLIC FONT
 *----------------*/

/*Initialize a public general font descriptor*/
#if LV_VERSION_CHECK(8, 0, 0)
const lv_font_t manrope_14 = {
#else
lv_font_t manrope_14 = {
#endif
    .get_glyph_dsc = lv_font_get_glyph_dsc_fmt_txt,    /*Function pointer to get glyph's data*/
    .get_glyph_bitmap = lv_font_get_bitmap_fmt_txt,    /*Function pointer to get glyph's bitmap*/
    .line_height = 19,          /*The maximum line height required by the font*/
    .base_line = 4,             /*Baseline measured from the bottom of the line*/
#if !(LVGL_VERSION_MAJOR == 6 && LVGL_VERSION_MINOR == 0)
    .subpx = LV_FONT_SUBPX_NONE,
#endif
#if LV_VERSION_CHECK(7, 4, 0) || LVGL_VERSION_MAJOR >= 8
    .underline_position = -1,
    .underline_thickness = 0,
#endif
    .dsc = &font_dsc           /*The custom font data. Will be accessed by `get_glyph_bitmap/dsc` */
};



#endif /*#if MANROPE_14*/

