/*******************************************************************************
 * Size: 28 px
 * Bpp: 4
 * Opts: --no-compress --bpp 4 --size 28 --font fonts-src/mdi.ttf -r 0xF02DC,0xF1C83,0xF018D,0xF1542,0xF0493,0xF0041,0xF0E5B,0xF18B8,0xF0210,0xF0336,0xF0717,0xF042B,0xF1A45,0xF050F,0xF01A7,0xF0F58,0xF04C5,0xF058C,0xF084D,0xF03E4,0xF040A,0xF0156,0xF0029,0xF004D,0xF051F,0xF0150,0xF03D8,0xF00B5,0xF05A9,0xF012C,0xF081D,0xF024B,0xF0224,0xF0450,0xF154B,0xF05BD,0xF0142,0xF02FD,0xF0415,0xF0374,0xF005D,0xF0045,0xF004D,0xF0054,0xF06A1,0xF0E50,0xF06E9,0xF0A47,0xF0792,0xF0795,0xF048A,0xF030C,0xF09E7,0xF0709,0xF06B0,0xF061A,0xF0E5C,0xF062E,0xF012A,0xF0279,0xF040D,0xF0D55,0xF0D49,0xF02C1,0xF0F86,0xF058E --format lvgl --lv-include lvgl/lvgl.h -o guppyscreen/assets/fonts/mdi_28.c
 ******************************************************************************/

#ifdef LV_LVGL_H_INCLUDE_SIMPLE
#include "lvgl.h"
#else
#include "lvgl/lvgl.h"
#endif

#ifndef MDI_28
#define MDI_28 1
#endif

#if MDI_28

/*-----------------
 *    BITMAPS
 *----------------*/

/*Store the image of the glyphs*/
static LV_ATTRIBUTE_LARGE_CONST const uint8_t glyph_bitmap[] = {
    /* U+F0029 "󰀩" */
    0x0, 0x0, 0x0, 0xcf, 0xff, 0xff, 0xff, 0xfc,
    0x0, 0x0, 0x0, 0x0, 0x0, 0xc, 0xff, 0xff,
    0xff, 0xff, 0xff, 0xc0, 0x0, 0x0, 0x0, 0x0,
    0xcf, 0xff, 0xff, 0xff, 0xff, 0xff, 0xfc, 0x0,
    0x0, 0x0, 0xc, 0xff, 0xff, 0xff, 0xff, 0xff,
    0xff, 0xff, 0xc0, 0x0, 0x0, 0xcf, 0xff, 0xff,
    0xff, 0xaa, 0xff, 0xff, 0xff, 0xfc, 0x0, 0xc,
    0xff, 0xff, 0xff, 0xfe, 0x0, 0xef, 0xff, 0xff,
    0xff, 0xc0, 0x6f, 0xff, 0xff, 0xff, 0xfe, 0x0,
    0xef, 0xff, 0xff, 0xff, 0xf6, 0x6f, 0xff, 0xff,
    0xff, 0xfe, 0x0, 0xef, 0xff, 0xff, 0xff, 0xf6,
    0x6f, 0xff, 0xff, 0xff, 0xfe, 0x0, 0xef, 0xff,
    0xff, 0xff, 0xf6, 0x6f, 0xff, 0xff, 0xff, 0xfe,
    0x0, 0xef, 0xff, 0xff, 0xff, 0xf6, 0x6f, 0xff,
    0xff, 0xff, 0xfe, 0x0, 0xef, 0xff, 0xff, 0xff,
    0xf6, 0x6f, 0xff, 0xff, 0xff, 0xff, 0x55, 0xff,
    0xff, 0xff, 0xff, 0xf6, 0x6f, 0xff, 0xff, 0xff,
    0xff, 0xff, 0xff, 0xff, 0xff, 0xff, 0xf6, 0x6f,
    0xff, 0xff, 0xff, 0xff, 0xff, 0xff, 0xff, 0xff,
    0xff, 0xf6, 0x6f, 0xff, 0xff, 0xff, 0xfe, 0x0,
    0xef, 0xff, 0xff, 0xff, 0xf6, 0xc, 0xff, 0xff,
    0xff, 0xfe, 0x0, 0xef, 0xff, 0xff, 0xff, 0xc0,
    0x0, 0xcf, 0xff, 0xff, 0xff, 0xaa, 0xff, 0xff,
    0xff, 0xfc, 0x0, 0x0, 0xc, 0xff, 0xff, 0xff,
    0xff, 0xff, 0xff, 0xff, 0xc0, 0x0, 0x0, 0x0,
    0xcf, 0xff, 0xff, 0xff, 0xff, 0xff, 0xfc, 0x0,
    0x0, 0x0, 0x0, 0xc, 0xff, 0xff, 0xff, 0xff,
    0xff, 0xc0, 0x0, 0x0, 0x0, 0x0, 0x0, 0xcf,
    0xff, 0xff, 0xff, 0xfc, 0x0, 0x0, 0x0,

    /* U+F0041 "󰁁" */
    0x0, 0x0, 0x0, 0x0, 0x0, 0x0, 0x0, 0x0,
    0x0, 0x0, 0x0, 0x0, 0x0, 0x0, 0x0, 0x0,
    0x0, 0xa, 0xb0, 0x0, 0x0, 0x0, 0x0, 0x0,
    0x0, 0x0, 0x0, 0x0, 0x0, 0xaf, 0xfb, 0x0,
    0x0, 0x0, 0x0, 0x0, 0x0, 0x0, 0x0, 0x0,
    0xa, 0xff, 0xff, 0xa0, 0x0, 0x0, 0x0, 0x0,
    0x0, 0x0, 0x0, 0x0, 0xaf, 0xff, 0xff, 0xfa,
    0x0, 0x0, 0x0, 0x0, 0x0, 0x0, 0x0, 0x5,
    0xff, 0xbf, 0xfb, 0xff, 0x50, 0x0, 0x0, 0x0,
    0x0, 0x0, 0x0, 0x0, 0x7a, 0x2f, 0xf2, 0x97,
    0x0, 0x0, 0x0, 0x0, 0x0, 0x0, 0x1, 0x0,
    0x0, 0x2f, 0xf2, 0x0, 0x0, 0x10, 0x0, 0x0,
    0x0, 0x0, 0xad, 0x10, 0x0, 0x2f, 0xf2, 0x0,
    0x1, 0xda, 0x0, 0x0, 0x0, 0xb, 0xff, 0x70,
    0x0, 0x2f, 0xf2, 0x0, 0x7, 0xff, 0xa0, 0x0,
    0x0, 0xbf, 0xf9, 0x0, 0x0, 0x2f, 0xf2, 0x0,
    0x0, 0x9f, 0xfb, 0x0, 0xb, 0xff, 0xfe, 0xee,
    0xee, 0xef, 0xfe, 0xee, 0xee, 0xef, 0xff, 0xb0,
    0x3f, 0xff, 0xff, 0xff, 0xff, 0xff, 0xff, 0xff,
    0xff, 0xff, 0xff, 0xf3, 0x4, 0xff, 0xf9, 0x66,
    0x66, 0x8f, 0xf8, 0x66, 0x66, 0x9f, 0xff, 0x40,
    0x0, 0x4f, 0xfe, 0x20, 0x0, 0x2f, 0xf2, 0x0,
    0x2, 0xef, 0xf4, 0x0, 0x0, 0x4, 0xff, 0x60,
    0x0, 0x2f, 0xf2, 0x0, 0x6, 0xff, 0x40, 0x0,
    0x0, 0x0, 0x47, 0x0, 0x0, 0x2f, 0xf2, 0x0,
    0x0, 0x74, 0x0, 0x0, 0x0, 0x0, 0x0, 0x0,
    0x12, 0x2f, 0xf2, 0x21, 0x0, 0x0, 0x0, 0x0,
    0x0, 0x0, 0x0, 0x1, 0xde, 0x4f, 0xf5, 0xed,
    0x10, 0x0, 0x0, 0x0, 0x0, 0x0, 0x0, 0x4,
    0xff, 0xff, 0xff, 0xff, 0x40, 0x0, 0x0, 0x0,
    0x0, 0x0, 0x0, 0x0, 0x4f, 0xff, 0xff, 0xf4,
    0x0, 0x0, 0x0, 0x0, 0x0, 0x0, 0x0, 0x0,
    0x4, 0xff, 0xff, 0x40, 0x0, 0x0, 0x0, 0x0,
    0x0, 0x0, 0x0, 0x0, 0x0, 0x4f, 0xf4, 0x0,
    0x0, 0x0, 0x0, 0x0, 0x0, 0x0, 0x0, 0x0,
    0x0, 0x4, 0x40, 0x0, 0x0, 0x0, 0x0, 0x0,

    /* U+F0045 "󰁅" */
    0x0, 0x0, 0x0, 0x0, 0x1d, 0xd2, 0x0, 0x0,
    0x0, 0x0, 0x0, 0x0, 0x0, 0x0, 0x2f, 0xf2,
    0x0, 0x0, 0x0, 0x0, 0x0, 0x0, 0x0, 0x0,
    0x2f, 0xf2, 0x0, 0x0, 0x0, 0x0, 0x0, 0x0,
    0x0, 0x0, 0x2f, 0xf2, 0x0, 0x0, 0x0, 0x0,
    0x0, 0x0, 0x0, 0x0, 0x2f, 0xf2, 0x0, 0x0,
    0x0, 0x0, 0x0, 0x0, 0x0, 0x0, 0x2f, 0xf2,
    0x0, 0x0, 0x0, 0x0, 0x0, 0x0, 0x0, 0x0,
    0x2f, 0xf2, 0x0, 0x0, 0x0, 0x0, 0x0, 0x10,
    0x0, 0x0, 0x2f, 0xf2, 0x0, 0x0, 0x1, 0x0,
    0x5, 0xe3, 0x0, 0x0, 0x2f, 0xf2, 0x0, 0x0,
    0x3e, 0x50, 0xe, 0xff, 0x30, 0x0, 0x2f, 0xf2,
    0x0, 0x3, 0xff, 0xe1, 0x3, 0xef, 0xf3, 0x0,
    0x2f, 0xf2, 0x0, 0x3f, 0xfe, 0x30, 0x0, 0x3e,
    0xff, 0x30, 0x2f, 0xf2, 0x3, 0xff, 0xe3, 0x0,
    0x0, 0x3, 0xef, 0xf3, 0x2f, 0xf2, 0x3f, 0xfe,
    0x30, 0x0, 0x0, 0x0, 0x3e, 0xff, 0x6f, 0xf6,
    0xff, 0xe3, 0x0, 0x0, 0x0, 0x0, 0x3, 0xef,
    0xff, 0xff, 0xfe, 0x30, 0x0, 0x0, 0x0, 0x0,
    0x0, 0x3e, 0xff, 0xff, 0xe3, 0x0, 0x0, 0x0,
    0x0, 0x0, 0x0, 0x3, 0xef, 0xfe, 0x30, 0x0,
    0x0, 0x0, 0x0, 0x0, 0x0, 0x0, 0x3e, 0xe3,
    0x0, 0x0, 0x0, 0x0, 0x0, 0x0, 0x0, 0x0,
    0x3, 0x30, 0x0, 0x0, 0x0, 0x0,

    /* U+F004D "󰁍" */
    0x0, 0x0, 0x0, 0x0, 0x5, 0x90, 0x0, 0x0,
    0x0, 0x0, 0x0, 0x0, 0x0, 0x0, 0x5f, 0xf7,
    0x0, 0x0, 0x0, 0x0, 0x0, 0x0, 0x0, 0x5,
    0xff, 0xd1, 0x0, 0x0, 0x0, 0x0, 0x0, 0x0,
    0x0, 0x5f, 0xfd, 0x10, 0x0, 0x0, 0x0, 0x0,
    0x0, 0x0, 0x5, 0xff, 0xd1, 0x0, 0x0, 0x0,
    0x0, 0x0, 0x0, 0x0, 0x5f, 0xfd, 0x10, 0x0,
    0x0, 0x0, 0x0, 0x0, 0x0, 0x5, 0xff, 0xd1,
    0x0, 0x0, 0x0, 0x0, 0x0, 0x0, 0x0, 0x5f,
    0xfd, 0x10, 0x0, 0x0, 0x0, 0x0, 0x0, 0x0,
    0x5, 0xff, 0xfe, 0xee, 0xee, 0xee, 0xee, 0xee,
    0xee, 0xe5, 0xc, 0xff, 0xff, 0xff, 0xff, 0xff,
    0xff, 0xff, 0xff, 0xf5, 0x1, 0xdf, 0xfc, 0x66,
    0x66, 0x66, 0x66, 0x66, 0x66, 0x62, 0x0, 0x1d,
    0xff, 0x60, 0x0, 0x0, 0x0, 0x0, 0x0, 0x0,
    0x0, 0x1, 0xdf, 0xf6, 0x0, 0x0, 0x0, 0x0,
    0x0, 0x0, 0x0, 0x0, 0x1d, 0xff, 0x60, 0x0,
    0x0, 0x0, 0x0, 0x0, 0x0, 0x0, 0x1, 0xdf,
    0xf6, 0x0, 0x0, 0x0, 0x0, 0x0, 0x0, 0x0,
    0x0, 0x1d, 0xff, 0x60, 0x0, 0x0, 0x0, 0x0,
    0x0, 0x0, 0x0, 0x1, 0xdf, 0xf5, 0x0, 0x0,
    0x0, 0x0, 0x0, 0x0, 0x0, 0x0, 0x1d, 0xe3,
    0x0, 0x0, 0x0, 0x0, 0x0, 0x0, 0x0, 0x0,
    0x1, 0x20, 0x0, 0x0, 0x0, 0x0,

    /* U+F0054 "󰁔" */
    0x0, 0x0, 0x0, 0x0, 0x9, 0x50, 0x0, 0x0,
    0x0, 0x0, 0x0, 0x0, 0x0, 0x0, 0x7f, 0xf5,
    0x0, 0x0, 0x0, 0x0, 0x0, 0x0, 0x0, 0x0,
    0x1d, 0xff, 0x50, 0x0, 0x0, 0x0, 0x0, 0x0,
    0x0, 0x0, 0x1, 0xdf, 0xf5, 0x0, 0x0, 0x0,
    0x0, 0x0, 0x0, 0x0, 0x0, 0x1d, 0xff, 0x50,
    0x0, 0x0, 0x0, 0x0, 0x0, 0x0, 0x0, 0x1,
    0xdf, 0xf6, 0x0, 0x0, 0x0, 0x0, 0x0, 0x0,
    0x0, 0x0, 0x1d, 0xff, 0x60, 0x0, 0x0, 0x0,
    0x0, 0x0, 0x0, 0x0, 0x1, 0xdf, 0xf6, 0x0,
    0x4d, 0xdd, 0xdd, 0xdd, 0xdd, 0xdd, 0xdd, 0xef,
    0xff, 0x60, 0x5f, 0xff, 0xff, 0xff, 0xff, 0xff,
    0xff, 0xff, 0xff, 0xd0, 0x26, 0x66, 0x66, 0x66,
    0x66, 0x66, 0x66, 0xcf, 0xfd, 0x10, 0x0, 0x0,
    0x0, 0x0, 0x0, 0x0, 0x6, 0xff, 0xd1, 0x0,
    0x0, 0x0, 0x0, 0x0, 0x0, 0x0, 0x6f, 0xfd,
    0x10, 0x0, 0x0, 0x0, 0x0, 0x0, 0x0, 0x6,
    0xff, 0xd1, 0x0, 0x0, 0x0, 0x0, 0x0, 0x0,
    0x0, 0x6f, 0xfd, 0x10, 0x0, 0x0, 0x0, 0x0,
    0x0, 0x0, 0x6, 0xff, 0xd1, 0x0, 0x0, 0x0,
    0x0, 0x0, 0x0, 0x0, 0x5f, 0xfd, 0x10, 0x0,
    0x0, 0x0, 0x0, 0x0, 0x0, 0x0, 0x3e, 0xd1,
    0x0, 0x0, 0x0, 0x0, 0x0, 0x0, 0x0, 0x0,
    0x2, 0x10, 0x0, 0x0, 0x0, 0x0,

    /* U+F005D "󰁝" */
    0x0, 0x0, 0x0, 0x0, 0x3, 0x30, 0x0, 0x0,
    0x0, 0x0, 0x0, 0x0, 0x0, 0x0, 0x3e, 0xf3,
    0x0, 0x0, 0x0, 0x0, 0x0, 0x0, 0x0, 0x3,
    0xef, 0xff, 0x30, 0x0, 0x0, 0x0, 0x0, 0x0,
    0x0, 0x3e, 0xff, 0xff, 0xf3, 0x0, 0x0, 0x0,
    0x0, 0x0, 0x3, 0xef, 0xff, 0xff, 0xff, 0x30,
    0x0, 0x0, 0x0, 0x0, 0x3e, 0xff, 0x6f, 0xf6,
    0xff, 0xe3, 0x0, 0x0, 0x0, 0x3, 0xef, 0xf3,
    0x2f, 0xf2, 0x3f, 0xfe, 0x30, 0x0, 0x0, 0x3e,
    0xff, 0x30, 0x2f, 0xf2, 0x3, 0xff, 0xe3, 0x0,
    0x3, 0xef, 0xf3, 0x0, 0x2f, 0xf2, 0x0, 0x3f,
    0xfe, 0x30, 0xe, 0xff, 0x30, 0x0, 0x2f, 0xf2,
    0x0, 0x3, 0xff, 0xe1, 0x5, 0xe3, 0x0, 0x0,
    0x2f, 0xf2, 0x0, 0x0, 0x3e, 0x50, 0x0, 0x10,
    0x0, 0x0, 0x2f, 0xf2, 0x0, 0x0, 0x1, 0x0,
    0x0, 0x0, 0x0, 0x0, 0x2f, 0xf2, 0x0, 0x0,
    0x0, 0x0, 0x0, 0x0, 0x0, 0x0, 0x2f, 0xf2,
    0x0, 0x0, 0x0, 0x0, 0x0, 0x0, 0x0, 0x0,
    0x2f, 0xf2, 0x0, 0x0, 0x0, 0x0, 0x0, 0x0,
    0x0, 0x0, 0x2f, 0xf2, 0x0, 0x0, 0x0, 0x0,
    0x0, 0x0, 0x0, 0x0, 0x2f, 0xf2, 0x0, 0x0,
    0x0, 0x0, 0x0, 0x0, 0x0, 0x0, 0x2f, 0xf2,
    0x0, 0x0, 0x0, 0x0, 0x0, 0x0, 0x0, 0x0,
    0x1d, 0xd2, 0x0, 0x0, 0x0, 0x0,

    /* U+F00B5 "󰂵" */
    0x0, 0x0, 0x0, 0x0, 0x9, 0x10, 0x1, 0x90,
    0x0, 0x0, 0x0, 0x0, 0x0, 0x0, 0x0, 0x0,
    0x3, 0x0, 0x0, 0x30, 0x0, 0x0, 0x0, 0x0,
    0x0, 0x0, 0x0, 0x0, 0x0, 0x0, 0x0, 0x0,
    0x0, 0x0, 0x0, 0x0, 0x0, 0x0, 0xaa, 0x0,
    0x2c, 0x60, 0x6, 0xc3, 0x0, 0xaa, 0x0, 0x0,
    0x0, 0x1, 0xff, 0x10, 0x6f, 0xc0, 0xc, 0xf7,
    0x1, 0xff, 0x10, 0x0, 0x0, 0x0, 0x44, 0x0,
    0x6, 0x20, 0x2, 0x60, 0x0, 0x44, 0x0, 0x0,
    0x0, 0x0, 0x0, 0x0, 0x0, 0x0, 0x0, 0x0,
    0x0, 0x0, 0x0, 0x0, 0x0, 0x0, 0x0, 0x0,
    0x28, 0x50, 0x5, 0x82, 0x0, 0x0, 0x0, 0x0,
    0x4, 0x0, 0xdd, 0x0, 0xef, 0xf3, 0x3f, 0xfe,
    0x0, 0xdd, 0x0, 0x40, 0x9, 0x1, 0xff, 0x10,
    0xff, 0xf5, 0x5f, 0xff, 0x1, 0xff, 0x10, 0x90,
    0x0, 0x0, 0x22, 0x0, 0x6d, 0xa0, 0xa, 0xd6,
    0x0, 0x22, 0x0, 0x0, 0x0, 0x0, 0x0, 0x0,
    0x0, 0x0, 0x0, 0x0, 0x0, 0x0, 0x0, 0x0,
    0x0, 0x0, 0x33, 0x0, 0x6d, 0xa0, 0xa, 0xd6,
    0x0, 0x33, 0x0, 0x0, 0xa, 0x1, 0xff, 0x10,
    0xff, 0xf5, 0x5f, 0xff, 0x1, 0xff, 0x10, 0xa0,
    0x4, 0x0, 0xcc, 0x0, 0xef, 0xf3, 0x3f, 0xfe,
    0x0, 0xcc, 0x0, 0x40, 0x0, 0x0, 0x0, 0x0,
    0x28, 0x50, 0x5, 0x82, 0x0, 0x0, 0x0, 0x0,
    0x0, 0x0, 0x0, 0x0, 0x0, 0x0, 0x0, 0x0,
    0x0, 0x0, 0x0, 0x0, 0x0, 0x0, 0xaa, 0x0,
    0x2c, 0x70, 0x6, 0xc3, 0x0, 0xaa, 0x0, 0x0,
    0x0, 0x1, 0xff, 0x10, 0x6f, 0xc0, 0xc, 0xf7,
    0x1, 0xff, 0x10, 0x0, 0x0, 0x0, 0x44, 0x0,
    0x6, 0x20, 0x2, 0x60, 0x0, 0x44, 0x0, 0x0,
    0x0, 0x0, 0x0, 0x0, 0x0, 0x0, 0x0, 0x0,
    0x0, 0x0, 0x0, 0x0, 0x0, 0x0, 0x0, 0x0,
    0x3, 0x0, 0x0, 0x30, 0x0, 0x0, 0x0, 0x0,
    0x0, 0x0, 0x0, 0x0, 0x9, 0x20, 0x1, 0x90,
    0x0, 0x0, 0x0, 0x0,

    /* U+F012A "󰄪" */
    0x6f, 0xe0, 0x0, 0x0, 0x0, 0x0, 0x0, 0x0,
    0x0, 0x0, 0x0, 0x0, 0x6f, 0xe0, 0x0, 0x0,
    0x0, 0x0, 0x0, 0x0, 0x0, 0x0, 0x1, 0x0,
    0x6f, 0xe0, 0x0, 0x0, 0x0, 0x0, 0x0, 0x0,
    0x0, 0x0, 0x9, 0xe5, 0x6f, 0xe0, 0x0, 0x0,
    0x0, 0x0, 0x0, 0x0, 0x0, 0x0, 0x3f, 0xf7,
    0x6f, 0xe0, 0x0, 0x0, 0x0, 0x0, 0x0, 0x0,
    0x0, 0x0, 0xcf, 0xe0, 0x6f, 0xe0, 0x0, 0x0,
    0x0, 0x0, 0x0, 0x0, 0x0, 0x5, 0xff, 0x50,
    0x6f, 0xe0, 0x0, 0x0, 0x1e, 0x70, 0x0, 0x0,
    0x0, 0xe, 0xfb, 0x0, 0x6f, 0xe0, 0x0, 0x0,
    0xaf, 0xfd, 0x50, 0x0, 0x0, 0x8f, 0xf2, 0x0,
    0x6f, 0xe0, 0x0, 0x3, 0xff, 0xff, 0xfb, 0x20,
    0x2, 0xff, 0x90, 0x0, 0x6f, 0xe0, 0x0, 0xc,
    0xfd, 0x3c, 0xff, 0xf9, 0x1b, 0xfe, 0x10, 0x0,
    0x6f, 0xe0, 0x0, 0x6f, 0xf4, 0x0, 0x5e, 0xff,
    0xff, 0xf6, 0x0, 0x0, 0x6f, 0xe0, 0x0, 0xef,
    0xb0, 0x0, 0x0, 0x8f, 0xff, 0xd0, 0x0, 0x0,
    0x6f, 0xe0, 0x8, 0xff, 0x20, 0x0, 0x0, 0x2,
    0xaf, 0x40, 0x0, 0x0, 0x6f, 0xe0, 0x2f, 0xf8,
    0x0, 0x0, 0x0, 0x0, 0x2, 0x0, 0x0, 0x0,
    0x6f, 0xe0, 0xbf, 0xe0, 0x0, 0x0, 0x0, 0x0,
    0x0, 0x0, 0x0, 0x0, 0x6f, 0xe4, 0xff, 0x60,
    0x0, 0x0, 0x0, 0x0, 0x0, 0x0, 0x0, 0x0,
    0x6f, 0xed, 0xfc, 0x0, 0x0, 0x0, 0x0, 0x0,
    0x0, 0x0, 0x0, 0x0, 0x6f, 0xff, 0xf3, 0x0,
    0x0, 0x0, 0x0, 0x0, 0x0, 0x0, 0x0, 0x0,
    0x6f, 0xff, 0xd5, 0x55, 0x55, 0x55, 0x55, 0x55,
    0x55, 0x55, 0x55, 0x55, 0x6f, 0xff, 0xff, 0xff,
    0xff, 0xff, 0xff, 0xff, 0xff, 0xff, 0xff, 0xfe,
    0x6f, 0xff, 0xff, 0xff, 0xff, 0xff, 0xff, 0xff,
    0xff, 0xff, 0xff, 0xfe,

    /* U+F012C "󰄬" */
    0x0, 0x0, 0x0, 0x0, 0x0, 0x0, 0x0, 0x0,
    0x0, 0x95, 0x0, 0x0, 0x0, 0x0, 0x0, 0x0,
    0x0, 0x0, 0x0, 0xaf, 0xf3, 0x0, 0x0, 0x0,
    0x0, 0x0, 0x0, 0x0, 0x0, 0xaf, 0xfa, 0x0,
    0x0, 0x0, 0x0, 0x0, 0x0, 0x0, 0x0, 0xaf,
    0xfa, 0x0, 0x0, 0x0, 0x0, 0x0, 0x0, 0x0,
    0x0, 0xaf, 0xfa, 0x0, 0x0, 0x0, 0x0, 0x0,
    0x0, 0x0, 0x0, 0xaf, 0xfa, 0x0, 0x0, 0x0,
    0x0, 0x0, 0x0, 0x0, 0x0, 0xaf, 0xfa, 0x0,
    0x0, 0x0, 0x20, 0x0, 0x0, 0x0, 0x0, 0xaf,
    0xfa, 0x0, 0x0, 0x0, 0x3e, 0xa0, 0x0, 0x0,
    0x0, 0xaf, 0xfa, 0x0, 0x0, 0x0, 0x9, 0xff,
    0xa0, 0x0, 0x0, 0xaf, 0xfa, 0x0, 0x0, 0x0,
    0x0, 0xa, 0xff, 0xa0, 0x0, 0xaf, 0xfa, 0x0,
    0x0, 0x0, 0x0, 0x0, 0xa, 0xff, 0xa0, 0xaf,
    0xfa, 0x0, 0x0, 0x0, 0x0, 0x0, 0x0, 0xa,
    0xff, 0xdf, 0xfa, 0x0, 0x0, 0x0, 0x0, 0x0,
    0x0, 0x0, 0xa, 0xff, 0xfa, 0x0, 0x0, 0x0,
    0x0, 0x0, 0x0, 0x0, 0x0, 0xa, 0xfa, 0x0,
    0x0, 0x0, 0x0, 0x0, 0x0, 0x0, 0x0, 0x0,
    0x6, 0x0, 0x0, 0x0, 0x0, 0x0, 0x0, 0x0,

    /* U+F0142 "󰅂" */
    0x3, 0x0, 0x0, 0x0, 0x5, 0xfa, 0x0, 0x0,
    0x0, 0x9f, 0xfa, 0x0, 0x0, 0x0, 0x9f, 0xfa,
    0x0, 0x0, 0x0, 0x9f, 0xfa, 0x0, 0x0, 0x0,
    0x9f, 0xfa, 0x0, 0x0, 0x0, 0x9f, 0xfa, 0x0,
    0x0, 0x0, 0xdf, 0xf6, 0x0, 0x0, 0x9f, 0xfa,
    0x0, 0x0, 0x9f, 0xfa, 0x0, 0x0, 0x9f, 0xfa,
    0x0, 0x0, 0x9f, 0xfa, 0x0, 0x0, 0x9f, 0xfa,
    0x0, 0x0, 0x5, 0xfa, 0x0, 0x0, 0x0, 0x3,
    0x0, 0x0, 0x0, 0x0,

    /* U+F0150 "󰅐" */
    0x0, 0x0, 0x0, 0x0, 0x0, 0x1, 0x10, 0x0,
    0x0, 0x0, 0x0, 0x0, 0x0, 0x0, 0x0, 0x3,
    0x8d, 0xff, 0xff, 0xe9, 0x40, 0x0, 0x0, 0x0,
    0x0, 0x0, 0x2, 0xaf, 0xff, 0xff, 0xff, 0xff,
    0xfc, 0x40, 0x0, 0x0, 0x0, 0x0, 0x4f, 0xff,
    0xd8, 0x42, 0x24, 0x7c, 0xff, 0xf7, 0x0, 0x0,
    0x0, 0x5, 0xff, 0xf6, 0x0, 0x0, 0x0, 0x0,
    0x4e, 0xff, 0x90, 0x0, 0x0, 0x3f, 0xfd, 0x20,
    0x0, 0x0, 0x0, 0x0, 0x1, 0xbf, 0xf6, 0x0,
    0x0, 0xdf, 0xe1, 0x0, 0x0, 0x5, 0x40, 0x0,
    0x0, 0xc, 0xff, 0x10, 0x5, 0xff, 0x40, 0x0,
    0x0, 0xf, 0xb0, 0x0, 0x0, 0x1, 0xef, 0x90,
    0xc, 0xfa, 0x0, 0x0, 0x0, 0xf, 0xb0, 0x0,
    0x0, 0x0, 0x7f, 0xf0, 0x1f, 0xf4, 0x0, 0x0,
    0x0, 0xf, 0xb0, 0x0, 0x0, 0x0, 0x1f, 0xf5,
    0x5f, 0xf0, 0x0, 0x0, 0x0, 0xf, 0xb0, 0x0,
    0x0, 0x0, 0xc, 0xf9, 0x6f, 0xd0, 0x0, 0x0,
    0x0, 0xf, 0xb0, 0x0, 0x0, 0x0, 0x9, 0xfa,
    0x8f, 0xc0, 0x0, 0x0, 0x0, 0xf, 0xc0, 0x0,
    0x0, 0x0, 0x8, 0xfb, 0x7f, 0xd0, 0x0, 0x0,
    0x0, 0xe, 0xfc, 0x30, 0x0, 0x0, 0x9, 0xfa,
    0x5f, 0xf0, 0x0, 0x0, 0x0, 0x0, 0x9f, 0xf9,
    0x10, 0x0, 0xc, 0xf9, 0x2f, 0xf4, 0x0, 0x0,
    0x0, 0x0, 0x3, 0xcf, 0xe6, 0x0, 0x1f, 0xf5,
    0xd, 0xfa, 0x0, 0x0, 0x0, 0x0, 0x0, 0x6,
    0xe9, 0x0, 0x7f, 0xf0, 0x6, 0xff, 0x40, 0x0,
    0x0, 0x0, 0x0, 0x0, 0x11, 0x1, 0xef, 0x90,
    0x0, 0xdf, 0xe1, 0x0, 0x0, 0x0, 0x0, 0x0,
    0x0, 0xc, 0xff, 0x10, 0x0, 0x3f, 0xfd, 0x20,
    0x0, 0x0, 0x0, 0x0, 0x1, 0xbf, 0xf6, 0x0,
    0x0, 0x5, 0xff, 0xf6, 0x0, 0x0, 0x0, 0x0,
    0x4e, 0xff, 0x90, 0x0, 0x0, 0x0, 0x5f, 0xff,
    0xe8, 0x43, 0x24, 0x7c, 0xff, 0xf7, 0x0, 0x0,
    0x0, 0x0, 0x2, 0xbf, 0xff, 0xff, 0xff, 0xff,
    0xfc, 0x30, 0x0, 0x0, 0x0, 0x0, 0x0, 0x3,
    0x9d, 0xff, 0xff, 0xe9, 0x40, 0x0, 0x0, 0x0,
    0x0, 0x0, 0x0, 0x0, 0x0, 0x1, 0x10, 0x0,
    0x0, 0x0, 0x0, 0x0,

    /* U+F0156 "󰅖" */
    0x0, 0x60, 0x0, 0x0, 0x0, 0x0, 0x0, 0x6,
    0x0, 0xa, 0xfa, 0x0, 0x0, 0x0, 0x0, 0x0,
    0xaf, 0xa0, 0x9, 0xff, 0xa0, 0x0, 0x0, 0x0,
    0xa, 0xff, 0xa0, 0x0, 0x9f, 0xfa, 0x0, 0x0,
    0x0, 0xaf, 0xfa, 0x0, 0x0, 0x9, 0xff, 0xa0,
    0x0, 0xa, 0xff, 0xa0, 0x0, 0x0, 0x0, 0xaf,
    0xfa, 0x0, 0xaf, 0xfa, 0x0, 0x0, 0x0, 0x0,
    0xa, 0xff, 0xaa, 0xff, 0xa0, 0x0, 0x0, 0x0,
    0x0, 0x0, 0xaf, 0xff, 0xfa, 0x0, 0x0, 0x0,
    0x0, 0x0, 0x0, 0xd, 0xff, 0xd0, 0x0, 0x0,
    0x0, 0x0, 0x0, 0x0, 0xaf, 0xff, 0xfa, 0x0,
    0x0, 0x0, 0x0, 0x0, 0xa, 0xff, 0xaa, 0xff,
    0xa0, 0x0, 0x0, 0x0, 0x0, 0xaf, 0xfa, 0x0,
    0xaf, 0xfa, 0x0, 0x0, 0x0, 0xa, 0xff, 0xa0,
    0x0, 0xa, 0xff, 0xa0, 0x0, 0x0, 0xaf, 0xfa,
    0x0, 0x0, 0x0, 0xaf, 0xfa, 0x0, 0xa, 0xff,
    0xa0, 0x0, 0x0, 0x0, 0x9, 0xff, 0xa0, 0xa,
    0xfa, 0x0, 0x0, 0x0, 0x0, 0x0, 0x9f, 0xa0,
    0x0, 0x60, 0x0, 0x0, 0x0, 0x0, 0x0, 0x6,
    0x0,

    /* U+F018D "󰆍" */
    0x7, 0xef, 0xff, 0xff, 0xff, 0xff, 0xff, 0xff,
    0xff, 0xff, 0xff, 0xc2, 0x3f, 0xff, 0xff, 0xff,
    0xff, 0xff, 0xff, 0xff, 0xff, 0xff, 0xff, 0xfb,
    0x6f, 0xff, 0xff, 0xff, 0xff, 0xff, 0xff, 0xff,
    0xff, 0xff, 0xff, 0xfe, 0x6f, 0xff, 0xff, 0xff,
    0xff, 0xff, 0xff, 0xff, 0xff, 0xff, 0xff, 0xfe,
    0x6f, 0xfa, 0xaa, 0xaa, 0xaa, 0xaa, 0xaa, 0xaa,
    0xaa, 0xaa, 0xac, 0xfe, 0x6f, 0xe0, 0x0, 0x0,
    0x0, 0x0, 0x0, 0x0, 0x0, 0x0, 0x6, 0xfe,
    0x6f, 0xe0, 0x0, 0x0, 0x0, 0x0, 0x0, 0x0,
    0x0, 0x0, 0x6, 0xfe, 0x6f, 0xe0, 0xb, 0xff,
    0x80, 0x0, 0x0, 0x0, 0x0, 0x0, 0x6, 0xfe,
    0x6f, 0xe0, 0x0, 0xbf, 0xf8, 0x0, 0x0, 0x0,
    0x0, 0x0, 0x6, 0xfe, 0x6f, 0xe0, 0x0, 0xb,
    0xff, 0x80, 0x0, 0x0, 0x0, 0x0, 0x6, 0xfe,
    0x6f, 0xe0, 0x0, 0x0, 0xbf, 0xf8, 0x0, 0x0,
    0x0, 0x0, 0x6, 0xfe, 0x6f, 0xe0, 0x0, 0x0,
    0xd, 0xff, 0x20, 0x0, 0x0, 0x0, 0x6, 0xfe,
    0x6f, 0xe0, 0x0, 0x0, 0x7f, 0xfd, 0x0, 0x0,
    0x0, 0x0, 0x6, 0xfe, 0x6f, 0xe0, 0x0, 0x7,
    0xff, 0xd1, 0x0, 0x0, 0x0, 0x0, 0x6, 0xfe,
    0x6f, 0xe0, 0x0, 0x7f, 0xfd, 0x10, 0xc, 0xff,
    0xff, 0xf1, 0x6, 0xfe, 0x6f, 0xe0, 0x6, 0xff,
    0xd1, 0x0, 0xc, 0xff, 0xff, 0xf1, 0x6, 0xfe,
    0x6f, 0xe0, 0x5, 0x55, 0x10, 0x0, 0x4, 0x55,
    0x55, 0x50, 0x6, 0xfe, 0x6f, 0xe0, 0x0, 0x0,
    0x0, 0x0, 0x0, 0x0, 0x0, 0x0, 0x6, 0xfe,
    0x6f, 0xe5, 0x55, 0x55, 0x55, 0x55, 0x55, 0x55,
    0x55, 0x55, 0x59, 0xfe, 0x3f, 0xff, 0xff, 0xff,
    0xff, 0xff, 0xff, 0xff, 0xff, 0xff, 0xff, 0xfb,
    0x7, 0xef, 0xff, 0xff, 0xff, 0xff, 0xff, 0xff,
    0xff, 0xff, 0xff, 0xc2,

    /* U+F01A7 "󰆧" */
    0x0, 0x0, 0x0, 0x0, 0x0, 0x0, 0x0, 0x0,
    0x0, 0x0, 0x0, 0x0, 0x0, 0x0, 0x0, 0x6,
    0xef, 0x80, 0x0, 0x0, 0x0, 0x0, 0x0, 0x0,
    0x0, 0x4, 0xdf, 0xff, 0xfe, 0x60, 0x0, 0x0,
    0x0, 0x0, 0x0, 0x3, 0xcf, 0xff, 0xa9, 0xff,
    0xfd, 0x40, 0x0, 0x0, 0x0, 0x1, 0xaf, 0xff,
    0xc3, 0x0, 0x2b, 0xff, 0xfb, 0x30, 0x0, 0x0,
    0x8f, 0xff, 0xe5, 0x0, 0x0, 0x0, 0x4d, 0xff,
    0xfa, 0x10, 0x2e, 0xff, 0xf7, 0x0, 0x0, 0x0,
    0x0, 0x0, 0x6e, 0xff, 0xf4, 0x6f, 0xff, 0x90,
    0x0, 0x0, 0x0, 0x0, 0x0, 0x7, 0xff, 0xf9,
    0x7f, 0xff, 0xfe, 0x60, 0x0, 0x0, 0x0, 0x5,
    0xdf, 0xff, 0xfa, 0x7f, 0xf8, 0xff, 0xfd, 0x40,
    0x0, 0x3, 0xcf, 0xff, 0xac, 0xfa, 0x7f, 0xe0,
    0x2a, 0xff, 0xfc, 0x32, 0xaf, 0xff, 0xc3, 0xb,
    0xfa, 0x7f, 0xe0, 0x0, 0x3c, 0xff, 0xff, 0xff,
    0xd5, 0x0, 0xb, 0xfa, 0x7f, 0xe0, 0x0, 0x0,
    0x5e, 0xff, 0xe7, 0x0, 0x0, 0xb, 0xfa, 0x7f,
    0xe0, 0x0, 0x0, 0x1, 0xff, 0x30, 0x0, 0x0,
    0xb, 0xfa, 0x7f, 0xe0, 0x0, 0x0, 0x1, 0xff,
    0x30, 0x0, 0x0, 0xb, 0xfa, 0x7f, 0xe0, 0x0,
    0x0, 0x1, 0xff, 0x30, 0x0, 0x0, 0xb, 0xfa,
    0x7f, 0xe0, 0x0, 0x0, 0x1, 0xff, 0x30, 0x0,
    0x0, 0xb, 0xfa, 0x6f, 0xf9, 0x10, 0x0, 0x1,
    0xff, 0x30, 0x0, 0x0, 0x8f, 0xf9, 0x2e, 0xff,
    0xf7, 0x0, 0x1, 0xff, 0x30, 0x0, 0x6e, 0xff,
    0xf4, 0x0, 0x8f, 0xff, 0xe5, 0x1, 0xff, 0x30,
    0x4c, 0xff, 0xfa, 0x10, 0x0, 0x1, 0xaf, 0xff,
    0xc4, 0xff, 0x5b, 0xff, 0xfb, 0x30, 0x0, 0x0,
    0x0, 0x3, 0xbf, 0xff, 0xff, 0xff, 0xfd, 0x40,
    0x0, 0x0, 0x0, 0x0, 0x0, 0x4, 0xdf, 0xff,
    0xfe, 0x60, 0x0, 0x0, 0x0, 0x0, 0x0, 0x0,
    0x0, 0x6, 0xef, 0x80, 0x0, 0x0, 0x0, 0x0,
    0x0, 0x0, 0x0, 0x0, 0x0, 0x0, 0x0, 0x0,
    0x0, 0x0, 0x0,

    /* U+F0210 "󰈐" */
    0x0, 0x0, 0x0, 0x0, 0x0, 0x0, 0x10, 0x0,
    0x0, 0x0, 0x0, 0x0, 0x0, 0x0, 0x0, 0x0,
    0x0, 0x9f, 0xff, 0xe7, 0x0, 0x0, 0x0, 0x0,
    0x0, 0x0, 0x0, 0x0, 0xa, 0xff, 0xff, 0xff,
    0x80, 0x0, 0x0, 0x0, 0x0, 0x0, 0x0, 0x0,
    0x2f, 0xff, 0xff, 0xff, 0xe0, 0x0, 0x0, 0x0,
    0x0, 0x0, 0x0, 0x0, 0x5f, 0xff, 0xff, 0xff,
    0xc0, 0x0, 0x0, 0x0, 0x0, 0x0, 0x0, 0x0,
    0x6f, 0xff, 0xff, 0xff, 0x40, 0x0, 0x0, 0x0,
    0x0, 0x0, 0x0, 0x0, 0x4f, 0xff, 0xff, 0xd3,
    0x0, 0x0, 0x0, 0x0, 0x0, 0x46, 0x10, 0x0,
    0x1f, 0xff, 0xfe, 0x10, 0x0, 0x0, 0x0, 0x0,
    0xa, 0xff, 0xf4, 0x0, 0xc, 0xff, 0xf8, 0x0,
    0x0, 0x0, 0x0, 0x0, 0x3f, 0xff, 0xfe, 0x10,
    0x5, 0xff, 0xfb, 0x11, 0x7b, 0xde, 0xc7, 0x0,
    0x7f, 0xff, 0xff, 0xd3, 0xc, 0xff, 0xff, 0xef,
    0xff, 0xff, 0xff, 0xc0, 0x9f, 0xff, 0xff, 0xff,
    0xef, 0xf8, 0x8f, 0xff, 0xff, 0xff, 0xff, 0xf6,
    0x9f, 0xff, 0xff, 0xff, 0xff, 0xe0, 0xe, 0xff,
    0xff, 0xff, 0xff, 0xfa, 0x5f, 0xff, 0xff, 0xff,
    0xff, 0xf8, 0x8f, 0xfe, 0xff, 0xff, 0xff, 0xfa,
    0xb, 0xff, 0xff, 0xff, 0xfd, 0xff, 0xff, 0xc0,
    0x3c, 0xff, 0xff, 0xf8, 0x0, 0x6c, 0xed, 0xb6,
    0x11, 0xbf, 0xff, 0x50, 0x0, 0xdf, 0xff, 0xf4,
    0x0, 0x0, 0x0, 0x0, 0x0, 0x8f, 0xff, 0xc0,
    0x0, 0x3f, 0xff, 0xa0, 0x0, 0x0, 0x0, 0x0,
    0x1, 0xef, 0xff, 0xf1, 0x0, 0x1, 0x54, 0x0,
    0x0, 0x0, 0x0, 0x0, 0x3d, 0xff, 0xff, 0xf5,
    0x0, 0x0, 0x0, 0x0, 0x0, 0x0, 0x0, 0x4,
    0xff, 0xff, 0xff, 0xf6, 0x0, 0x0, 0x0, 0x0,
    0x0, 0x0, 0x0, 0xc, 0xff, 0xff, 0xff, 0xf5,
    0x0, 0x0, 0x0, 0x0, 0x0, 0x0, 0x0, 0xe,
    0xff, 0xff, 0xff, 0xf2, 0x0, 0x0, 0x0, 0x0,
    0x0, 0x0, 0x0, 0x8, 0xff, 0xff, 0xff, 0xa0,
    0x0, 0x0, 0x0, 0x0, 0x0, 0x0, 0x0, 0x0,
    0x7e, 0xff, 0xf9, 0x0, 0x0, 0x0, 0x0, 0x0,
    0x0, 0x0, 0x0, 0x0, 0x0, 0x1, 0x0, 0x0,
    0x0, 0x0, 0x0, 0x0,

    /* U+F0224 "󰈤" */
    0x0, 0x12, 0x22, 0x22, 0x22, 0x22, 0x10, 0x0,
    0x0, 0x0, 0x8, 0xff, 0xff, 0xff, 0xff, 0xff,
    0xe2, 0x0, 0x0, 0x0, 0x3f, 0xff, 0xff, 0xff,
    0xff, 0xff, 0xfe, 0x20, 0x0, 0x0, 0x5f, 0xf2,
    0x22, 0x22, 0x22, 0x2d, 0xff, 0xe2, 0x0, 0x0,
    0x5f, 0xf0, 0x0, 0x0, 0x0, 0xd, 0xff, 0xfe,
    0x20, 0x0, 0x5f, 0xf0, 0x0, 0x0, 0x0, 0xd,
    0xff, 0xff, 0xe2, 0x0, 0x5f, 0xf0, 0x0, 0x0,
    0x0, 0xd, 0xff, 0xff, 0xfe, 0x20, 0x5f, 0xf0,
    0x0, 0x0, 0x0, 0xd, 0xff, 0xff, 0xff, 0xe1,
    0x5f, 0xf0, 0x0, 0x0, 0x0, 0xd, 0xff, 0xff,
    0xff, 0xf5, 0x5f, 0xf0, 0x0, 0x0, 0x0, 0x0,
    0x0, 0x0, 0xf, 0xf5, 0x5f, 0xf0, 0x0, 0x0,
    0x0, 0x0, 0x0, 0x0, 0xf, 0xf5, 0x5f, 0xf0,
    0x0, 0x0, 0x0, 0x0, 0x0, 0x0, 0xf, 0xf5,
    0x5f, 0xf0, 0x0, 0x0, 0x0, 0x0, 0x0, 0x0,
    0xf, 0xf5, 0x5f, 0xf0, 0x0, 0x0, 0x0, 0x0,
    0x0, 0x0, 0xf, 0xf5, 0x5f, 0xf0, 0x0, 0x0,
    0x0, 0x0, 0x0, 0x0, 0xf, 0xf5, 0x5f, 0xf0,
    0x0, 0x0, 0x0, 0x0, 0x0, 0x0, 0xf, 0xf5,
    0x5f, 0xf0, 0x0, 0x0, 0x0, 0x0, 0x0, 0x0,
    0xf, 0xf5, 0x5f, 0xf0, 0x0, 0x0, 0x0, 0x0,
    0x0, 0x0, 0xf, 0xf5, 0x5f, 0xf0, 0x0, 0x0,
    0x0, 0x0, 0x0, 0x0, 0xf, 0xf5, 0x5f, 0xf0,
    0x0, 0x0, 0x0, 0x0, 0x0, 0x0, 0xf, 0xf5,
    0x5f, 0xf0, 0x0, 0x0, 0x0, 0x0, 0x0, 0x0,
    0xf, 0xf5, 0x5f, 0xf2, 0x22, 0x22, 0x22, 0x22,
    0x22, 0x22, 0x2f, 0xf5, 0x3f, 0xff, 0xff, 0xff,
    0xff, 0xff, 0xff, 0xff, 0xff, 0xf3, 0x8, 0xff,
    0xff, 0xff, 0xff, 0xff, 0xff, 0xff, 0xff, 0x80,
    0x0, 0x12, 0x22, 0x22, 0x22, 0x22, 0x22, 0x22,
    0x21, 0x0,

    /* U+F024B "󰉋" */
    0x3, 0xab, 0xbb, 0xbb, 0xbb, 0x30, 0x0, 0x0,
    0x0, 0x0, 0x0, 0x0, 0x2f, 0xff, 0xff, 0xff,
    0xff, 0xe3, 0x0, 0x0, 0x0, 0x0, 0x0, 0x0,
    0x6f, 0xff, 0xff, 0xff, 0xff, 0xfe, 0x66, 0x66,
    0x66, 0x66, 0x65, 0x20, 0x6f, 0xff, 0xff, 0xff,
    0xff, 0xff, 0xff, 0xff, 0xff, 0xff, 0xff, 0xf5,
    0x6f, 0xff, 0xff, 0xff, 0xff, 0xff, 0xff, 0xff,
    0xff, 0xff, 0xff, 0xfc, 0x6f, 0xff, 0xff, 0xff,
    0xff, 0xff, 0xff, 0xff, 0xff, 0xff, 0xff, 0xfd,
    0x6f, 0xff, 0xff, 0xff, 0xff, 0xff, 0xff, 0xff,
    0xff, 0xff, 0xff, 0xfd, 0x6f, 0xff, 0xff, 0xff,
    0xff, 0xff, 0xff, 0xff, 0xff, 0xff, 0xff, 0xfd,
    0x6f, 0xff, 0xff, 0xff, 0xff, 0xff, 0xff, 0xff,
    0xff, 0xff, 0xff, 0xfd, 0x6f, 0xff, 0xff, 0xff,
    0xff, 0xff, 0xff, 0xff, 0xff, 0xff, 0xff, 0xfd,
    0x6f, 0xff, 0xff, 0xff, 0xff, 0xff, 0xff, 0xff,
    0xff, 0xff, 0xff, 0xfd, 0x6f, 0xff, 0xff, 0xff,
    0xff, 0xff, 0xff, 0xff, 0xff, 0xff, 0xff, 0xfd,
    0x6f, 0xff, 0xff, 0xff, 0xff, 0xff, 0xff, 0xff,
    0xff, 0xff, 0xff, 0xfd, 0x6f, 0xff, 0xff, 0xff,
    0xff, 0xff, 0xff, 0xff, 0xff, 0xff, 0xff, 0xfd,
    0x6f, 0xff, 0xff, 0xff, 0xff, 0xff, 0xff, 0xff,
    0xff, 0xff, 0xff, 0xfd, 0x6f, 0xff, 0xff, 0xff,
    0xff, 0xff, 0xff, 0xff, 0xff, 0xff, 0xff, 0xfd,
    0x6f, 0xff, 0xff, 0xff, 0xff, 0xff, 0xff, 0xff,
    0xff, 0xff, 0xff, 0xfd, 0x3f, 0xff, 0xff, 0xff,
    0xff, 0xff, 0xff, 0xff, 0xff, 0xff, 0xff, 0xfa,
    0x6, 0xef, 0xff, 0xff, 0xff, 0xff, 0xff, 0xff,
    0xff, 0xff, 0xfe, 0xb1,

    /* U+F0279 "󰉹" */
    0x1, 0x63, 0x0, 0x0, 0x0, 0x0, 0x0, 0x0,
    0x0, 0x0, 0x0, 0x0, 0xdf, 0xf2, 0xc, 0xee,
    0xee, 0xee, 0xee, 0xee, 0xee, 0xee, 0xe5, 0xf,
    0xff, 0x50, 0xef, 0xff, 0xff, 0xff, 0xff, 0xff,
    0xff, 0xff, 0x60, 0x8f, 0xc0, 0x6, 0x66, 0x66,
    0x66, 0x66, 0x66, 0x66, 0x66, 0x62, 0x0, 0x0,
    0x0, 0x0, 0x0, 0x0, 0x0, 0x0, 0x0, 0x0,
    0x0, 0x0, 0x0, 0x0, 0x0, 0x0, 0x0, 0x0,
    0x0, 0x0, 0x0, 0x0, 0x0, 0x0, 0x0, 0x0,
    0x0, 0x0, 0x0, 0x0, 0x0, 0x0, 0x0, 0x0,
    0x0, 0x16, 0x30, 0x0, 0x0, 0x0, 0x0, 0x0,
    0x0, 0x0, 0x0, 0x0, 0xd, 0xff, 0x20, 0xce,
    0xee, 0xee, 0xee, 0xee, 0xee, 0xee, 0xee, 0x50,
    0xff, 0xf5, 0xe, 0xff, 0xff, 0xff, 0xff, 0xff,
    0xff, 0xff, 0xf6, 0x8, 0xfc, 0x0, 0x66, 0x66,
    0x66, 0x66, 0x66, 0x66, 0x66, 0x66, 0x20, 0x0,
    0x0, 0x0, 0x0, 0x0, 0x0, 0x0, 0x0, 0x0,
    0x0, 0x0, 0x0, 0x0, 0x0, 0x0, 0x0, 0x0,
    0x0, 0x0, 0x0, 0x0, 0x0, 0x0, 0x0, 0x0,
    0x0, 0x0, 0x0, 0x0, 0x0, 0x0, 0x0, 0x0,
    0x0, 0x1, 0x63, 0x0, 0x0, 0x0, 0x0, 0x0,
    0x0, 0x0, 0x0, 0x0, 0x0, 0xdf, 0xf2, 0xc,
    0xee, 0xee, 0xee, 0xee, 0xee, 0xee, 0xee, 0xe5,
    0xf, 0xff, 0x50, 0xef, 0xff, 0xff, 0xff, 0xff,
    0xff, 0xff, 0xff, 0x60, 0x8f, 0xc0, 0x6, 0x66,
    0x66, 0x66, 0x66, 0x66, 0x66, 0x66, 0x62, 0x0,
    0x0, 0x0, 0x0, 0x0, 0x0, 0x0, 0x0, 0x0,
    0x0, 0x0, 0x0,

    /* U+F02C1 "󰋁" */
    0x0, 0x12, 0x22, 0x22, 0x22, 0x22, 0x22, 0x22,
    0x22, 0x22, 0x22, 0x0, 0x9, 0xff, 0xff, 0xff,
    0xff, 0xff, 0xff, 0xff, 0xff, 0xff, 0xff, 0xe3,
    0x4f, 0xff, 0xff, 0xff, 0xff, 0xff, 0xff, 0xff,
    0xff, 0xff, 0xff, 0xfc, 0x6f, 0xe2, 0x22, 0x27,
    0xfe, 0x22, 0x22, 0x7f, 0xe2, 0x22, 0x27, 0xfe,
    0x6f, 0xe0, 0x0, 0x6, 0xfe, 0x0, 0x0, 0x6f,
    0xe0, 0x0, 0x6, 0xfe, 0x6f, 0xe0, 0x0, 0x6,
    0xfe, 0x0, 0x0, 0x6f, 0xe0, 0x0, 0x6, 0xfe,
    0x6f, 0xe0, 0x0, 0x6, 0xfe, 0x0, 0x0, 0x6f,
    0xe0, 0x0, 0x6, 0xfe, 0x6f, 0xe2, 0x22, 0x27,
    0xfe, 0x22, 0x22, 0x7f, 0xe2, 0x22, 0x27, 0xfe,
    0x6f, 0xff, 0xff, 0xff, 0xff, 0xff, 0xff, 0xff,
    0xff, 0xff, 0xff, 0xfe, 0x6f, 0xff, 0xff, 0xff,
    0xff, 0xff, 0xff, 0xff, 0xff, 0xff, 0xff, 0xfe,
    0x6f, 0xe2, 0x22, 0x27, 0xfe, 0x22, 0x22, 0x7f,
    0xe2, 0x22, 0x27, 0xfe, 0x6f, 0xe0, 0x0, 0x6,
    0xfe, 0x0, 0x0, 0x6f, 0xe0, 0x0, 0x6, 0xfe,
    0x6f, 0xe0, 0x0, 0x6, 0xfe, 0x0, 0x0, 0x6f,
    0xe0, 0x0, 0x6, 0xfe, 0x6f, 0xe0, 0x0, 0x6,
    0xfe, 0x0, 0x0, 0x6f, 0xe0, 0x0, 0x6, 0xfe,
    0x6f, 0xe2, 0x22, 0x27, 0xfe, 0x22, 0x22, 0x7f,
    0xe2, 0x22, 0x27, 0xfe, 0x6f, 0xff, 0xff, 0xff,
    0xff, 0xff, 0xff, 0xff, 0xff, 0xff, 0xff, 0xfe,
    0x6f, 0xff, 0xff, 0xff, 0xff, 0xff, 0xff, 0xff,
    0xff, 0xff, 0xff, 0xfe, 0x6f, 0xe2, 0x22, 0x27,
    0xfe, 0x22, 0x22, 0x7f, 0xe2, 0x22, 0x27, 0xfe,
    0x6f, 0xe0, 0x0, 0x6, 0xfe, 0x0, 0x0, 0x6f,
    0xe0, 0x0, 0x6, 0xfe, 0x6f, 0xe0, 0x0, 0x6,
    0xfe, 0x0, 0x0, 0x6f, 0xe0, 0x0, 0x6, 0xfe,
    0x6f, 0xe0, 0x0, 0x6, 0xfe, 0x0, 0x0, 0x6f,
    0xe0, 0x0, 0x6, 0xfe, 0x6f, 0xe2, 0x22, 0x27,
    0xfe, 0x22, 0x22, 0x7f, 0xe2, 0x22, 0x27, 0xfe,
    0x4f, 0xff, 0xff, 0xff, 0xff, 0xff, 0xff, 0xff,
    0xff, 0xff, 0xff, 0xfc, 0x9, 0xff, 0xff, 0xff,
    0xff, 0xff, 0xff, 0xff, 0xff, 0xff, 0xff, 0xe3,
    0x0, 0x12, 0x22, 0x22, 0x22, 0x22, 0x22, 0x22,
    0x22, 0x22, 0x22, 0x0,

    /* U+F02DC "󰋜" */
    0x0, 0x0, 0x0, 0x0, 0x0, 0x8, 0x80, 0x0,
    0x0, 0x0, 0x0, 0x0, 0x0, 0x0, 0x0, 0x0,
    0x0, 0xaf, 0xfa, 0x0, 0x0, 0x0, 0x0, 0x0,
    0x0, 0x0, 0x0, 0x0, 0xb, 0xff, 0xff, 0xb0,
    0x0, 0x0, 0x0, 0x0, 0x0, 0x0, 0x0, 0x1,
    0xcf, 0xff, 0xff, 0xfc, 0x10, 0x0, 0x0, 0x0,
    0x0, 0x0, 0x0, 0x1d, 0xff, 0xff, 0xff, 0xff,
    0xd1, 0x0, 0x0, 0x0, 0x0, 0x0, 0x2, 0xef,
    0xff, 0xff, 0xff, 0xff, 0xfe, 0x20, 0x0, 0x0,
    0x0, 0x0, 0x3e, 0xff, 0xff, 0xff, 0xff, 0xff,
    0xff, 0xe3, 0x0, 0x0, 0x0, 0x4, 0xff, 0xff,
    0xff, 0xff, 0xff, 0xff, 0xff, 0xff, 0x40, 0x0,
    0x0, 0x6f, 0xff, 0xff, 0xff, 0xff, 0xff, 0xff,
    0xff, 0xff, 0xf6, 0x0, 0x7, 0xff, 0xff, 0xff,
    0xff, 0xff, 0xff, 0xff, 0xff, 0xff, 0xff, 0x70,
    0x27, 0x78, 0xff, 0xff, 0xff, 0xff, 0xff, 0xff,
    0xff, 0xff, 0x87, 0x72, 0x0, 0x1, 0xff, 0xff,
    0xff, 0xff, 0xff, 0xff, 0xff, 0xff, 0x10, 0x0,
    0x0, 0x1, 0xff, 0xff, 0xff, 0xdd, 0xdd, 0xff,
    0xff, 0xff, 0x10, 0x0, 0x0, 0x1, 0xff, 0xff,
    0xfb, 0x0, 0x0, 0xbf, 0xff, 0xff, 0x10, 0x0,
    0x0, 0x1, 0xff, 0xff, 0xfb, 0x0, 0x0, 0xbf,
    0xff, 0xff, 0x10, 0x0, 0x0, 0x1, 0xff, 0xff,
    0xfb, 0x0, 0x0, 0xbf, 0xff, 0xff, 0x10, 0x0,
    0x0, 0x1, 0xff, 0xff, 0xfb, 0x0, 0x0, 0xbf,
    0xff, 0xff, 0x10, 0x0, 0x0, 0x1, 0xff, 0xff,
    0xfb, 0x0, 0x0, 0xbf, 0xff, 0xff, 0x10, 0x0,
    0x0, 0x1, 0xff, 0xff, 0xfb, 0x0, 0x0, 0xbf,
    0xff, 0xff, 0x10, 0x0, 0x0, 0x1, 0xdd, 0xdd,
    0xd9, 0x0, 0x0, 0x9d, 0xdd, 0xdd, 0x10, 0x0,

    /* U+F02FD "󰋽" */
    0x0, 0x0, 0x0, 0x0, 0x0, 0x1, 0x10, 0x0,
    0x0, 0x0, 0x0, 0x0, 0x0, 0x0, 0x0, 0x3,
    0x8d, 0xff, 0xff, 0xe9, 0x40, 0x0, 0x0, 0x0,
    0x0, 0x0, 0x2, 0xaf, 0xff, 0xff, 0xff, 0xff,
    0xfc, 0x40, 0x0, 0x0, 0x0, 0x0, 0x4f, 0xff,
    0xd8, 0x42, 0x24, 0x7c, 0xff, 0xf7, 0x0, 0x0,
    0x0, 0x5, 0xff, 0xf6, 0x0, 0x0, 0x0, 0x0,
    0x4e, 0xff, 0x90, 0x0, 0x0, 0x3f, 0xfd, 0x20,
    0x0, 0x0, 0x0, 0x0, 0x1, 0xbf, 0xf6, 0x0,
    0x0, 0xdf, 0xe1, 0x0, 0x0, 0x5, 0x51, 0x0,
    0x0, 0xc, 0xff, 0x10, 0x5, 0xff, 0x40, 0x0,
    0x0, 0xf, 0xf4, 0x0, 0x0, 0x1, 0xef, 0x90,
    0xc, 0xfa, 0x0, 0x0, 0x0, 0xf, 0xf4, 0x0,
    0x0, 0x0, 0x7f, 0xf0, 0x1f, 0xf4, 0x0, 0x0,
    0x0, 0x0, 0x0, 0x0, 0x0, 0x0, 0x1f, 0xf5,
    0x5f, 0xf0, 0x0, 0x0, 0x0, 0x0, 0x0, 0x0,
    0x0, 0x0, 0xc, 0xf9, 0x6f, 0xd0, 0x0, 0x0,
    0x0, 0xd, 0xd3, 0x0, 0x0, 0x0, 0x9, 0xfa,
    0x8f, 0xc0, 0x0, 0x0, 0x0, 0xf, 0xf4, 0x0,
    0x0, 0x0, 0x8, 0xfb, 0x6f, 0xd0, 0x0, 0x0,
    0x0, 0xf, 0xf4, 0x0, 0x0, 0x0, 0x9, 0xfa,
    0x5f, 0xf0, 0x0, 0x0, 0x0, 0xf, 0xf4, 0x0,
    0x0, 0x0, 0xc, 0xf9, 0x1f, 0xf4, 0x0, 0x0,
    0x0, 0xf, 0xf4, 0x0, 0x0, 0x0, 0x1f, 0xf5,
    0xc, 0xfa, 0x0, 0x0, 0x0, 0xf, 0xf4, 0x0,
    0x0, 0x0, 0x7f, 0xf0, 0x5, 0xff, 0x40, 0x0,
    0x0, 0xf, 0xf4, 0x0, 0x0, 0x1, 0xef, 0x90,
    0x0, 0xdf, 0xe1, 0x0, 0x0, 0x1, 0x10, 0x0,
    0x0, 0xc, 0xff, 0x10, 0x0, 0x3f, 0xfd, 0x20,
    0x0, 0x0, 0x0, 0x0, 0x1, 0xbf, 0xf6, 0x0,
    0x0, 0x5, 0xff, 0xf6, 0x0, 0x0, 0x0, 0x0,
    0x4e, 0xff, 0x90, 0x0, 0x0, 0x0, 0x4f, 0xff,
    0xe8, 0x43, 0x24, 0x7c, 0xff, 0xf7, 0x0, 0x0,
    0x0, 0x0, 0x2, 0xaf, 0xff, 0xff, 0xff, 0xff,
    0xfc, 0x30, 0x0, 0x0, 0x0, 0x0, 0x0, 0x3,
    0x8d, 0xff, 0xff, 0xe9, 0x40, 0x0, 0x0, 0x0,
    0x0, 0x0, 0x0, 0x0, 0x0, 0x1, 0x10, 0x0,
    0x0, 0x0, 0x0, 0x0,

    /* U+F030C "󰌌" */
    0x2, 0x78, 0x88, 0x88, 0x88, 0x88, 0x88, 0x88,
    0x88, 0x88, 0x87, 0x20, 0x2f, 0xff, 0xff, 0xff,
    0xff, 0xff, 0xff, 0xff, 0xff, 0xff, 0xff, 0xf2,
    0x8f, 0xff, 0xff, 0xff, 0xff, 0xff, 0xff, 0xff,
    0xff, 0xff, 0xff, 0xf8, 0x9f, 0xff, 0xff, 0xff,
    0xff, 0xff, 0xff, 0xff, 0xff, 0xff, 0xff, 0xf9,
    0x9f, 0xfe, 0x0, 0xe4, 0x4, 0xe0, 0xe, 0x40,
    0x4e, 0x0, 0xef, 0xf9, 0x9f, 0xfe, 0x0, 0xe4,
    0x4, 0xe0, 0xe, 0x40, 0x4e, 0x0, 0xef, 0xf9,
    0x9f, 0xff, 0xff, 0xff, 0xff, 0xff, 0xff, 0xff,
    0xff, 0xff, 0xff, 0xf9, 0x9f, 0xff, 0x33, 0xf7,
    0x37, 0xf3, 0x3f, 0x73, 0x7f, 0x33, 0xff, 0xf9,
    0x9f, 0xfe, 0x0, 0xe4, 0x4, 0xe0, 0xe, 0x40,
    0x4e, 0x0, 0xef, 0xf9, 0x9f, 0xff, 0x55, 0xf8,
    0x58, 0xf5, 0x5f, 0x85, 0x8f, 0x55, 0xff, 0xf9,
    0x9f, 0xff, 0xff, 0xff, 0xff, 0xff, 0xff, 0xff,
    0xff, 0xff, 0xff, 0xf9, 0x9f, 0xff, 0xff, 0xff,
    0xff, 0xff, 0xff, 0xff, 0xff, 0xff, 0xff, 0xf9,
    0x9f, 0xff, 0xff, 0xf4, 0x0, 0x0, 0x0, 0x0,
    0x4f, 0xff, 0xff, 0xf9, 0x9f, 0xff, 0xff, 0xf4,
    0x0, 0x0, 0x0, 0x0, 0x4f, 0xff, 0xff, 0xf9,
    0x8f, 0xff, 0xff, 0xfe, 0xdd, 0xdd, 0xdd, 0xdd,
    0xef, 0xff, 0xff, 0xf8, 0x2e, 0xff, 0xff, 0xff,
    0xff, 0xff, 0xff, 0xff, 0xff, 0xff, 0xff, 0xe2,
    0x1, 0x66, 0x66, 0x66, 0x66, 0x66, 0x66, 0x66,
    0x66, 0x66, 0x66, 0x10,

    /* U+F0336 "󰌶" */
    0x0, 0x0, 0x0, 0x0, 0x12, 0x0, 0x0, 0x0,
    0x0, 0x0, 0x0, 0x5, 0xbf, 0xff, 0xfc, 0x60,
    0x0, 0x0, 0x0, 0x1, 0xbf, 0xff, 0xff, 0xff,
    0xfd, 0x20, 0x0, 0x0, 0x1d, 0xff, 0xc6, 0x33,
    0x5b, 0xff, 0xf3, 0x0, 0x0, 0xbf, 0xf6, 0x0,
    0x0, 0x0, 0x4e, 0xfe, 0x10, 0x5, 0xff, 0x60,
    0x0, 0x0, 0x0, 0x3, 0xff, 0x90, 0xc, 0xfc,
    0x0, 0x0, 0x0, 0x0, 0x0, 0x8f, 0xf0, 0xf,
    0xf6, 0x0, 0x0, 0x0, 0x0, 0x0, 0x2f, 0xf3,
    0x1f, 0xf3, 0x0, 0x0, 0x0, 0x0, 0x0, 0xf,
    0xf5, 0x1f, 0xf3, 0x0, 0x0, 0x0, 0x0, 0x0,
    0xf, 0xf4, 0xf, 0xf6, 0x0, 0x0, 0x0, 0x0,
    0x0, 0x2f, 0xf2, 0xa, 0xfc, 0x0, 0x0, 0x0,
    0x0, 0x0, 0x9f, 0xe0, 0x3, 0xff, 0x80, 0x0,
    0x0, 0x0, 0x4, 0xff, 0x80, 0x0, 0x9f, 0xf9,
    0x0, 0x0, 0x0, 0x4f, 0xfd, 0x0, 0x0, 0xb,
    0xff, 0xc0, 0x0, 0x5, 0xff, 0xe3, 0x0, 0x0,
    0x0, 0x9f, 0xe0, 0x0, 0x6, 0xff, 0x20, 0x0,
    0x0, 0x0, 0x6f, 0xe0, 0x0, 0x6, 0xfe, 0x0,
    0x0, 0x0, 0x0, 0x6f, 0xff, 0xff, 0xff, 0xfe,
    0x0, 0x0, 0x0, 0x0, 0x5f, 0xff, 0xff, 0xff,
    0xfc, 0x0, 0x0, 0x0, 0x0, 0x5, 0x66, 0x66,
    0x66, 0x62, 0x0, 0x0, 0x0, 0x0, 0x0, 0x0,
    0x0, 0x0, 0x0, 0x0, 0x0, 0x0, 0x0, 0x0,
    0x22, 0x22, 0x22, 0x10, 0x0, 0x0, 0x0, 0x0,
    0x4, 0xff, 0xff, 0xff, 0xb0, 0x0, 0x0, 0x0,
    0x0, 0x2, 0xff, 0xff, 0xff, 0x80, 0x0, 0x0,
    0x0, 0x0, 0x0, 0x12, 0x22, 0x22, 0x0, 0x0,
    0x0,

    /* U+F0374 "󰍴" */
    0x1e, 0xee, 0xee, 0xee, 0xee, 0xee, 0xee, 0xee,
    0xe2, 0x2f, 0xff, 0xff, 0xff, 0xff, 0xff, 0xff,
    0xff, 0xf2, 0x6, 0x66, 0x66, 0x66, 0x66, 0x66,
    0x66, 0x66, 0x61,

    /* U+F03D8 "󰏘" */
    0x0, 0x0, 0x0, 0x6, 0xae, 0xff, 0xeb, 0x71,
    0x0, 0x0, 0x0, 0x0, 0x0, 0x6, 0xef, 0xff,
    0xff, 0xff, 0xff, 0x80, 0x0, 0x0, 0x0, 0x0,
    0x9f, 0xf8, 0x6d, 0xff, 0xf7, 0x7e, 0xfd, 0x30,
    0x0, 0x0, 0xb, 0xff, 0x90, 0x2, 0xff, 0x60,
    0x6, 0xff, 0xe2, 0x0, 0x0, 0x7f, 0xff, 0x80,
    0x2, 0xff, 0x50, 0x5, 0xff, 0xfd, 0x10, 0x3,
    0xff, 0xff, 0xf5, 0x3c, 0xff, 0xe4, 0x4d, 0xff,
    0xff, 0x80, 0xb, 0xff, 0xff, 0xff, 0xff, 0xff,
    0xff, 0xff, 0xff, 0xff, 0xf0, 0x1f, 0xf7, 0x4,
    0xff, 0xff, 0xff, 0xff, 0xff, 0x60, 0x7f, 0xf4,
    0x4f, 0xe0, 0x0, 0x9f, 0xff, 0xff, 0xff, 0xfd,
    0x0, 0xe, 0xf7, 0x7f, 0xf1, 0x0, 0xcf, 0xff,
    0xff, 0xff, 0xfe, 0x0, 0x1f, 0xf7, 0x7f, 0xfe,
    0x8c, 0xff, 0xff, 0xff, 0xff, 0xff, 0xd8, 0xdf,
    0xf5, 0x6f, 0xff, 0xff, 0xff, 0xff, 0xff, 0xff,
    0xff, 0xff, 0xff, 0xf1, 0x4f, 0xff, 0xff, 0xff,
    0xff, 0xff, 0xff, 0xff, 0xff, 0xff, 0x80, 0x1f,
    0xff, 0xff, 0xff, 0xff, 0xff, 0xff, 0xff, 0xff,
    0xfa, 0x0, 0xa, 0xff, 0xff, 0xff, 0xff, 0xff,
    0xff, 0xff, 0xfd, 0x60, 0x0, 0x3, 0xff, 0xff,
    0xff, 0xff, 0xff, 0xb3, 0x22, 0x0, 0x0, 0x0,
    0x0, 0x7f, 0xff, 0xff, 0xff, 0xff, 0x10, 0x0,
    0x0, 0x0, 0x0, 0x0, 0xb, 0xff, 0xff, 0xff,
    0xff, 0x20, 0x0, 0x0, 0x0, 0x0, 0x0, 0x0,
    0x9f, 0xff, 0xff, 0xff, 0xa0, 0x0, 0x0, 0x0,
    0x0, 0x0, 0x0, 0x5, 0xef, 0xff, 0xff, 0xc0,
    0x0, 0x0, 0x0, 0x0, 0x0, 0x0, 0x0, 0x5,
    0xad, 0xfe, 0x40, 0x0, 0x0, 0x0, 0x0,

    /* U+F03E4 "󰏤" */
    0xdd, 0xdd, 0x90, 0x0, 0x8, 0xdd, 0xdd, 0xff,
    0xff, 0xa0, 0x0, 0xa, 0xff, 0xff, 0xff, 0xff,
    0xa0, 0x0, 0xa, 0xff, 0xff, 0xff, 0xff, 0xa0,
    0x0, 0xa, 0xff, 0xff, 0xff, 0xff, 0xa0, 0x0,
    0xa, 0xff, 0xff, 0xff, 0xff, 0xa0, 0x0, 0xa,
    0xff, 0xff, 0xff, 0xff, 0xa0, 0x0, 0xa, 0xff,
    0xff, 0xff, 0xff, 0xa0, 0x0, 0xa, 0xff, 0xff,
    0xff, 0xff, 0xa0, 0x0, 0xa, 0xff, 0xff, 0xff,
    0xff, 0xa0, 0x0, 0xa, 0xff, 0xff, 0xff, 0xff,
    0xa0, 0x0, 0xa, 0xff, 0xff, 0xff, 0xff, 0xa0,
    0x0, 0xa, 0xff, 0xff, 0xff, 0xff, 0xa0, 0x0,
    0xa, 0xff, 0xff, 0xff, 0xff, 0xa0, 0x0, 0xa,
    0xff, 0xff, 0xff, 0xff, 0xa0, 0x0, 0xa, 0xff,
    0xff, 0xff, 0xff, 0xa0, 0x0, 0xa, 0xff, 0xff,
    0x66, 0x66, 0x40, 0x0, 0x4, 0x66, 0x66,

    /* U+F040A "󰐊" */
    0x20, 0x0, 0x0, 0x0, 0x0, 0x0, 0x0, 0xac,
    0x20, 0x0, 0x0, 0x0, 0x0, 0x0, 0xaf, 0xf7,
    0x0, 0x0, 0x0, 0x0, 0x0, 0xaf, 0xff, 0xd3,
    0x0, 0x0, 0x0, 0x0, 0xaf, 0xff, 0xff, 0x90,
    0x0, 0x0, 0x0, 0xaf, 0xff, 0xff, 0xfe, 0x40,
    0x0, 0x0, 0xaf, 0xff, 0xff, 0xff, 0xfa, 0x10,
    0x0, 0xaf, 0xff, 0xff, 0xff, 0xff, 0xe6, 0x0,
    0xaf, 0xff, 0xff, 0xff, 0xff, 0xff, 0xb0, 0xaf,
    0xff, 0xff, 0xff, 0xff, 0xfb, 0x10, 0xaf, 0xff,
    0xff, 0xff, 0xfe, 0x50, 0x0, 0xaf, 0xff, 0xff,
    0xff, 0x91, 0x0, 0x0, 0xaf, 0xff, 0xff, 0xd4,
    0x0, 0x0, 0x0, 0xaf, 0xff, 0xf8, 0x0, 0x0,
    0x0, 0x0, 0xaf, 0xfc, 0x30, 0x0, 0x0, 0x0,
    0x0, 0xaf, 0x70, 0x0, 0x0, 0x0, 0x0, 0x0,
    0x62, 0x0, 0x0, 0x0, 0x0, 0x0, 0x0,

    /* U+F040D "󰐍" */
    0x0, 0x0, 0x0, 0x0, 0x0, 0x1, 0x10, 0x0,
    0x0, 0x0, 0x0, 0x0, 0x0, 0x0, 0x0, 0x3,
    0x8d, 0xff, 0xff, 0xe9, 0x40, 0x0, 0x0, 0x0,
    0x0, 0x0, 0x2, 0xaf, 0xff, 0xff, 0xff, 0xff,
    0xfc, 0x40, 0x0, 0x0, 0x0, 0x0, 0x4f, 0xff,
    0xd8, 0x42, 0x24, 0x7c, 0xff, 0xf7, 0x0, 0x0,
    0x0, 0x5, 0xff, 0xf6, 0x0, 0x0, 0x0, 0x0,
    0x4e, 0xff, 0x90, 0x0, 0x0, 0x3f, 0xfd, 0x20,
    0x0, 0x0, 0x0, 0x0, 0x1, 0xbf, 0xf6, 0x0,
    0x0, 0xdf, 0xe1, 0x0, 0x0, 0x0, 0x0, 0x0,
    0x0, 0xc, 0xff, 0x10, 0x5, 0xff, 0x40, 0x0,
    0x2, 0x30, 0x0, 0x0, 0x0, 0x1, 0xef, 0x90,
    0xc, 0xfa, 0x0, 0x0, 0x3, 0xf7, 0x0, 0x0,
    0x0, 0x0, 0x7f, 0xf0, 0x1f, 0xf4, 0x0, 0x0,
    0x3, 0xff, 0xb1, 0x0, 0x0, 0x0, 0x1f, 0xf5,
    0x5f, 0xf0, 0x0, 0x0, 0x3, 0xff, 0xfe, 0x30,
    0x0, 0x0, 0xc, 0xf9, 0x6f, 0xd0, 0x0, 0x0,
    0x3, 0xff, 0xff, 0xf7, 0x0, 0x0, 0x9, 0xfa,
    0x8f, 0xc0, 0x0, 0x0, 0x3, 0xff, 0xff, 0xff,
    0x60, 0x0, 0x8, 0xfb, 0x6f, 0xd0, 0x0, 0x0,
    0x3, 0xff, 0xff, 0xf6, 0x0, 0x0, 0x9, 0xfa,
    0x5f, 0xf0, 0x0, 0x0, 0x3, 0xff, 0xfd, 0x30,
    0x0, 0x0, 0xc, 0xf9, 0x1f, 0xf4, 0x0, 0x0,
    0x3, 0xff, 0xa1, 0x0, 0x0, 0x0, 0x1f, 0xf5,
    0xc, 0xfa, 0x0, 0x0, 0x3, 0xf6, 0x0, 0x0,
    0x0, 0x0, 0x7f, 0xf0, 0x5, 0xff, 0x40, 0x0,
    0x2, 0x30, 0x0, 0x0, 0x0, 0x1, 0xef, 0x90,
    0x0, 0xdf, 0xe1, 0x0, 0x0, 0x0, 0x0, 0x0,
    0x0, 0xc, 0xff, 0x10, 0x0, 0x3f, 0xfd, 0x20,
    0x0, 0x0, 0x0, 0x0, 0x1, 0xbf, 0xf6, 0x0,
    0x0, 0x5, 0xff, 0xf6, 0x0, 0x0, 0x0, 0x0,
    0x4e, 0xff, 0x90, 0x0, 0x0, 0x0, 0x4f, 0xff,
    0xe8, 0x43, 0x24, 0x7c, 0xff, 0xf7, 0x0, 0x0,
    0x0, 0x0, 0x2, 0xaf, 0xff, 0xff, 0xff, 0xff,
    0xfc, 0x30, 0x0, 0x0, 0x0, 0x0, 0x0, 0x3,
    0x8d, 0xff, 0xff, 0xe9, 0x40, 0x0, 0x0, 0x0,
    0x0, 0x0, 0x0, 0x0, 0x0, 0x1, 0x10, 0x0,
    0x0, 0x0, 0x0, 0x0,

    /* U+F0415 "󰐕" */
    0x0, 0x0, 0x0, 0x1, 0xee, 0x20, 0x0, 0x0,
    0x0, 0x0, 0x0, 0x0, 0x2, 0xff, 0x20, 0x0,
    0x0, 0x0, 0x0, 0x0, 0x0, 0x2, 0xff, 0x20,
    0x0, 0x0, 0x0, 0x0, 0x0, 0x0, 0x2, 0xff,
    0x20, 0x0, 0x0, 0x0, 0x0, 0x0, 0x0, 0x2,
    0xff, 0x20, 0x0, 0x0, 0x0, 0x0, 0x0, 0x0,
    0x2, 0xff, 0x20, 0x0, 0x0, 0x0, 0x0, 0x0,
    0x0, 0x2, 0xff, 0x20, 0x0, 0x0, 0x0, 0x1e,
    0xee, 0xee, 0xee, 0xff, 0xee, 0xee, 0xee, 0xe2,
    0x2f, 0xff, 0xff, 0xff, 0xff, 0xff, 0xff, 0xff,
    0xf2, 0x6, 0x66, 0x66, 0x68, 0xff, 0x86, 0x66,
    0x66, 0x61, 0x0, 0x0, 0x0, 0x2, 0xff, 0x20,
    0x0, 0x0, 0x0, 0x0, 0x0, 0x0, 0x2, 0xff,
    0x20, 0x0, 0x0, 0x0, 0x0, 0x0, 0x0, 0x2,
    0xff, 0x20, 0x0, 0x0, 0x0, 0x0, 0x0, 0x0,
    0x2, 0xff, 0x20, 0x0, 0x0, 0x0, 0x0, 0x0,
    0x0, 0x2, 0xff, 0x20, 0x0, 0x0, 0x0, 0x0,
    0x0, 0x0, 0x2, 0xff, 0x20, 0x0, 0x0, 0x0,
    0x0, 0x0, 0x0, 0x0, 0x66, 0x10, 0x0, 0x0,
    0x0,

    /* U+F042B "󰐫" */
    0x0, 0x1, 0x22, 0x22, 0x22, 0x22, 0x22, 0x22,
    0x22, 0x22, 0x20, 0x0, 0x4, 0xdf, 0xff, 0xff,
    0xff, 0xff, 0xff, 0xff, 0xff, 0xff, 0xfe, 0x60,
    0x2f, 0xff, 0xff, 0xff, 0xff, 0xff, 0xff, 0xff,
    0xff, 0xff, 0xff, 0xf5, 0x8f, 0xff, 0xff, 0xff,
    0xff, 0xff, 0xff, 0xff, 0xff, 0xf7, 0x3c, 0xfc,
    0xaf, 0xff, 0xff, 0xff, 0xff, 0xff, 0xff, 0xff,
    0xff, 0xf1, 0x7, 0xfd, 0xaf, 0xff, 0xff, 0xff,
    0xff, 0xff, 0xff, 0xff, 0xff, 0xfc, 0x9f, 0xfe,
    0xaf, 0xff, 0xfa, 0xaa, 0xaa, 0xaa, 0xaa, 0xaa,
    0xaa, 0xae, 0xff, 0xfe, 0xaf, 0xff, 0xf0, 0x0,
    0x0, 0x0, 0x0, 0x0, 0x0, 0xc, 0xff, 0xfe,
    0xaf, 0xff, 0xf0, 0x0, 0x0, 0x0, 0x0, 0x0,
    0x0, 0xc, 0xff, 0xfe, 0xaf, 0xff, 0xf0, 0x0,
    0x0, 0x3, 0x30, 0x0, 0x0, 0xc, 0xff, 0xfe,
    0xaf, 0xff, 0xf0, 0x0, 0x4, 0xcf, 0xfc, 0x40,
    0x0, 0xc, 0xff, 0xfe, 0x35, 0x55, 0x50, 0x4,
    0xcf, 0xff, 0xff, 0xfc, 0x40, 0x4, 0x55, 0x54,
    0x0, 0x0, 0x4, 0xcf, 0xff, 0xc5, 0x5c, 0xff,
    0xfc, 0x40, 0x0, 0x0, 0x0, 0x0, 0xf, 0xff,
    0xe3, 0x0, 0x0, 0x3e, 0xff, 0xf0, 0x0, 0x0,
    0x0, 0x0, 0xf, 0xff, 0xfd, 0x50, 0x5, 0xdf,
    0xff, 0xf0, 0x0, 0x0, 0x0, 0x0, 0xf, 0xfe,
    0xff, 0xfc, 0xcf, 0xff, 0xef, 0xf0, 0x0, 0x0,
    0x0, 0x0, 0xf, 0xf5, 0x4c, 0xff, 0xff, 0xc4,
    0x5f, 0xf0, 0x0, 0x0, 0x0, 0x0, 0xf, 0xf5,
    0x0, 0x6f, 0xf6, 0x0, 0x5f, 0xf0, 0x0, 0x0,
    0x0, 0x0, 0xf, 0xf5, 0x0, 0x2f, 0xf2, 0x0,
    0x5f, 0xf0, 0x0, 0x0, 0x0, 0x0, 0xf, 0xfd,
    0x40, 0x2f, 0xf2, 0x4, 0xcf, 0xf0, 0x0, 0x0,
    0x0, 0x0, 0xa, 0xff, 0xfb, 0x5f, 0xf5, 0xbf,
    0xff, 0xa0, 0x0, 0x0, 0x0, 0x0, 0x0, 0x4d,
    0xff, 0xff, 0xff, 0xff, 0xd4, 0x0, 0x0, 0x0,
    0x0, 0x0, 0x0, 0x0, 0x6e, 0xff, 0xff, 0xe6,
    0x0, 0x0, 0x0, 0x0, 0x0, 0x0, 0x0, 0x0,
    0x0, 0x7e, 0xe7, 0x0, 0x0, 0x0, 0x0, 0x0,
    0x0, 0x0, 0x0, 0x0, 0x0, 0x0, 0x0, 0x0,
    0x0, 0x0, 0x0, 0x0,

    /* U+F0450 "󰑐" */
    0x0, 0x0, 0x0, 0x28, 0xbd, 0xcb, 0x72, 0x0,
    0x0, 0x13, 0x0, 0x0, 0x1a, 0xff, 0xff, 0xff,
    0xff, 0xa1, 0x1, 0xd5, 0x0, 0x3, 0xef, 0xff,
    0xb9, 0x8b, 0xff, 0xfe, 0x5d, 0xf5, 0x0, 0x2f,
    0xff, 0x70, 0x0, 0x0, 0x8, 0xff, 0xff, 0xf5,
    0x0, 0xcf, 0xe3, 0x0, 0x0, 0x0, 0x0, 0x5f,
    0xff, 0xf5, 0x6, 0xff, 0x40, 0x0, 0x0, 0x0,
    0x1, 0xdf, 0xff, 0xf5, 0xd, 0xfb, 0x0, 0x0,
    0x0, 0x0, 0x1d, 0xff, 0xff, 0xf5, 0x1f, 0xf4,
    0x0, 0x0, 0x0, 0x1, 0xdf, 0xff, 0xff, 0xf5,
    0x4f, 0xf1, 0x0, 0x0, 0x0, 0x3, 0x55, 0x55,
    0x55, 0x51, 0x5f, 0xf0, 0x0, 0x0, 0x0, 0x0,
    0x0, 0x0, 0x0, 0x0, 0x4f, 0xf1, 0x0, 0x0,
    0x0, 0x0, 0x0, 0x0, 0x0, 0x0, 0x1f, 0xf4,
    0x0, 0x0, 0x0, 0x0, 0x0, 0x0, 0x2, 0x20,
    0xd, 0xfb, 0x0, 0x0, 0x0, 0x0, 0x0, 0x0,
    0xaf, 0xc0, 0x6, 0xff, 0x40, 0x0, 0x0, 0x0,
    0x0, 0x4, 0xff, 0x60, 0x0, 0xdf, 0xe2, 0x0,
    0x0, 0x0, 0x0, 0x3e, 0xfd, 0x0, 0x0, 0x2f,
    0xff, 0x60, 0x0, 0x0, 0x7, 0xff, 0xf2, 0x0,
    0x0, 0x3, 0xef, 0xff, 0xa8, 0x8a, 0xef, 0xfe,
    0x30, 0x0, 0x0, 0x0, 0x1a, 0xff, 0xff, 0xff,
    0xff, 0xa1, 0x0, 0x0, 0x0, 0x0, 0x0, 0x28,
    0xbd, 0xdb, 0x82, 0x0, 0x0, 0x0,

    /* U+F048A "󰒊" */
    0x88, 0x10, 0x0, 0x0, 0x0, 0x0, 0x0, 0x0,
    0x0, 0x0, 0x0, 0x0, 0xa, 0xff, 0xa3, 0x0,
    0x0, 0x0, 0x0, 0x0, 0x0, 0x0, 0x0, 0x0,
    0x0, 0xaf, 0xff, 0xfc, 0x50, 0x0, 0x0, 0x0,
    0x0, 0x0, 0x0, 0x0, 0x0, 0xa, 0xff, 0xff,
    0xff, 0xe8, 0x10, 0x0, 0x0, 0x0, 0x0, 0x0,
    0x0, 0x0, 0xaf, 0xff, 0xff, 0xff, 0xff, 0xa3,
    0x0, 0x0, 0x0, 0x0, 0x0, 0x0, 0xa, 0xff,
    0xff, 0xff, 0xff, 0xff, 0xfc, 0x50, 0x0, 0x0,
    0x0, 0x0, 0x0, 0xaf, 0xff, 0xff, 0xff, 0xff,
    0xff, 0xff, 0xe8, 0x10, 0x0, 0x0, 0x0, 0xa,
    0xff, 0xff, 0xff, 0xff, 0xff, 0xff, 0xff, 0xff,
    0xa3, 0x0, 0x0, 0x0, 0x14, 0x69, 0xbd, 0xff,
    0xff, 0xff, 0xff, 0xff, 0xff, 0xfc, 0x50, 0x0,
    0x0, 0x0, 0x0, 0x0, 0x13, 0x58, 0xac, 0xef,
    0xff, 0xff, 0xff, 0xe8, 0x10, 0x0, 0x0, 0x0,
    0x0, 0x0, 0x0, 0x0, 0x15, 0xae, 0xff, 0xff,
    0xff, 0x50, 0x0, 0x0, 0x0, 0x13, 0x68, 0xac,
    0xef, 0xff, 0xff, 0xff, 0xe8, 0x10, 0x24, 0x79,
    0xbd, 0xff, 0xff, 0xff, 0xff, 0xff, 0xff, 0xfc,
    0x50, 0x0, 0xa, 0xff, 0xff, 0xff, 0xff, 0xff,
    0xff, 0xff, 0xff, 0xa3, 0x0, 0x0, 0x0, 0xaf,
    0xff, 0xff, 0xff, 0xff, 0xff, 0xff, 0xe8, 0x10,
    0x0, 0x0, 0x0, 0xa, 0xff, 0xff, 0xff, 0xff,
    0xff, 0xfc, 0x50, 0x0, 0x0, 0x0, 0x0, 0x0,
    0xaf, 0xff, 0xff, 0xff, 0xff, 0xa3, 0x0, 0x0,
    0x0, 0x0, 0x0, 0x0, 0xa, 0xff, 0xff, 0xff,
    0xe8, 0x10, 0x0, 0x0, 0x0, 0x0, 0x0, 0x0,
    0x0, 0xaf, 0xff, 0xfc, 0x50, 0x0, 0x0, 0x0,
    0x0, 0x0, 0x0, 0x0, 0x0, 0xa, 0xff, 0xa3,
    0x0, 0x0, 0x0, 0x0, 0x0, 0x0, 0x0, 0x0,
    0x0, 0x0, 0x88, 0x10, 0x0, 0x0, 0x0, 0x0,
    0x0, 0x0, 0x0, 0x0, 0x0, 0x0, 0x0,

    /* U+F0493 "󰒓" */
    0x0, 0x0, 0x0, 0x0, 0x0, 0x0, 0x0, 0x0,
    0x0, 0x0, 0x0, 0x0, 0x0, 0x0, 0x0, 0x0,
    0xd, 0xff, 0xff, 0xd0, 0x0, 0x0, 0x0, 0x0,
    0x0, 0x0, 0x0, 0x0, 0xf, 0xff, 0xff, 0xf0,
    0x0, 0x0, 0x0, 0x0, 0x0, 0x0, 0x0, 0x0,
    0x2f, 0xff, 0xff, 0xf3, 0x0, 0x0, 0x0, 0x0,
    0x0, 0x6, 0x30, 0x0, 0x8f, 0xff, 0xff, 0xf8,
    0x0, 0x3, 0x60, 0x0, 0x0, 0x5f, 0xfd, 0x7d,
    0xff, 0xff, 0xff, 0xff, 0xd7, 0xcf, 0xf5, 0x0,
    0x0, 0xef, 0xff, 0xff, 0xff, 0xff, 0xff, 0xff,
    0xff, 0xff, 0xfe, 0x0, 0x8, 0xff, 0xff, 0xff,
    0xff, 0xff, 0xff, 0xff, 0xff, 0xff, 0xff, 0x80,
    0x2f, 0xff, 0xff, 0xff, 0xff, 0xc8, 0x8c, 0xff,
    0xff, 0xff, 0xff, 0xf2, 0x2e, 0xff, 0xff, 0xff,
    0xf5, 0x0, 0x0, 0x5f, 0xff, 0xff, 0xff, 0xe2,
    0x1, 0xbf, 0xff, 0xff, 0x70, 0x0, 0x0, 0x7,
    0xff, 0xff, 0xfb, 0x10, 0x0, 0xc, 0xff, 0xff,
    0x10, 0x0, 0x0, 0x0, 0xff, 0xff, 0xc0, 0x0,
    0x0, 0xb, 0xff, 0xfe, 0x0, 0x0, 0x0, 0x0,
    0xef, 0xff, 0xb0, 0x0, 0x0, 0xc, 0xff, 0xff,
    0x10, 0x0, 0x0, 0x0, 0xff, 0xff, 0xc0, 0x0,
    0x1, 0xbf, 0xff, 0xff, 0x70, 0x0, 0x0, 0x7,
    0xff, 0xff, 0xfb, 0x10, 0x2e, 0xff, 0xff, 0xff,
    0xf6, 0x0, 0x0, 0x5f, 0xff, 0xff, 0xff, 0xe2,
    0x2f, 0xff, 0xff, 0xff, 0xff, 0xc8, 0x8c, 0xff,
    0xff, 0xff, 0xff, 0xf2, 0x8, 0xff, 0xff, 0xff,
    0xff, 0xff, 0xff, 0xff, 0xff, 0xff, 0xff, 0x80,
    0x0, 0xef, 0xff, 0xff, 0xff, 0xff, 0xff, 0xff,
    0xff, 0xff, 0xfe, 0x0, 0x0, 0x5f, 0xfc, 0x7d,
    0xff, 0xff, 0xff, 0xff, 0xd7, 0xcf, 0xf5, 0x0,
    0x0, 0x6, 0x30, 0x0, 0x8f, 0xff, 0xff, 0xf8,
    0x0, 0x3, 0x60, 0x0, 0x0, 0x0, 0x0, 0x0,
    0x2f, 0xff, 0xff, 0xf3, 0x0, 0x0, 0x0, 0x0,
    0x0, 0x0, 0x0, 0x0, 0xf, 0xff, 0xff, 0xf0,
    0x0, 0x0, 0x0, 0x0, 0x0, 0x0, 0x0, 0x0,
    0xd, 0xff, 0xff, 0xd0, 0x0, 0x0, 0x0, 0x0,
    0x0, 0x0, 0x0, 0x0, 0x0, 0x0, 0x0, 0x0,
    0x0, 0x0, 0x0, 0x0,

    /* U+F04C5 "󰓅" */
    0x0, 0x0, 0x0, 0x1, 0x6a, 0xdf, 0xfe, 0xb7,
    0x20, 0x0, 0x0, 0x0, 0x0, 0x0, 0x0, 0x8f,
    0xff, 0xff, 0xff, 0xff, 0xf6, 0x0, 0x0, 0x0,
    0x0, 0x0, 0x2d, 0xff, 0xfb, 0x86, 0x67, 0xad,
    0x50, 0x0, 0x34, 0x0, 0x0, 0x3, 0xff, 0xf9,
    0x10, 0x0, 0x0, 0x0, 0x0, 0x1a, 0xd0, 0x0,
    0x0, 0x2e, 0xff, 0x50, 0x0, 0x0, 0x0, 0x0,
    0x7, 0xff, 0x40, 0x0, 0x0, 0xcf, 0xf3, 0x0,
    0x0, 0x0, 0x0, 0x5, 0xef, 0xfb, 0x0, 0x0,
    0x4, 0xff, 0x60, 0x0, 0x0, 0x0, 0x3, 0xcf,
    0xff, 0xf2, 0x2, 0x80, 0xb, 0xfc, 0x0, 0x0,
    0x0, 0x1, 0x9f, 0xff, 0xff, 0x80, 0xb, 0xf0,
    0x1f, 0xf5, 0x0, 0x0, 0x0, 0x6e, 0xff, 0xff,
    0xfe, 0x0, 0x1f, 0xf4, 0x4f, 0xf0, 0x0, 0x0,
    0x9, 0xff, 0xff, 0xff, 0xf6, 0x0, 0xd, 0xf8,
    0x6f, 0xd0, 0x0, 0x0, 0x2f, 0xff, 0xff, 0xff,
    0xc0, 0x0, 0xa, 0xfb, 0x8f, 0xc0, 0x0, 0x0,
    0x5f, 0xff, 0xff, 0xff, 0x30, 0x0, 0x8, 0xfb,
    0x7f, 0xd0, 0x0, 0x0, 0x4f, 0xff, 0xff, 0xfa,
    0x0, 0x0, 0x9, 0xfa, 0x5f, 0xf0, 0x0, 0x0,
    0xd, 0xff, 0xff, 0xe1, 0x0, 0x0, 0xb, 0xf9,
    0x2f, 0xf4, 0x0, 0x0, 0x1, 0xbf, 0xfd, 0x30,
    0x0, 0x0, 0xf, 0xf6, 0xd, 0xfa, 0x0, 0x0,
    0x0, 0x0, 0x10, 0x0, 0x0, 0x0, 0x6f, 0xf1,
    0x7, 0xff, 0x20, 0x0, 0x0, 0x0, 0x0, 0x0,
    0x0, 0x0, 0xef, 0xa0, 0x0, 0xef, 0xd0, 0x0,
    0x0, 0x0, 0x0, 0x0, 0x0, 0xa, 0xff, 0x20,
    0x0, 0x4f, 0xfa, 0x0, 0x0, 0x0, 0x0, 0x0,
    0x0, 0x6f, 0xf8, 0x0, 0x0, 0x7, 0xfb, 0x0,
    0x0, 0x0, 0x0, 0x0, 0x0, 0x7f, 0xb0, 0x0,
    0x0, 0x0, 0x20, 0x0, 0x0, 0x0, 0x0, 0x0,
    0x0, 0x2, 0x0, 0x0,

    /* U+F050F "󰔏" */
    0x0, 0x0, 0x0, 0x11, 0x0, 0x0, 0x0, 0x0,
    0x0, 0x2c, 0xff, 0xc2, 0x0, 0x0, 0x0, 0x0,
    0xdf, 0xff, 0xfd, 0x0, 0x0, 0x0, 0x4, 0xff,
    0x55, 0xff, 0x40, 0x0, 0x0, 0x6, 0xfe, 0x0,
    0xef, 0x60, 0x0, 0x0, 0x6, 0xfe, 0x0, 0xef,
    0x60, 0x0, 0x0, 0x6, 0xfe, 0x0, 0xef, 0x60,
    0x0, 0x0, 0x6, 0xfe, 0x22, 0xef, 0x60, 0x0,
    0x0, 0x6, 0xff, 0xff, 0xff, 0x60, 0x0, 0x0,
    0x6, 0xff, 0xff, 0xff, 0x60, 0x0, 0x0, 0x6,
    0xff, 0xff, 0xff, 0x60, 0x0, 0x0, 0x6, 0xff,
    0xff, 0xff, 0x60, 0x0, 0x0, 0x6, 0xff, 0xff,
    0xff, 0x60, 0x0, 0x0, 0x8, 0xff, 0xff, 0xff,
    0x70, 0x0, 0x0, 0x4f, 0xff, 0xff, 0xff, 0xf4,
    0x0, 0x0, 0xef, 0xff, 0xff, 0xff, 0xfe, 0x0,
    0x7, 0xff, 0xff, 0xff, 0xff, 0xff, 0x60, 0xb,
    0xff, 0xff, 0xff, 0xff, 0xff, 0xa0, 0xc, 0xff,
    0xff, 0xff, 0xff, 0xff, 0xb0, 0xa, 0xff, 0xff,
    0xff, 0xff, 0xff, 0x90, 0x4, 0xff, 0xff, 0xff,
    0xff, 0xff, 0x40, 0x0, 0xcf, 0xff, 0xff, 0xff,
    0xfb, 0x0, 0x0, 0x1d, 0xff, 0xff, 0xff, 0xd1,
    0x0, 0x0, 0x0, 0x8e, 0xff, 0xe8, 0x0, 0x0,
    0x0, 0x0, 0x0, 0x11, 0x0, 0x0, 0x0,

    /* U+F051F "󰔟" */
    0x22, 0x22, 0x22, 0x22, 0x22, 0x22, 0x22, 0xff,
    0xff, 0xff, 0xff, 0xff, 0xff, 0xff, 0xff, 0xff,
    0xff, 0xff, 0xff, 0xff, 0xff, 0xff, 0x72, 0x22,
    0x22, 0x22, 0x26, 0xff, 0xff, 0x50, 0x0, 0x0,
    0x0, 0x5, 0xff, 0xff, 0x50, 0x18, 0x88, 0x84,
    0x5, 0xff, 0xff, 0x50, 0xd, 0xff, 0xf6, 0x5,
    0xff, 0xff, 0xa0, 0x1, 0xdf, 0x70, 0x9, 0xff,
    0x5f, 0xf9, 0x0, 0x16, 0x0, 0x9f, 0xf6, 0x4,
    0xff, 0x90, 0x0, 0x9, 0xff, 0x60, 0x0, 0x4f,
    0xf9, 0x0, 0x9f, 0xf7, 0x0, 0x0, 0x3, 0xff,
    0x99, 0xff, 0x80, 0x0, 0x0, 0x0, 0x6f, 0xff,
    0xfc, 0x0, 0x0, 0x0, 0x3, 0xff, 0xc6, 0xff,
    0x80, 0x0, 0x0, 0x4f, 0xfb, 0x0, 0x6f, 0xf7,
    0x0, 0x4, 0xff, 0xb0, 0x0, 0x7, 0xff, 0x60,
    0x5f, 0xfa, 0x0, 0x0, 0x0, 0x8f, 0xf6, 0xff,
    0xa0, 0x0, 0x0, 0x0, 0x9, 0xff, 0xff, 0x50,
    0x0, 0x0, 0x0, 0x5, 0xff, 0xff, 0x50, 0x0,
    0x0, 0x0, 0x5, 0xff, 0xff, 0x50, 0x0, 0x0,
    0x0, 0x5, 0xff, 0xff, 0x72, 0x22, 0x22, 0x22,
    0x27, 0xff, 0xff, 0xff, 0xff, 0xff, 0xff, 0xff,
    0xff, 0xff, 0xff, 0xff, 0xff, 0xff, 0xff, 0xff,
    0x22, 0x22, 0x22, 0x22, 0x22, 0x22, 0x22,

    /* U+F058C "󰖌" */
    0x0, 0x0, 0x0, 0x33, 0x0, 0x0, 0x0, 0x0,
    0x0, 0x1, 0xee, 0x10, 0x0, 0x0, 0x0, 0x0,
    0xc, 0xff, 0xc0, 0x0, 0x0, 0x0, 0x0, 0x8f,
    0xff, 0xf8, 0x0, 0x0, 0x0, 0x4, 0xff, 0xff,
    0xff, 0x40, 0x0, 0x0, 0xe, 0xff, 0xff, 0xff,
    0xe0, 0x0, 0x0, 0x9f, 0xff, 0xff, 0xff, 0xf9,
    0x0, 0x2, 0xff, 0xff, 0xff, 0xff, 0xff, 0x20,
    0xb, 0xff, 0xff, 0xff, 0xff, 0xff, 0xb0, 0x2f,
    0xff, 0xff, 0xff, 0xff, 0xff, 0xf2, 0x8f, 0xff,
    0xff, 0xff, 0xff, 0xff, 0xf8, 0xdf, 0xff, 0xff,
    0xff, 0xff, 0xff, 0xfd, 0xff, 0xff, 0xff, 0xff,
    0xff, 0xff, 0xff, 0xef, 0xff, 0xff, 0xff, 0xff,
    0xff, 0xfe, 0xcf, 0xff, 0xff, 0xff, 0xff, 0xff,
    0xfc, 0x6f, 0xff, 0xff, 0xff, 0xff, 0xff, 0xf6,
    0xe, 0xff, 0xff, 0xff, 0xff, 0xff, 0xd0, 0x3,
    0xff, 0xff, 0xff, 0xff, 0xff, 0x30, 0x0, 0x2d,
    0xff, 0xff, 0xff, 0xd2, 0x0, 0x0, 0x0, 0x5a,
    0xcc, 0xa5, 0x0, 0x0,

    /* U+F058E "󰖎" */
    0x0, 0x0, 0x0, 0x33, 0x0, 0x0, 0x0, 0x0,
    0x0, 0x1, 0xee, 0x10, 0x0, 0x0, 0x0, 0x0,
    0xc, 0xff, 0xc0, 0x0, 0x0, 0x0, 0x0, 0x8f,
    0xff, 0xf9, 0x0, 0x0, 0x0, 0x4, 0xff, 0xff,
    0xff, 0x40, 0x0, 0x0, 0xe, 0xff, 0xff, 0xff,
    0xe0, 0x0, 0x0, 0x9f, 0xff, 0xff, 0xff, 0xf9,
    0x0, 0x2, 0xff, 0xff, 0xff, 0xff, 0xff, 0x20,
    0xb, 0xf8, 0x3b, 0xff, 0xf8, 0xbf, 0xb0, 0x2f,
    0xf0, 0x3, 0xff, 0x80, 0x2f, 0xf2, 0x8f, 0xf4,
    0x8, 0xf8, 0x2, 0xef, 0xf8, 0xdf, 0xff, 0xff,
    0x80, 0x2e, 0xff, 0xfc, 0xff, 0xff, 0xf8, 0x2,
    0xef, 0xff, 0xff, 0xef, 0xff, 0x80, 0x2e, 0xd7,
    0xbf, 0xfe, 0xcf, 0xf8, 0x2, 0xef, 0x40, 0xf,
    0xfc, 0x6f, 0xf4, 0x2e, 0xff, 0x50, 0x1f, 0xf6,
    0xe, 0xff, 0xef, 0xff, 0xfb, 0xef, 0xd0, 0x3,
    0xff, 0xff, 0xff, 0xff, 0xff, 0x30, 0x0, 0x2d,
    0xff, 0xff, 0xff, 0xd2, 0x0, 0x0, 0x0, 0x5a,
    0xcc, 0xa5, 0x0, 0x0,

    /* U+F05A9 "󰖩" */
    0x0, 0x0, 0x0, 0x4, 0x8b, 0xde, 0xff, 0xed,
    0xb8, 0x40, 0x0, 0x0, 0x0, 0x0, 0x0, 0x28,
    0xff, 0xff, 0xff, 0xff, 0xff, 0xff, 0xff, 0x82,
    0x0, 0x0, 0x0, 0x2b, 0xff, 0xff, 0xff, 0xff,
    0xff, 0xff, 0xff, 0xff, 0xff, 0xb2, 0x0, 0x7,
    0xff, 0xff, 0xff, 0xfe, 0xb9, 0x88, 0x9b, 0xef,
    0xff, 0xff, 0xff, 0x70, 0x4f, 0xff, 0xff, 0xc6,
    0x20, 0x0, 0x0, 0x0, 0x2, 0x6c, 0xff, 0xff,
    0xf4, 0x9, 0xff, 0xb3, 0x0, 0x0, 0x0, 0x0,
    0x0, 0x0, 0x0, 0x3b, 0xff, 0x90, 0x0, 0xc5,
    0x0, 0x0, 0x0, 0x0, 0x0, 0x0, 0x0, 0x0,
    0x0, 0x5c, 0x0, 0x0, 0x0, 0x0, 0x0, 0x38,
    0xbe, 0xff, 0xeb, 0x83, 0x0, 0x0, 0x0, 0x0,
    0x0, 0x0, 0x0, 0x5d, 0xff, 0xff, 0xff, 0xff,
    0xff, 0xd6, 0x0, 0x0, 0x0, 0x0, 0x0, 0x2c,
    0xff, 0xff, 0xff, 0xff, 0xff, 0xff, 0xff, 0xc2,
    0x0, 0x0, 0x0, 0x0, 0xd, 0xff, 0xff, 0xd9,
    0x88, 0x9d, 0xff, 0xff, 0xd0, 0x0, 0x0, 0x0,
    0x0, 0x2, 0xff, 0x81, 0x0, 0x0, 0x0, 0x18,
    0xff, 0x20, 0x0, 0x0, 0x0, 0x0, 0x0, 0x42,
    0x0, 0x0, 0x0, 0x0, 0x0, 0x14, 0x0, 0x0,
    0x0, 0x0, 0x0, 0x0, 0x0, 0x0, 0x0, 0x0,
    0x0, 0x0, 0x0, 0x0, 0x0, 0x0, 0x0, 0x0,
    0x0, 0x0, 0x1, 0x8d, 0xff, 0xd8, 0x10, 0x0,
    0x0, 0x0, 0x0, 0x0, 0x0, 0x0, 0x0, 0xe,
    0xff, 0xff, 0xff, 0xe0, 0x0, 0x0, 0x0, 0x0,
    0x0, 0x0, 0x0, 0x0, 0x6, 0xff, 0xff, 0xff,
    0x60, 0x0, 0x0, 0x0, 0x0, 0x0, 0x0, 0x0,
    0x0, 0x0, 0xaf, 0xff, 0xfa, 0x0, 0x0, 0x0,
    0x0, 0x0, 0x0, 0x0, 0x0, 0x0, 0x0, 0xd,
    0xff, 0xd0, 0x0, 0x0, 0x0, 0x0, 0x0, 0x0,
    0x0, 0x0, 0x0, 0x0, 0x2, 0xff, 0x20, 0x0,
    0x0, 0x0, 0x0, 0x0, 0x0, 0x0, 0x0, 0x0,
    0x0, 0x0, 0x66, 0x0, 0x0, 0x0, 0x0, 0x0,
    0x0,

    /* U+F05BD "󰖽" */
    0x0, 0x13, 0x33, 0x0, 0x0, 0x0, 0x0, 0x3,
    0x30, 0x0, 0x0, 0x5f, 0xff, 0xfe, 0x30, 0x0,
    0x0, 0x1, 0xff, 0x30, 0x0, 0xe, 0xff, 0xff,
    0xfc, 0x0, 0x0, 0x0, 0x1f, 0xf3, 0x0, 0x1,
    0xff, 0x51, 0x7f, 0xe0, 0x0, 0x0, 0x1, 0xff,
    0x30, 0x0, 0x1f, 0xf3, 0x6, 0xfe, 0x0, 0x0,
    0x0, 0x1f, 0xf3, 0x0, 0x1, 0xff, 0xa9, 0xcf,
    0xe0, 0x0, 0x0, 0x1, 0xff, 0x30, 0x0, 0x1f,
    0xff, 0xff, 0xfe, 0x0, 0x0, 0x0, 0x1f, 0xf3,
    0x0, 0x1, 0xff, 0xff, 0xff, 0xe0, 0x0, 0x0,
    0x1, 0xff, 0x30, 0x0, 0x1f, 0xf3, 0x6, 0xfe,
    0x0, 0x0, 0x0, 0x1f, 0xf3, 0x0, 0x1, 0xff,
    0x30, 0x6f, 0xe0, 0x0, 0x0, 0x1, 0xff, 0x30,
    0x0, 0x5, 0x51, 0x2, 0x55, 0x0, 0x0, 0x0,
    0x1f, 0xf3, 0x0, 0x0, 0x0, 0x0, 0x0, 0x0,
    0x0, 0x0, 0x1, 0xff, 0x30, 0x0, 0x5, 0x55,
    0x55, 0x55, 0x0, 0x0, 0x0, 0x1f, 0xf3, 0x0,
    0x1, 0xff, 0xff, 0xff, 0xe0, 0x0, 0x0, 0x1,
    0xff, 0x30, 0x0, 0x1f, 0xff, 0xff, 0xfe, 0x0,
    0x0, 0x0, 0x1f, 0xf3, 0x0, 0x0, 0x0, 0x9,
    0xff, 0x80, 0x0, 0x0, 0x1, 0xff, 0x30, 0x0,
    0x0, 0x7, 0xff, 0xa0, 0x0, 0x0, 0x0, 0x1f,
    0xf3, 0x0, 0x0, 0x4, 0xff, 0xc0, 0x0, 0x0,
    0x2a, 0xaa, 0xff, 0xba, 0xa4, 0x2, 0xff, 0xe1,
    0x0, 0x0, 0x0, 0x6f, 0xff, 0xff, 0xf9, 0x0,
    0xdf, 0xf8, 0x55, 0x50, 0x0, 0x0, 0x6f, 0xff,
    0xf9, 0x0, 0x1f, 0xff, 0xff, 0xfe, 0x0, 0x0,
    0x0, 0x6f, 0xf9, 0x0, 0x1, 0xff, 0xff, 0xff,
    0xe0, 0x0, 0x0, 0x0, 0x69, 0x0, 0x0,

    /* U+F061A "󰘚" */
    0x0, 0x0, 0x11, 0x11, 0x11, 0x11, 0x11, 0x11,
    0x10, 0x0, 0x0, 0x0, 0x3, 0xff, 0xff, 0xff,
    0xff, 0xff, 0xff, 0xfc, 0x0, 0x0, 0xae, 0xee,
    0xff, 0xff, 0xff, 0xff, 0xff, 0xff, 0xff, 0xee,
    0xe3, 0xbf, 0xff, 0xff, 0xff, 0xff, 0xff, 0xff,
    0xff, 0xff, 0xff, 0xf4, 0x46, 0x68, 0xff, 0xff,
    0xff, 0xff, 0xff, 0xff, 0xfd, 0x66, 0x61, 0x0,
    0x3, 0xff, 0xff, 0xff, 0xff, 0xff, 0xff, 0xfc,
    0x0, 0x0, 0x0, 0x3, 0xff, 0xff, 0xff, 0xff,
    0xff, 0xff, 0xfc, 0x0, 0x0, 0xbf, 0xff, 0xff,
    0xff, 0xff, 0xff, 0xff, 0xff, 0xff, 0xff, 0xf4,
    0xbf, 0xff, 0xff, 0xff, 0xff, 0xff, 0xff, 0xff,
    0xff, 0xff, 0xf4, 0x35, 0x57, 0xff, 0xff, 0xff,
    0xff, 0xff, 0xff, 0xfd, 0x55, 0x51, 0x0, 0x3,
    0xff, 0xff, 0xff, 0xff, 0xff, 0xff, 0xfc, 0x0,
    0x0, 0x45, 0x57, 0xff, 0xff, 0xff, 0xff, 0xff,
    0xff, 0xfd, 0x55, 0x51, 0xbf, 0xff, 0xff, 0xff,
    0xff, 0xff, 0xff, 0xff, 0xff, 0xff, 0xf4, 0xbf,
    0xff, 0xff, 0xff, 0xff, 0xff, 0xff, 0xff, 0xff,
    0xff, 0xf4, 0x0, 0x3, 0xff, 0xff, 0xfa, 0x3f,
    0xd, 0x49, 0xfc, 0x0, 0x0, 0x0, 0x3, 0xff,
    0xff, 0xfa, 0x3f, 0xd, 0x49, 0xfc, 0x0, 0x0,
    0x69, 0x9a, 0xff, 0xff, 0xfa, 0x3f, 0xd, 0x49,
    0xfe, 0x99, 0x92, 0xbf, 0xff, 0xff, 0xff, 0xfc,
    0x8f, 0x6e, 0x8b, 0xff, 0xff, 0xf4, 0x8c, 0xcc,
    0xff, 0xff, 0xff, 0xff, 0xff, 0xff, 0xff, 0xcc,
    0xc3, 0x0, 0x3, 0xff, 0xff, 0xff, 0xff, 0xff,
    0xff, 0xfb, 0x0, 0x0,

    /* U+F062E "󰘮" */
    0x0, 0x0, 0x0, 0x0, 0x0, 0x0, 0x0, 0x33,
    0x10, 0x0, 0x0, 0x0, 0x0, 0x0, 0x0, 0x0,
    0x0, 0x0, 0xef, 0x60, 0x0, 0x0, 0x0, 0x0,
    0x0, 0x0, 0x0, 0x0, 0x0, 0xef, 0x60, 0x0,
    0x0, 0xad, 0xdd, 0xdd, 0xdd, 0xdd, 0xdd, 0x0,
    0xef, 0xed, 0xdd, 0xd1, 0xbf, 0xff, 0xff, 0xff,
    0xff, 0xfe, 0x0, 0xef, 0xff, 0xff, 0xf1, 0x46,
    0x66, 0x66, 0x66, 0x66, 0x66, 0x0, 0xef, 0xa6,
    0x66, 0x60, 0x0, 0x0, 0x0, 0x0, 0x0, 0x0,
    0x0, 0xef, 0x60, 0x0, 0x0, 0x0, 0x0, 0x3,
    0x30, 0x0, 0x0, 0x0, 0xbc, 0x50, 0x0, 0x0,
    0x0, 0x0, 0xf, 0xf4, 0x0, 0x0, 0x0, 0x0,
    0x0, 0x0, 0x0, 0x0, 0x0, 0xf, 0xf4, 0x0,
    0x0, 0x0, 0x0, 0x0, 0x0, 0x0, 0xad, 0xdd,
    0xef, 0xf4, 0x5, 0xdd, 0xdd, 0xdd, 0xdd, 0xdd,
    0xd1, 0xbf, 0xff, 0xff, 0xf4, 0x5, 0xff, 0xff,
    0xff, 0xff, 0xff, 0xf1, 0x46, 0x66, 0x7f, 0xf4,
    0x2, 0x66, 0x66, 0x66, 0x66, 0x66, 0x60, 0x0,
    0x0, 0xf, 0xf4, 0x0, 0x0, 0x0, 0x0, 0x0,
    0x0, 0x0, 0x0, 0x0, 0xc, 0xc3, 0x1, 0x33,
    0x0, 0x0, 0x0, 0x0, 0x0, 0x0, 0x0, 0x0,
    0x0, 0x5, 0xfe, 0x0, 0x0, 0x0, 0x0, 0x0,
    0x0, 0x0, 0x0, 0x0, 0x5, 0xfe, 0x0, 0x0,
    0x0, 0x0, 0x0, 0xad, 0xdd, 0xdd, 0xd3, 0x5,
    0xff, 0xdd, 0xdd, 0xdd, 0xdd, 0xd1, 0xbf, 0xff,
    0xff, 0xf4, 0x5, 0xff, 0xff, 0xff, 0xff, 0xff,
    0xf1, 0x46, 0x66, 0x66, 0x61, 0x5, 0xff, 0x66,
    0x66, 0x66, 0x66, 0x60, 0x0, 0x0, 0x0, 0x0,
    0x5, 0xfe, 0x0, 0x0, 0x0, 0x0, 0x0, 0x0,
    0x0, 0x0, 0x0, 0x4, 0xcb, 0x0, 0x0, 0x0,
    0x0, 0x0,

    /* U+F06A1 "󰚡" */
    0x0, 0x0, 0x0, 0x0, 0x0, 0x7, 0x70, 0x0,
    0x0, 0x0, 0x0, 0x0, 0x0, 0x0, 0x0, 0x0,
    0x0, 0x8f, 0xf8, 0x0, 0x0, 0x0, 0x0, 0x0,
    0x0, 0x0, 0x0, 0x0, 0xa, 0xff, 0xff, 0xa0,
    0x0, 0x0, 0x0, 0x0, 0x0, 0x0, 0x0, 0x0,
    0xbf, 0xfa, 0xaf, 0xfb, 0x0, 0x0, 0x0, 0x0,
    0x0, 0x0, 0x0, 0x1c, 0xff, 0x90, 0x9, 0xff,
    0xc1, 0x0, 0x0, 0x0, 0x0, 0x0, 0x2, 0xdf,
    0xf7, 0x0, 0x0, 0x7f, 0xfd, 0x20, 0x0, 0x0,
    0x0, 0x0, 0x2e, 0xff, 0x50, 0x0, 0x0, 0x5,
    0xff, 0xe3, 0x0, 0x0, 0x0, 0x4, 0xff, 0xf4,
    0x0, 0x0, 0x0, 0x0, 0x4f, 0xff, 0x40, 0x0,
    0x0, 0x5f, 0xff, 0x40, 0x0, 0x0, 0x0, 0x0,
    0x4, 0xff, 0xf5, 0x0, 0x6, 0xff, 0xff, 0x20,
    0x0, 0x0, 0x0, 0x0, 0x2, 0xff, 0xff, 0x60,
    0x29, 0x9a, 0xff, 0x20, 0x26, 0x66, 0x66, 0x62,
    0x2, 0xff, 0xa9, 0x93, 0x0, 0x2, 0xff, 0x20,
    0x6f, 0xff, 0xff, 0xf6, 0x2, 0xff, 0x20, 0x0,
    0x0, 0x2, 0xff, 0x20, 0x6f, 0xff, 0xff, 0xf6,
    0x2, 0xff, 0x20, 0x0, 0x0, 0x2, 0xff, 0x20,
    0x6f, 0xe0, 0xe, 0xf6, 0x2, 0xff, 0x20, 0x0,
    0x0, 0x2, 0xff, 0x20, 0x6f, 0xe0, 0xe, 0xf6,
    0x2, 0xff, 0x20, 0x0, 0x0, 0x2, 0xff, 0x20,
    0x6f, 0xe0, 0xe, 0xf6, 0x2, 0xff, 0x20, 0x0,
    0x0, 0x2, 0xff, 0x20, 0x6f, 0xe0, 0xe, 0xf6,
    0x2, 0xff, 0x20, 0x0, 0x0, 0x2, 0xff, 0x76,
    0xaf, 0xe0, 0xe, 0xfa, 0x67, 0xff, 0x20, 0x0,
    0x0, 0x2, 0xff, 0xff, 0xff, 0xe0, 0xe, 0xff,
    0xff, 0xff, 0x20, 0x0, 0x0, 0x2, 0xff, 0xff,
    0xff, 0xe0, 0xe, 0xff, 0xff, 0xff, 0x20, 0x0,

    /* U+F06B0 "󰚰" */
    0x0, 0x0, 0x0, 0x0, 0x0, 0x0, 0x0, 0x0,
    0x0, 0x0, 0x0, 0x0, 0x0, 0x0, 0x1, 0x69,
    0xbb, 0x96, 0x20, 0x0, 0x0, 0x16, 0x0, 0x0,
    0x2, 0xbf, 0xff, 0xff, 0xff, 0xfb, 0x30, 0x1,
    0xd9, 0x0, 0x0, 0x7f, 0xff, 0xfb, 0x99, 0xbf,
    0xff, 0xf7, 0xc, 0xf9, 0x0, 0x8, 0xff, 0xe5,
    0x0, 0x0, 0x0, 0x5e, 0xff, 0xef, 0xf9, 0x0,
    0x6f, 0xfb, 0x0, 0x0, 0x0, 0x0, 0x0, 0xbf,
    0xff, 0xf9, 0x1, 0xff, 0xc0, 0x0, 0x0, 0x21,
    0x0, 0x0, 0x9f, 0xff, 0xf9, 0x8, 0xff, 0x10,
    0x0, 0x1, 0xfa, 0x0, 0x9, 0xff, 0xff, 0xf9,
    0xe, 0xf9, 0x0, 0x0, 0x1, 0xfa, 0x0, 0x8f,
    0xff, 0xff, 0xf9, 0x2f, 0xf3, 0x0, 0x0, 0x1,
    0xfa, 0x1, 0x55, 0x55, 0x55, 0x52, 0x5f, 0xf0,
    0x0, 0x0, 0x1, 0xfa, 0x0, 0x0, 0x0, 0x0,
    0x0, 0x6f, 0xf0, 0x0, 0x0, 0x1, 0xfb, 0x0,
    0x0, 0x0, 0x5, 0x63, 0x5f, 0xf0, 0x0, 0x0,
    0x0, 0xef, 0xb2, 0x0, 0x0, 0xd, 0xf7, 0x3f,
    0xf2, 0x0, 0x0, 0x0, 0x19, 0xff, 0x80, 0x0,
    0xf, 0xf5, 0xf, 0xf7, 0x0, 0x0, 0x0, 0x0,
    0x3c, 0xf8, 0x0, 0x5f, 0xf1, 0xa, 0xfe, 0x0,
    0x0, 0x0, 0x0, 0x0, 0x61, 0x0, 0xcf, 0xb0,
    0x2, 0xff, 0x90, 0x0, 0x0, 0x0, 0x0, 0x0,
    0x7, 0xff, 0x30, 0x0, 0x8f, 0xf8, 0x0, 0x0,
    0x0, 0x0, 0x0, 0x6f, 0xfa, 0x0, 0x0, 0xb,
    0xff, 0xc3, 0x0, 0x0, 0x0, 0x1a, 0xff, 0xd0,
    0x0, 0x0, 0x0, 0xaf, 0xff, 0xc7, 0x55, 0x7b,
    0xff, 0xfc, 0x10, 0x0, 0x0, 0x0, 0x6, 0xef,
    0xff, 0xff, 0xff, 0xff, 0x70, 0x0, 0x0, 0x0,
    0x0, 0x0, 0x5, 0xad, 0xff, 0xdb, 0x61, 0x0,
    0x0, 0x0, 0x0, 0x0, 0x0, 0x0, 0x0, 0x0,
    0x0, 0x0, 0x0, 0x0, 0x0,

    /* U+F06E9 "󰛩" */
    0x0, 0x0, 0x0, 0x0, 0x0, 0x0, 0x77, 0x0,
    0x0, 0x0, 0x0, 0x0, 0x0, 0x0, 0x0, 0x0,
    0x0, 0x0, 0x1, 0xff, 0x10, 0x0, 0x0, 0x0,
    0x0, 0x0, 0x0, 0x0, 0x0, 0x0, 0x0, 0x1,
    0xff, 0x10, 0x0, 0x0, 0x0, 0x0, 0x0, 0x0,
    0x0, 0x30, 0x0, 0x0, 0x1, 0xff, 0x10, 0x0,
    0x0, 0x3, 0x0, 0x0, 0x0, 0x4, 0xf9, 0x0,
    0x0, 0x0, 0x0, 0x0, 0x0, 0x0, 0xbf, 0x40,
    0x0, 0x0, 0xa, 0xff, 0x90, 0x0, 0x0, 0x0,
    0x0, 0x0, 0xb, 0xff, 0x90, 0x0, 0x0, 0x0,
    0xaf, 0xa0, 0x0, 0x4, 0x66, 0x40, 0x0, 0xc,
    0xf9, 0x0, 0x0, 0x0, 0x0, 0x7, 0x0, 0x9,
    0xff, 0xff, 0xfe, 0x70, 0x0, 0x70, 0x0, 0x0,
    0x0, 0x0, 0x0, 0x1, 0xdf, 0xff, 0xee, 0xff,
    0xfb, 0x0, 0x0, 0x0, 0x0, 0x0, 0x0, 0x0,
    0xc, 0xff, 0x91, 0x0, 0x2a, 0xff, 0x90, 0x0,
    0x0, 0x0, 0x0, 0x0, 0x0, 0x5f, 0xf6, 0x0,
    0x0, 0x0, 0x9f, 0xf3, 0x0, 0x0, 0x0, 0x0,
    0x0, 0x0, 0xcf, 0xb0, 0x0, 0x0, 0x0, 0xd,
    0xf9, 0x0, 0x0, 0x0, 0xce, 0xe8, 0x0, 0xff,
    0x60, 0x0, 0x0, 0x0, 0x8, 0xfc, 0x0, 0x8e,
    0xec, 0xef, 0xf9, 0x0, 0xff, 0x40, 0x0, 0x0,
    0x0, 0x7, 0xfe, 0x0, 0x9f, 0xfe, 0x66, 0x63,
    0x0, 0xff, 0x60, 0x0, 0x0, 0x0, 0x9, 0xfc,
    0x0, 0x36, 0x66, 0x0, 0x0, 0x0, 0xcf, 0xc0,
    0x0, 0x0, 0x0, 0xe, 0xf9, 0x0, 0x0, 0x0,
    0x0, 0x0, 0x0, 0x5f, 0xf7, 0x0, 0x0, 0x0,
    0x9f, 0xf3, 0x0, 0x0, 0x0, 0x0, 0x0, 0x0,
    0xb, 0xff, 0xa2, 0x0, 0x3b, 0xff, 0xa0, 0x0,
    0x0, 0x0, 0x0, 0x0, 0x0, 0x1, 0xcf, 0xfe,
    0x0, 0xef, 0xfc, 0x0, 0x0, 0x0, 0x0, 0x0,
    0x0, 0x0, 0x0, 0xa, 0xfe, 0x0, 0xef, 0xa0,
    0x0, 0x0, 0x0, 0x0, 0x0, 0x0, 0x0, 0x0,
    0x7, 0xff, 0x66, 0xff, 0x60, 0x0, 0x0, 0x0,
    0x0, 0x0, 0x0, 0x0, 0x0, 0x6, 0xff, 0xff,
    0xff, 0x60, 0x0, 0x0, 0x0, 0x0, 0x0, 0x0,
    0x0, 0x0, 0x2, 0xef, 0xff, 0xfe, 0x20, 0x0,
    0x0, 0x0, 0x0, 0x0, 0x0, 0x0, 0x0, 0x0,
    0x0, 0x0, 0x0, 0x0, 0x0, 0x0, 0x0, 0x0,
    0x0, 0x0, 0x0, 0x0, 0x0, 0x4f, 0xff, 0xf4,
    0x0, 0x0, 0x0, 0x0, 0x0, 0x0, 0x0, 0x0,
    0x0, 0x0, 0x2f, 0xff, 0xf2, 0x0, 0x0, 0x0,
    0x0, 0x0, 0x0, 0x0, 0x0, 0x0, 0x0, 0x3,
    0x55, 0x30, 0x0, 0x0, 0x0, 0x0, 0x0,

    /* U+F0709 "󰜉" */
    0x0, 0x0, 0x0, 0x0, 0x5, 0x0, 0x0, 0x0,
    0x0, 0x0, 0x0, 0x0, 0x0, 0x0, 0x5f, 0x0,
    0x0, 0x0, 0x0, 0x0, 0x0, 0x0, 0x0, 0x5,
    0xff, 0x0, 0x0, 0x0, 0x0, 0x0, 0x0, 0x0,
    0x0, 0x5f, 0xff, 0x0, 0x0, 0x0, 0x0, 0x0,
    0x0, 0x0, 0x5, 0xff, 0xff, 0xcb, 0x72, 0x0,
    0x0, 0x0, 0x0, 0x0, 0x5f, 0xff, 0xff, 0xff,
    0xff, 0xa1, 0x0, 0x0, 0x0, 0x0, 0x5f, 0xff,
    0xff, 0x8b, 0xff, 0xfe, 0x30, 0x0, 0x0, 0x0,
    0x5, 0xff, 0xff, 0x0, 0x7, 0xff, 0xe2, 0x0,
    0x0, 0x0, 0x0, 0x5f, 0xff, 0x0, 0x0, 0x2e,
    0xfc, 0x0, 0x6, 0xb0, 0x0, 0x5, 0xff, 0x0,
    0x0, 0x5, 0xff, 0x50, 0xd, 0xf8, 0x0, 0x0,
    0x5f, 0x0, 0x0, 0x0, 0xcf, 0xc0, 0x1f, 0xf5,
    0x0, 0x0, 0x5, 0x0, 0x0, 0x0, 0x6f, 0xf0,
    0x4f, 0xf1, 0x0, 0x0, 0x0, 0x0, 0x0, 0x0,
    0x3f, 0xf3, 0x4f, 0xf0, 0x0, 0x0, 0x0, 0x0,
    0x0, 0x0, 0x1f, 0xf3, 0x4f, 0xf1, 0x0, 0x0,
    0x0, 0x0, 0x0, 0x0, 0x3f, 0xf2, 0x1f, 0xf4,
    0x0, 0x0, 0x0, 0x0, 0x0, 0x0, 0x6f, 0xf0,
    0xd, 0xfb, 0x0, 0x0, 0x0, 0x0, 0x0, 0x0,
    0xcf, 0xb0, 0x6, 0xff, 0x40, 0x0, 0x0, 0x0,
    0x0, 0x6, 0xff, 0x40, 0x0, 0xdf, 0xf4, 0x0,
    0x0, 0x0, 0x0, 0x4f, 0xfb, 0x0, 0x0, 0x2e,
    0xff, 0x90, 0x0, 0x0, 0x18, 0xff, 0xd1, 0x0,
    0x0, 0x3, 0xef, 0xf0, 0x7, 0x9c, 0xff, 0xfd,
    0x10, 0x0, 0x0, 0x0, 0x19, 0xa0, 0xf, 0xff,
    0xff, 0x90, 0x0, 0x0, 0x0, 0x0, 0x0, 0x0,
    0x1c, 0xca, 0x71, 0x0, 0x0, 0x0, 0x0, 0x0,
    0x0, 0x0, 0x0, 0x0, 0x0, 0x0, 0x0, 0x0,

    /* U+F0717 "󰜗" */
    0x0, 0x0, 0x0, 0x0, 0x0, 0x0, 0x0, 0x0,
    0x0, 0x0, 0x0, 0x0, 0x0, 0x0, 0x0, 0x3e,
    0x33, 0xe3, 0x0, 0x0, 0x0, 0x0, 0x0, 0x0,
    0x0, 0x0, 0xef, 0xff, 0xfe, 0x0, 0x0, 0x0,
    0x0, 0x0, 0x0, 0x0, 0x0, 0x3e, 0xff, 0xe3,
    0x0, 0x0, 0x0, 0x0, 0x0, 0x2, 0x0, 0x0,
    0x3, 0xff, 0x40, 0x0, 0x0, 0x20, 0x0, 0x2,
    0xef, 0x10, 0x0, 0x2, 0xff, 0x20, 0x0, 0x2,
    0xfe, 0x30, 0x0, 0xff, 0x50, 0x0, 0x2, 0xff,
    0x20, 0x0, 0x6, 0xff, 0x0, 0x26, 0xef, 0xb1,
    0x0, 0x2b, 0xff, 0xb2, 0x0, 0x1c, 0xff, 0x62,
    0xaf, 0xff, 0xff, 0x78, 0xff, 0xff, 0xff, 0x87,
    0xff, 0xff, 0xfb, 0x6f, 0xb9, 0xff, 0xff, 0xfe,
    0x66, 0xef, 0xff, 0xff, 0x9b, 0xf7, 0x0, 0x0,
    0x1a, 0xff, 0x91, 0x0, 0x9, 0xff, 0xa1, 0x0,
    0x0, 0x0, 0x0, 0x2, 0xff, 0x10, 0x0, 0x1,
    0xff, 0x30, 0x0, 0x0, 0x0, 0x0, 0x2, 0xff,
    0x10, 0x0, 0x1, 0xff, 0x30, 0x0, 0x0, 0x0,
    0x0, 0x2, 0xff, 0x10, 0x0, 0x1, 0xff, 0x30,
    0x0, 0x0, 0x0, 0x0, 0x1a, 0xff, 0x91, 0x0,
    0x19, 0xff, 0xa1, 0x0, 0x0, 0x6f, 0xb9, 0xff,
    0xff, 0xfe, 0x66, 0xef, 0xff, 0xff, 0x9b, 0xf7,
    0xaf, 0xff, 0xff, 0x78, 0xff, 0xff, 0xff, 0x97,
    0xef, 0xff, 0xfb, 0x16, 0xef, 0xc1, 0x0, 0x2b,
    0xff, 0xb2, 0x0, 0x1b, 0xff, 0x61, 0x0, 0xff,
    0x60, 0x0, 0x2, 0xff, 0x20, 0x0, 0x5, 0xff,
    0x10, 0x2, 0xef, 0x20, 0x0, 0x2, 0xff, 0x20,
    0x0, 0x0, 0xfd, 0x30, 0x0, 0x2, 0x0, 0x0,
    0x4, 0xff, 0x40, 0x0, 0x0, 0x10, 0x0, 0x0,
    0x0, 0x0, 0x0, 0x3e, 0xff, 0xe3, 0x0, 0x0,
    0x0, 0x0, 0x0, 0x0, 0x0, 0x0, 0xef, 0xff,
    0xfe, 0x0, 0x0, 0x0, 0x0, 0x0, 0x0, 0x0,
    0x0, 0x3e, 0x33, 0xe3, 0x0, 0x0, 0x0, 0x0,
    0x0, 0x0, 0x0, 0x0, 0x0, 0x0, 0x0, 0x0,
    0x0, 0x0, 0x0,

    /* U+F0792 "󰞒" */
    0x0, 0x0, 0x0, 0x0, 0x0, 0x0, 0x0, 0x0,
    0x0, 0x0, 0x0, 0x0, 0x0, 0x0, 0x0, 0x0,
    0x0, 0x2f, 0xf2, 0x0, 0x0, 0x0, 0x0, 0x0,
    0x0, 0x0, 0x0, 0x0, 0x0, 0x2f, 0xf2, 0x0,
    0x0, 0x0, 0x0, 0x0, 0x0, 0x0, 0x0, 0x0,
    0x0, 0x2f, 0xf2, 0x0, 0x0, 0x0, 0x0, 0x0,
    0x0, 0x0, 0x0, 0x0, 0x0, 0x2f, 0xf2, 0x0,
    0x0, 0x0, 0x0, 0x0, 0x0, 0x0, 0x0, 0x0,
    0x0, 0x2f, 0xf2, 0x0, 0x0, 0x0, 0x0, 0x0,
    0x0, 0x0, 0x0, 0x0, 0x0, 0x2f, 0xf2, 0x0,
    0x0, 0x0, 0x0, 0x0, 0x0, 0x0, 0x0, 0x0,
    0x0, 0x2f, 0xf2, 0x0, 0x0, 0x0, 0x0, 0x0,
    0x0, 0x0, 0x0, 0x0, 0x0, 0x2f, 0xf2, 0x0,
    0x0, 0x0, 0x0, 0x0, 0x0, 0x0, 0x0, 0x0,
    0x0, 0x2f, 0xf2, 0x0, 0x0, 0x0, 0x0, 0x0,
    0x0, 0x0, 0x0, 0x0, 0x0, 0x2f, 0xf2, 0x0,
    0x0, 0x0, 0x0, 0x0, 0x0, 0x2, 0xa0, 0x0,
    0x0, 0x2f, 0xf2, 0x0, 0x0, 0x1b, 0x20, 0x0,
    0x0, 0xe, 0xfc, 0x0, 0x0, 0x2f, 0xf2, 0x0,
    0x1, 0xcf, 0xe1, 0x0, 0x0, 0x7, 0xff, 0xc1,
    0x0, 0x2f, 0xf2, 0x0, 0x1c, 0xff, 0x70, 0x0,
    0x0, 0x0, 0x7f, 0xfc, 0x10, 0x2f, 0xf2, 0x1,
    0xcf, 0xf7, 0x0, 0x0, 0x0, 0x0, 0x7, 0xff,
    0xc1, 0x2f, 0xf2, 0x1c, 0xff, 0x70, 0x0, 0x0,
    0x0, 0x0, 0x0, 0x7f, 0xfc, 0x3f, 0xf3, 0xcf,
    0xf7, 0x0, 0x0, 0x0, 0x0, 0x0, 0x0, 0x7,
    0xff, 0xef, 0xfe, 0xff, 0x70, 0x0, 0x0, 0x0,
    0x0, 0x0, 0x0, 0x0, 0x7f, 0xff, 0xff, 0xf7,
    0x0, 0x0, 0x0, 0x0, 0x0, 0x0, 0x0, 0x0,
    0x7, 0xff, 0xff, 0x70, 0x0, 0x0, 0x0, 0x0,
    0x0, 0x0, 0x0, 0x0, 0x0, 0x7f, 0xf7, 0x0,
    0x0, 0x0, 0x0, 0x0, 0x0, 0x0, 0x0, 0x0,
    0x0, 0x6, 0x60, 0x0, 0x0, 0x0, 0x0, 0x0,
    0xaf, 0xff, 0xff, 0xff, 0xff, 0xff, 0xff, 0xff,
    0xff, 0xff, 0xff, 0xfa, 0xaf, 0xff, 0xff, 0xff,
    0xff, 0xff, 0xff, 0xff, 0xff, 0xff, 0xff, 0xfa,
    0x24, 0x44, 0x44, 0x44, 0x44, 0x44, 0x44, 0x44,
    0x44, 0x44, 0x44, 0x42,

    /* U+F0795 "󰞕" */
    0x23, 0x33, 0x33, 0x33, 0x33, 0x33, 0x33, 0x33,
    0x33, 0x33, 0x33, 0x32, 0xaf, 0xff, 0xff, 0xff,
    0xff, 0xff, 0xff, 0xff, 0xff, 0xff, 0xff, 0xfa,
    0xaf, 0xff, 0xff, 0xff, 0xff, 0xff, 0xff, 0xff,
    0xff, 0xff, 0xff, 0xfa, 0x0, 0x0, 0x0, 0x0,
    0x0, 0x6, 0x60, 0x0, 0x0, 0x0, 0x0, 0x0,
    0x0, 0x0, 0x0, 0x0, 0x0, 0x7f, 0xf7, 0x0,
    0x0, 0x0, 0x0, 0x0, 0x0, 0x0, 0x0, 0x0,
    0x7, 0xff, 0xff, 0x70, 0x0, 0x0, 0x0, 0x0,
    0x0, 0x0, 0x0, 0x0, 0x7f, 0xff, 0xff, 0xf7,
    0x0, 0x0, 0x0, 0x0, 0x0, 0x0, 0x0, 0x7,
    0xff, 0xef, 0xfe, 0xff, 0x70, 0x0, 0x0, 0x0,
    0x0, 0x0, 0x0, 0x7f, 0xfc, 0x3f, 0xf3, 0xcf,
    0xf7, 0x0, 0x0, 0x0, 0x0, 0x0, 0x7, 0xff,
    0xc1, 0x2f, 0xf2, 0x1c, 0xff, 0x70, 0x0, 0x0,
    0x0, 0x0, 0x7f, 0xfc, 0x10, 0x2f, 0xf2, 0x1,
    0xcf, 0xf7, 0x0, 0x0, 0x0, 0x7, 0xff, 0xc1,
    0x0, 0x2f, 0xf2, 0x0, 0xc, 0xff, 0x70, 0x0,
    0x0, 0xe, 0xfc, 0x10, 0x0, 0x2f, 0xf2, 0x0,
    0x0, 0xcf, 0xe1, 0x0, 0x0, 0x2, 0xa0, 0x0,
    0x0, 0x2f, 0xf2, 0x0, 0x0, 0xa, 0x20, 0x0,
    0x0, 0x0, 0x0, 0x0, 0x0, 0x2f, 0xf2, 0x0,
    0x0, 0x0, 0x0, 0x0, 0x0, 0x0, 0x0, 0x0,
    0x0, 0x2f, 0xf2, 0x0, 0x0, 0x0, 0x0, 0x0,
    0x0, 0x0, 0x0, 0x0, 0x0, 0x2f, 0xf2, 0x0,
    0x0, 0x0, 0x0, 0x0, 0x0, 0x0, 0x0, 0x0,
    0x0, 0x2f, 0xf2, 0x0, 0x0, 0x0, 0x0, 0x0,
    0x0, 0x0, 0x0, 0x0, 0x0, 0x2f, 0xf2, 0x0,
    0x0, 0x0, 0x0, 0x0, 0x0, 0x0, 0x0, 0x0,
    0x0, 0x2f, 0xf2, 0x0, 0x0, 0x0, 0x0, 0x0,
    0x0, 0x0, 0x0, 0x0, 0x0, 0x2f, 0xf2, 0x0,
    0x0, 0x0, 0x0, 0x0, 0x0, 0x0, 0x0, 0x0,
    0x0, 0x2f, 0xf2, 0x0, 0x0, 0x0, 0x0, 0x0,
    0x0, 0x0, 0x0, 0x0, 0x0, 0x2f, 0xf2, 0x0,
    0x0, 0x0, 0x0, 0x0, 0x0, 0x0, 0x0, 0x0,
    0x0, 0x2f, 0xf2, 0x0, 0x0, 0x0, 0x0, 0x0,
    0x0, 0x0, 0x0, 0x0, 0x0, 0x1, 0x10, 0x0,
    0x0, 0x0, 0x0, 0x0,

    /* U+F081D "󰠝" */
    0x0, 0x0, 0x0, 0x0, 0x0, 0x0, 0x21, 0x0,
    0x0, 0x0, 0x0, 0x0, 0x0, 0x0, 0x0, 0x0,
    0x0, 0x9f, 0xff, 0xe8, 0x0, 0x0, 0x0, 0x0,
    0x0, 0x0, 0x0, 0x0, 0x9, 0xff, 0xff, 0xff,
    0xa0, 0x0, 0x0, 0x0, 0x7, 0x40, 0x0, 0x0,
    0x1f, 0xff, 0xff, 0xff, 0xf0, 0x0, 0x0, 0x0,
    0x5f, 0xf4, 0x0, 0x0, 0x4f, 0xff, 0xff, 0xff,
    0xe0, 0x0, 0x0, 0x0, 0xb, 0xff, 0x40, 0x0,
    0x5f, 0xff, 0xff, 0xff, 0x50, 0x0, 0x0, 0x0,
    0x0, 0xbf, 0xf4, 0x0, 0x3f, 0xff, 0xff, 0xe4,
    0x0, 0x0, 0x0, 0x0, 0x0, 0x5f, 0xff, 0x40,
    0xb, 0xff, 0xff, 0x20, 0x0, 0x0, 0x0, 0x0,
    0x9, 0xff, 0xff, 0xf4, 0x0, 0xbf, 0xf9, 0x0,
    0x0, 0x0, 0x0, 0x0, 0x2f, 0xff, 0xff, 0xff,
    0x40, 0xb, 0xfb, 0x11, 0x6b, 0xde, 0xc7, 0x0,
    0x6f, 0xff, 0xff, 0xff, 0xf4, 0x0, 0xbf, 0xef,
    0xff, 0xff, 0xff, 0xd0, 0x8f, 0xff, 0xff, 0xff,
    0xff, 0x40, 0xb, 0xff, 0xff, 0xff, 0xff, 0xf7,
    0x8f, 0xff, 0xff, 0xff, 0xff, 0xf4, 0x0, 0xbf,
    0xff, 0xff, 0xff, 0xfb, 0x4f, 0xff, 0xff, 0xff,
    0xff, 0xff, 0x40, 0xb, 0xff, 0xff, 0xff, 0xfb,
    0xb, 0xff, 0xff, 0xff, 0xfd, 0xff, 0xf4, 0x0,
    0x2b, 0xff, 0xff, 0xf9, 0x0, 0x6c, 0xee, 0xb7,
    0x10, 0xaf, 0xff, 0x40, 0x0, 0xdf, 0xff, 0xf5,
    0x0, 0x0, 0x0, 0x0, 0x0, 0x7f, 0xff, 0xf4,
    0x0, 0x3e, 0xff, 0xb0, 0x0, 0x0, 0x0, 0x0,
    0x0, 0xdf, 0xff, 0xff, 0x40, 0x1, 0x65, 0x0,
    0x0, 0x0, 0x0, 0x0, 0x2c, 0xff, 0xff, 0xff,
    0xf4, 0x0, 0x0, 0x0, 0x0, 0x0, 0x0, 0x3,
    0xff, 0xff, 0xff, 0xff, 0xff, 0x40, 0x0, 0x0,
    0x0, 0x0, 0x0, 0xb, 0xff, 0xff, 0xff, 0xf7,
    0xbf, 0xf4, 0x0, 0x0, 0x0, 0x0, 0x0, 0xd,
    0xff, 0xff, 0xff, 0xf3, 0xb, 0xff, 0x40, 0x0,
    0x0, 0x0, 0x0, 0x7, 0xff, 0xff, 0xff, 0xb0,
    0x0, 0xbf, 0xf2, 0x0, 0x0, 0x0, 0x0, 0x0,
    0x7d, 0xff, 0xfa, 0x10, 0x0, 0xb, 0x90, 0x0,
    0x0, 0x0, 0x0, 0x0, 0x0, 0x2, 0x0, 0x0,
    0x0, 0x0, 0x0, 0x0,

    /* U+F084D "󰡍" */
    0x0, 0x0, 0x0, 0x0, 0x5, 0x52, 0x0, 0x0,
    0x0, 0x0, 0x0, 0x0, 0x0, 0x0, 0xe, 0xf6,
    0x0, 0x0, 0x0, 0x0, 0x0, 0x0, 0x0, 0x0,
    0xe, 0xf6, 0x0, 0x0, 0x0, 0x0, 0x0, 0x0,
    0x0, 0x0, 0xe, 0xf6, 0x0, 0x0, 0x0, 0x0,
    0x0, 0x0, 0x1, 0xcd, 0xdf, 0xfe, 0xdd, 0x60,
    0x0, 0x0, 0x0, 0x0, 0x0, 0x2e, 0xff, 0xff,
    0xf8, 0x0, 0x0, 0x0, 0x0, 0x0, 0x0, 0x2,
    0xef, 0xff, 0x80, 0x0, 0x0, 0x0, 0x0, 0x0,
    0x0, 0x0, 0x2e, 0xf8, 0x0, 0x0, 0x0, 0x0,
    0x0, 0x0, 0x0, 0x0, 0x2, 0x80, 0x0, 0x0,
    0x0, 0x0, 0x0, 0x0, 0x0, 0x0, 0x0, 0x0,
    0x0, 0x0, 0x0, 0x0, 0x2f, 0xff, 0xff, 0xff,
    0xff, 0xff, 0xff, 0xff, 0xff, 0xf9, 0x2f, 0xff,
    0xff, 0xff, 0xff, 0xff, 0xff, 0xff, 0xff, 0xf9,
    0x5, 0x55, 0x55, 0x55, 0x55, 0x55, 0x55, 0x55,
    0x55, 0x53, 0x6, 0x66, 0x66, 0x66, 0x66, 0x66,
    0x66, 0x66, 0x66, 0x63, 0x2f, 0xff, 0xff, 0xff,
    0xff, 0xff, 0xff, 0xff, 0xff, 0xf9, 0x1f, 0xff,
    0xff, 0xff, 0xff, 0xff, 0xff, 0xff, 0xff, 0xf8,
    0x0, 0x0, 0x0, 0x0, 0x0, 0x0, 0x0, 0x0,
    0x0, 0x0, 0x0, 0x0, 0x0, 0x0, 0x3, 0x90,
    0x0, 0x0, 0x0, 0x0, 0x0, 0x0, 0x0, 0x0,
    0x3f, 0xfa, 0x0, 0x0, 0x0, 0x0, 0x0, 0x0,
    0x0, 0x3, 0xff, 0xff, 0x90, 0x0, 0x0, 0x0,
    0x0, 0x0, 0x0, 0x3f, 0xff, 0xff, 0xf9, 0x0,
    0x0, 0x0, 0x0, 0x0, 0x1, 0xbc, 0xcf, 0xfd,
    0xcc, 0x60, 0x0, 0x0, 0x0, 0x0, 0x0, 0x0,
    0xe, 0xf6, 0x0, 0x0, 0x0, 0x0, 0x0, 0x0,
    0x0, 0x0, 0xe, 0xf6, 0x0, 0x0, 0x0, 0x0,
    0x0, 0x0, 0x0, 0x0, 0xe, 0xf6, 0x0, 0x0,
    0x0, 0x0, 0x0, 0x0, 0x0, 0x0, 0x3, 0x41,
    0x0, 0x0, 0x0, 0x0,

    /* U+F09E7 "󰧧" */
    0x0, 0x0, 0x0, 0x11, 0x11, 0x11, 0x0, 0x0,
    0x0, 0x0, 0x0, 0x8, 0xff, 0xff, 0xff, 0x80,
    0x0, 0x0, 0x2f, 0xff, 0xff, 0xff, 0xff, 0xff,
    0xff, 0xff, 0xf2, 0x2f, 0xff, 0xff, 0xff, 0xff,
    0xff, 0xff, 0xff, 0xf2, 0x6, 0x66, 0x66, 0x66,
    0x66, 0x66, 0x66, 0x66, 0x61, 0x0, 0x55, 0x55,
    0x55, 0x55, 0x55, 0x55, 0x55, 0x0, 0x0, 0xff,
    0xff, 0xff, 0xff, 0xff, 0xff, 0xff, 0x0, 0x0,
    0xff, 0xff, 0xff, 0xff, 0xff, 0xff, 0xff, 0x0,
    0x0, 0xff, 0x50, 0x0, 0x0, 0x0, 0x5, 0xff,
    0x0, 0x0, 0xff, 0x50, 0x0, 0x0, 0x0, 0x5,
    0xff, 0x0, 0x0, 0xff, 0x50, 0x0, 0x0, 0x0,
    0x5, 0xff, 0x0, 0x0, 0xff, 0x50, 0x0, 0x0,
    0x0, 0x5, 0xff, 0x0, 0x0, 0xff, 0x50, 0x0,
    0x0, 0x0, 0x5, 0xff, 0x0, 0x0, 0xff, 0x50,
    0x0, 0x0, 0x0, 0x5, 0xff, 0x0, 0x0, 0xff,
    0x50, 0x0, 0x0, 0x0, 0x5, 0xff, 0x0, 0x0,
    0xff, 0x50, 0x0, 0x0, 0x0, 0x5, 0xff, 0x0,
    0x0, 0xff, 0x50, 0x0, 0x0, 0x0, 0x5, 0xff,
    0x0, 0x0, 0xff, 0x50, 0x0, 0x0, 0x0, 0x5,
    0xff, 0x0, 0x0, 0xff, 0x50, 0x0, 0x0, 0x0,
    0x5, 0xff, 0x0, 0x0, 0xff, 0x95, 0x55, 0x55,
    0x55, 0x59, 0xff, 0x0, 0x0, 0xcf, 0xff, 0xff,
    0xff, 0xff, 0xff, 0xfc, 0x0, 0x0, 0x2c, 0xff,
    0xff, 0xff, 0xff, 0xff, 0xc2, 0x0,

    /* U+F0A47 "󰩇" */
    0x0, 0x3, 0x0, 0x0, 0x0, 0x0, 0x0, 0x0,
    0x0, 0x0, 0x0, 0x0, 0x0, 0x0, 0xaf, 0x50,
    0x0, 0x0, 0x0, 0x0, 0x0, 0x0, 0x0, 0x0,
    0x0, 0x0, 0x0, 0xaf, 0xf5, 0x0, 0x6c, 0xcc,
    0xcc, 0xcc, 0x50, 0x0, 0x0, 0x0, 0x0, 0x0,
    0xa, 0xff, 0x50, 0xa, 0xff, 0xff, 0xff, 0x70,
    0x0, 0x0, 0x0, 0x0, 0x0, 0x0, 0xaf, 0xf5,
    0x0, 0xaf, 0xf9, 0x99, 0x40, 0x0, 0x0, 0x0,
    0x0, 0x0, 0x0, 0xa, 0xff, 0x50, 0xa, 0xf0,
    0x0, 0x0, 0x0, 0x0, 0x0, 0x0, 0x0, 0x0,
    0x0, 0xaf, 0xf5, 0x0, 0x90, 0x0, 0x0, 0x0,
    0x0, 0x0, 0x0, 0x0, 0x0, 0x0, 0x6f, 0xff,
    0x50, 0xa, 0xff, 0xff, 0xfe, 0x0, 0x0, 0x0,
    0x0, 0x0, 0x7, 0xff, 0xff, 0xf5, 0x0, 0xaf,
    0xff, 0xfe, 0x0, 0xae, 0xeb, 0xbb, 0x50, 0x3f,
    0xfe, 0x4a, 0xff, 0x50, 0x3, 0x49, 0xfe, 0x0,
    0xbf, 0xfc, 0xef, 0x60, 0x3f, 0xf2, 0x0, 0xaf,
    0xf5, 0x0, 0x6, 0xfe, 0x0, 0xbf, 0xfc, 0xef,
    0x60, 0x3f, 0xf1, 0x0, 0xa, 0xff, 0x50, 0x6,
    0xff, 0x66, 0xdf, 0xfc, 0xef, 0x93, 0x6f, 0xf1,
    0x0, 0x0, 0xaf, 0xf5, 0x0, 0xbf, 0xff, 0xff,
    0xfc, 0xef, 0xff, 0xff, 0xf1, 0x0, 0x0, 0xa,
    0xff, 0x50, 0xb, 0xff, 0xff, 0xfc, 0xef, 0xff,
    0xff, 0xf1, 0x0, 0x0, 0x0, 0xaf, 0xf5, 0x0,
    0xbf, 0xff, 0xfc, 0xef, 0x71, 0x4f, 0xf1, 0x0,
    0x0, 0x0, 0xa, 0xff, 0x50, 0xb, 0xff, 0xfc,
    0xef, 0x60, 0x3f, 0xfc, 0xb9, 0x0, 0x0, 0x0,
    0xaf, 0xf5, 0x0, 0xbf, 0xfc, 0xef, 0x60, 0x3f,
    0xff, 0xff, 0xa0, 0x0, 0x0, 0xa, 0xff, 0x50,
    0xa, 0xfc, 0x89, 0x40, 0x29, 0x99, 0xdf, 0xfa,
    0x66, 0x66, 0x6a, 0xff, 0xf5, 0x0, 0xac, 0x0,
    0x0, 0x0, 0x0, 0xc, 0xff, 0xff, 0xff, 0xff,
    0xff, 0xff, 0x40, 0x6, 0x0, 0x0, 0x0, 0x0,
    0x1, 0xcf, 0xff, 0xff, 0xff, 0xfe, 0xaf, 0xf4,
    0x0, 0x0, 0x0, 0x0, 0x0, 0x0, 0x0, 0x0,
    0x0, 0x0, 0x0, 0xa, 0xff, 0x40, 0x0, 0x0,
    0x0, 0x0, 0x0, 0x0, 0x0, 0x0, 0x0, 0x0,
    0x0, 0xaf, 0xe0, 0x0, 0x0, 0x0, 0x0, 0x0,
    0x0, 0x0, 0x0, 0x0, 0x0, 0x0, 0x9, 0x20,

    /* U+F0D49 "󰵉" */
    0x0, 0x0, 0x0, 0x0, 0x0, 0x0, 0x0, 0x0,
    0x0, 0x0, 0x0, 0x0, 0x0, 0x0, 0x0, 0x0,
    0x0, 0x0, 0x0, 0xaa, 0x0, 0x0, 0x0, 0x0,
    0x0, 0x0, 0x0, 0x0, 0x0, 0x0, 0x0, 0xa,
    0xff, 0xa0, 0x0, 0x0, 0x0, 0x0, 0x0, 0x0,
    0x0, 0x0, 0x0, 0x0, 0xaf, 0xff, 0xfa, 0x0,
    0x0, 0x0, 0x0, 0x0, 0x0, 0x0, 0x0, 0x0,
    0xa, 0xff, 0xff, 0xff, 0xa0, 0x0, 0x0, 0x0,
    0x0, 0x0, 0x0, 0x0, 0x0, 0x38, 0x89, 0xff,
    0x98, 0x83, 0x0, 0x0, 0x0, 0x0, 0x0, 0x0,
    0x0, 0x0, 0x0, 0x2, 0xff, 0x20, 0x0, 0x0,
    0x0, 0x0, 0x0, 0x0, 0x0, 0x0, 0x0, 0x0,
    0x2, 0xff, 0x20, 0x0, 0x0, 0x0, 0x0, 0x0,
    0x0, 0x0, 0x0, 0x0, 0x0, 0x2, 0xff, 0x20,
    0x0, 0x0, 0x0, 0x0, 0x0, 0x0, 0x0, 0x0,
    0x0, 0x0, 0x2, 0xff, 0x20, 0x0, 0x0, 0x0,
    0x0, 0x0, 0x0, 0x0, 0x0, 0x0, 0x0, 0x2,
    0xff, 0x20, 0x0, 0x0, 0x0, 0x0, 0x0, 0x0,
    0x0, 0x0, 0x0, 0x0, 0x2, 0xff, 0x20, 0x0,
    0x0, 0x0, 0x0, 0x0, 0x0, 0x0, 0x0, 0x0,
    0x0, 0x2, 0xff, 0x20, 0x0, 0x0, 0x0, 0x0,
    0x0, 0x0, 0x0, 0x0, 0x0, 0x0, 0x2, 0xff,
    0x20, 0x0, 0x0, 0x0, 0x0, 0x0, 0x0, 0x0,
    0x0, 0x0, 0x0, 0x4, 0xff, 0x40, 0x0, 0x0,
    0x0, 0x0, 0x0, 0x0, 0x0, 0x0, 0x0, 0x1,
    0x9f, 0xff, 0xf9, 0x10, 0x0, 0x0, 0x0, 0x0,
    0x0, 0x60, 0x0, 0x0, 0x6e, 0xff, 0xee, 0xff,
    0xe6, 0x0, 0x0, 0x6, 0x0, 0x0, 0xe5, 0x0,
    0x4d, 0xff, 0xf8, 0x0, 0x8f, 0xff, 0xd4, 0x0,
    0x5e, 0x0, 0x2, 0xfd, 0x2b, 0xff, 0xfb, 0x20,
    0x0, 0x2, 0xbf, 0xff, 0xb2, 0xdf, 0x20, 0x7,
    0xff, 0xff, 0xfd, 0x40, 0x0, 0x0, 0x0, 0x4,
    0xdf, 0xff, 0xff, 0x70, 0xb, 0xff, 0xff, 0x70,
    0x0, 0x0, 0x0, 0x0, 0x0, 0x6, 0xef, 0xff,
    0xb0, 0xf, 0xff, 0xfa, 0x0, 0x0, 0x0, 0x0,
    0x0, 0x0, 0x0, 0xaf, 0xff, 0xf0, 0x19, 0xdf,
    0xff, 0x30, 0x0, 0x0, 0x0, 0x0, 0x0, 0x3,
    0xff, 0xfd, 0x91, 0x0, 0x1, 0x6a, 0xb0, 0x0,
    0x0, 0x0, 0x0, 0x0, 0xb, 0xa6, 0x10, 0x0,
    0x0, 0x0, 0x0, 0x0, 0x0, 0x0, 0x0, 0x0,
    0x0, 0x0, 0x0, 0x0, 0x0,

    /* U+F0D55 "󰵕" */
    0x0, 0x0, 0x0, 0x0, 0x0, 0x0, 0x0, 0x0,
    0x0, 0x0, 0x0, 0x0, 0x0, 0x0, 0x0, 0x0,
    0x0, 0x0, 0x0, 0xaa, 0x0, 0x0, 0x0, 0x0,
    0x0, 0x0, 0x0, 0x0, 0x0, 0x0, 0x0, 0xa,
    0xff, 0xa0, 0x0, 0x0, 0x0, 0x0, 0x0, 0x0,
    0x0, 0x0, 0x0, 0x0, 0xaf, 0xff, 0xfa, 0x0,
    0x0, 0x0, 0x0, 0x0, 0x0, 0x0, 0x0, 0x0,
    0xa, 0xff, 0xff, 0xff, 0xa0, 0x0, 0x0, 0x0,
    0x0, 0x0, 0x0, 0x0, 0x0, 0x38, 0x89, 0xff,
    0x98, 0x83, 0x0, 0x0, 0x0, 0x0, 0x0, 0x0,
    0x0, 0x0, 0x0, 0x2, 0xff, 0x20, 0x0, 0x0,
    0x0, 0x0, 0x0, 0x0, 0x0, 0x0, 0x0, 0x0,
    0x2, 0xff, 0x20, 0x0, 0x0, 0x0, 0x0, 0x0,
    0x0, 0x0, 0x0, 0x0, 0x0, 0x2, 0xff, 0x20,
    0x0, 0x0, 0x0, 0x0, 0x0, 0x0, 0x0, 0x0,
    0x0, 0x0, 0x2, 0xff, 0x20, 0x0, 0x0, 0x0,
    0x0, 0x0, 0x0, 0x0, 0x0, 0x0, 0x0, 0x2,
    0xff, 0x20, 0x0, 0x0, 0x0, 0x0, 0x0, 0x0,
    0x0, 0x0, 0x0, 0x0, 0x2, 0xff, 0x20, 0x0,
    0x0, 0x0, 0x0, 0x0, 0x0, 0x0, 0x0, 0x0,
    0x0, 0x2, 0xff, 0x20, 0x0, 0x0, 0x0, 0x0,
    0x0, 0x0, 0x0, 0x0, 0x0, 0x0, 0x2, 0xff,
    0x20, 0x0, 0x0, 0x0, 0x0, 0x0, 0x0, 0x0,
    0x0, 0x0, 0x0, 0x4, 0xff, 0x40, 0x0, 0x0,
    0x0, 0x0, 0x0, 0x0, 0x0, 0x0, 0x0, 0x1,
    0x9f, 0xff, 0xf9, 0x10, 0x0, 0x0, 0x0, 0x0,
    0x0, 0x0, 0x0, 0x0, 0x7e, 0xff, 0xee, 0xff,
    0xe7, 0x0, 0x0, 0x0, 0x0, 0x0, 0x0, 0x0,
    0x4d, 0xff, 0xf8, 0x0, 0x8f, 0xff, 0xd4, 0x0,
    0x0, 0x0, 0x0, 0x0, 0x2b, 0xff, 0xfb, 0x20,
    0x0, 0x2, 0xaf, 0xff, 0xb2, 0x0, 0x0, 0x0,
    0x8, 0xff, 0xfd, 0x40, 0x0, 0x0, 0x0, 0x4,
    0xdf, 0xff, 0x80, 0x0, 0x6, 0xef, 0xfe, 0x60,
    0x0, 0x0, 0x0, 0x0, 0x0, 0x6, 0xef, 0xfe,
    0x60, 0xd, 0xff, 0x91, 0x0, 0x0, 0x0, 0x0,
    0x0, 0x0, 0x0, 0x19, 0xff, 0xd0, 0x3, 0xb2,
    0x0, 0x0, 0x0, 0x0, 0x0, 0x0, 0x0, 0x0,
    0x0, 0x2b, 0x30,

    /* U+F0E50 "󰹐" */
    0x0, 0x0, 0x0, 0x0, 0x0, 0x1, 0x20, 0x0,
    0x0, 0x0, 0x0, 0x0, 0x0, 0x0, 0x0, 0x3a,
    0xff, 0xff, 0xd7, 0x0, 0x0, 0x0, 0x0, 0x0,
    0x0, 0x9, 0xff, 0xff, 0xff, 0xff, 0xd3, 0x0,
    0x0, 0x5, 0x60, 0x0, 0xbf, 0xfd, 0x73, 0x25,
    0xaf, 0xff, 0x30, 0x0, 0x2f, 0xf6, 0x0, 0x9f,
    0x80, 0x0, 0x0, 0x3, 0xef, 0xe1, 0x0, 0x8,
    0xff, 0x60, 0x5, 0x0, 0x0, 0x0, 0x0, 0x3f,
    0xf9, 0x0, 0x0, 0x8f, 0xf6, 0x0, 0x0, 0x0,
    0x0, 0x0, 0x8, 0xff, 0x0, 0x0, 0x8, 0xff,
    0x60, 0x0, 0x0, 0x0, 0x0, 0x2, 0xff, 0x30,
    0x0, 0x0, 0xef, 0xf6, 0x0, 0x0, 0x0, 0x0,
    0x0, 0xff, 0x50, 0x0, 0x0, 0xdf, 0xff, 0x60,
    0x0, 0x0, 0x0, 0x0, 0xff, 0x40, 0x0, 0x0,
    0xbf, 0xff, 0xf6, 0x0, 0x0, 0x0, 0x2, 0xff,
    0x30, 0x0, 0x0, 0x7f, 0xf9, 0xff, 0x60, 0x0,
    0x0, 0x9, 0xfe, 0x0, 0x0, 0x0, 0x1f, 0xfa,
    0x8f, 0xf6, 0x0, 0x0, 0x3f, 0xf8, 0x0, 0x0,
    0x0, 0x7, 0xff, 0xa8, 0xff, 0x60, 0x2, 0xff,
    0xe0, 0x0, 0x0, 0x0, 0x0, 0xaf, 0xfc, 0x7f,
    0xf6, 0x0, 0x8e, 0x30, 0x0, 0x0, 0x0, 0x0,
    0x9, 0xfd, 0x7, 0xff, 0x60, 0x1, 0x0, 0x0,
    0x0, 0x0, 0x0, 0x6, 0xfd, 0x0, 0x7f, 0xf6,
    0x0, 0x0, 0x0, 0x0, 0x0, 0x0, 0x6, 0xff,
    0xff, 0xff, 0xff, 0x60, 0x0, 0x0, 0x0, 0x0,
    0x0, 0x5, 0xff, 0xff, 0xff, 0xff, 0xf6, 0x0,
    0x0, 0x0, 0x0, 0x0, 0x0, 0x56, 0x66, 0x66,
    0x69, 0xff, 0x60, 0x0, 0x0, 0x0, 0x0, 0x0,
    0x0, 0x0, 0x0, 0x0, 0x8f, 0xf6, 0x0, 0x0,
    0x0, 0x0, 0x0, 0x2, 0x22, 0x22, 0x21, 0x8,
    0xff, 0x60, 0x0, 0x0, 0x0, 0x0, 0x4f, 0xff,
    0xff, 0xfb, 0x0, 0x8f, 0xf5, 0x0, 0x0, 0x0,
    0x0, 0x2f, 0xff, 0xff, 0xf8, 0x0, 0x8, 0xb0,
    0x0, 0x0, 0x0, 0x0, 0x1, 0x22, 0x22, 0x20,
    0x0, 0x0, 0x0,

    /* U+F0E5B "󰹛" */
    0x0, 0x0, 0x0, 0x0, 0x0, 0x0, 0x0, 0x0,
    0x0, 0x0, 0x0, 0x0, 0x0, 0xd, 0xff, 0xff,
    0xff, 0xff, 0xff, 0xd0, 0x0, 0x0, 0x0, 0x0,
    0xdf, 0xff, 0xff, 0xff, 0xff, 0xfd, 0x0, 0x0,
    0x0, 0x0, 0xd, 0xff, 0xff, 0xff, 0xff, 0xff,
    0xd0, 0x0, 0x0, 0x0, 0x0, 0xdf, 0xff, 0xff,
    0xff, 0xff, 0xfd, 0x0, 0x0, 0x0, 0x0, 0xd,
    0xff, 0xff, 0xff, 0xff, 0xff, 0xd0, 0x0, 0x0,
    0x0, 0x0, 0xdf, 0xff, 0xff, 0xff, 0xff, 0xfd,
    0x0, 0x0, 0x0, 0x0, 0xd, 0xff, 0xff, 0xff,
    0xff, 0xff, 0xd0, 0x0, 0x0, 0x2, 0xff, 0xff,
    0xff, 0xff, 0xff, 0xff, 0xff, 0xff, 0x20, 0x0,
    0x2f, 0xff, 0xff, 0xff, 0xff, 0xff, 0xff, 0xff,
    0xf2, 0x0, 0x2, 0xff, 0xff, 0xff, 0xff, 0xff,
    0xff, 0xff, 0xff, 0x20, 0x0, 0x2f, 0xff, 0xff,
    0xff, 0xff, 0xff, 0xff, 0xff, 0xf2, 0x0, 0x2,
    0xff, 0xff, 0xff, 0xff, 0xff, 0xff, 0xff, 0xff,
    0x20, 0x0, 0x1c, 0xcc, 0xff, 0xff, 0xff, 0xff,
    0xff, 0xcc, 0xc1, 0x0, 0x0, 0x0, 0x9, 0xff,
    0xff, 0xff, 0xff, 0x90, 0x0, 0x0, 0x0, 0x0,
    0x0, 0xa, 0xff, 0xff, 0xff, 0xb0, 0x0, 0x0,
    0x0, 0x0, 0x0, 0x0, 0xc, 0xff, 0xff, 0xc0,
    0x0, 0x0, 0x0, 0x0, 0x0, 0x0, 0x0, 0x1d,
    0xff, 0xd1, 0x0, 0x0, 0x0, 0x0, 0x0, 0x0,
    0x0, 0x0, 0x16, 0x61, 0x0, 0x0, 0x0, 0x0,
    0x0, 0x0, 0x0, 0x0, 0x1, 0x88, 0x10, 0x0,
    0x0, 0x0, 0x0, 0x0, 0x0, 0x0, 0x0, 0x2f,
    0xf2, 0x0, 0x0, 0x0, 0x1, 0x22, 0x22, 0x22,
    0x22, 0x29, 0xff, 0x0, 0x0, 0x0, 0x0, 0xaf,
    0xff, 0xff, 0xff, 0xff, 0xff, 0x90, 0x0, 0x0,
    0x0, 0xa, 0xff, 0xff, 0xff, 0xff, 0xff, 0x90,
    0x0, 0x0, 0x0, 0x0, 0x12, 0x22, 0x22, 0x22,
    0x22, 0x0, 0x0, 0x0, 0x0, 0x0, 0x0,

    /* U+F0E5C "󰹜" */
    0x0, 0x0, 0x0, 0x22, 0x22, 0x22, 0x22, 0x22,
    0x22, 0x0, 0x0, 0x0, 0x0, 0xd, 0xff, 0xff,
    0xff, 0xff, 0xff, 0xe0, 0x0, 0x0, 0x0, 0x0,
    0xdf, 0xff, 0xff, 0xff, 0xff, 0xfe, 0x0, 0x0,
    0x0, 0x0, 0xd, 0xf9, 0x22, 0x22, 0x22, 0x8f,
    0xe0, 0x0, 0x0, 0x0, 0x0, 0xdf, 0x80, 0x0,
    0x0, 0x7, 0xfe, 0x0, 0x0, 0x0, 0x0, 0xd,
    0xf8, 0x0, 0x0, 0x0, 0x7f, 0xe0, 0x0, 0x0,
    0x1, 0x99, 0xef, 0x80, 0x0, 0x0, 0x7, 0xff,
    0x99, 0x20, 0x0, 0x2f, 0xff, 0xf8, 0x0, 0x0,
    0x0, 0x7f, 0xff, 0xf3, 0x0, 0x2, 0xff, 0xff,
    0x80, 0x0, 0x0, 0x7, 0xff, 0xff, 0x30, 0x0,
    0x2f, 0xf2, 0x0, 0x0, 0x0, 0x0, 0x0, 0x1f,
    0xf3, 0x0, 0x2, 0xff, 0x20, 0x0, 0x0, 0x0,
    0x0, 0x1, 0xff, 0x30, 0x0, 0x2f, 0xfe, 0xd4,
    0x0, 0x0, 0x0, 0x3d, 0xef, 0xf3, 0x0, 0x2,
    0xff, 0xff, 0xe2, 0x0, 0x0, 0x2e, 0xff, 0xff,
    0x30, 0x0, 0x6, 0x67, 0xff, 0xd1, 0x0, 0x1d,
    0xff, 0x76, 0x61, 0x0, 0x0, 0x0, 0x5, 0xff,
    0xc0, 0xc, 0xff, 0x60, 0x0, 0x0, 0x0, 0x0,
    0x0, 0x8, 0xff, 0xaa, 0xff, 0x80, 0x0, 0x0,
    0x0, 0x0, 0x0, 0x0, 0xa, 0xff, 0xff, 0xb0,
    0x0, 0x0, 0x0, 0x0, 0x0, 0x0, 0x0, 0xc,
    0xff, 0xd0, 0x0, 0x0, 0x0, 0x0, 0x0, 0x0,
    0x0, 0x0, 0x15, 0x51, 0x0, 0x0, 0x0, 0x0,
    0x0, 0x0, 0x0, 0x0, 0x1, 0x88, 0x10, 0x0,
    0x0, 0x0, 0x0, 0x0, 0x0, 0x0, 0x0, 0x2f,
    0xf2, 0x0, 0x0, 0x0, 0x1, 0x22, 0x22, 0x22,
    0x22, 0x29, 0xff, 0x0, 0x0, 0x0, 0x0, 0xaf,
    0xff, 0xff, 0xff, 0xff, 0xff, 0x90, 0x0, 0x0,
    0x0, 0xa, 0xff, 0xff, 0xff, 0xff, 0xff, 0x90,
    0x0, 0x0, 0x0, 0x0, 0x12, 0x22, 0x22, 0x22,
    0x22, 0x0, 0x0, 0x0, 0x0, 0x0, 0x0,

    /* U+F0F58 "󰽘" */
    0x0, 0x0, 0x0, 0x0, 0x0, 0x22, 0x0, 0x0,
    0x0, 0x0, 0x0, 0x0, 0x0, 0x0, 0x0, 0x5,
    0xff, 0x50, 0x0, 0x0, 0x0, 0x0, 0x0, 0x0,
    0x0, 0x0, 0x8f, 0xff, 0xf8, 0x0, 0x0, 0x0,
    0x0, 0x0, 0x0, 0x0, 0x1c, 0xff, 0xff, 0xff,
    0xc1, 0x0, 0x0, 0x0, 0x0, 0x0, 0x3, 0xef,
    0xff, 0xff, 0xff, 0xfe, 0x30, 0x0, 0x0, 0x0,
    0x0, 0x7f, 0xff, 0xff, 0xff, 0xff, 0xff, 0xf7,
    0x0, 0x0, 0x0, 0xa, 0xff, 0xff, 0xff, 0xff,
    0xff, 0xff, 0xff, 0xa0, 0x0, 0x2, 0xdf, 0xff,
    0xff, 0xff, 0xff, 0xff, 0xff, 0xff, 0xfd, 0x20,
    0x3f, 0xff, 0xff, 0xff, 0xff, 0xff, 0xff, 0xff,
    0xff, 0xff, 0xf3, 0x6, 0xff, 0xff, 0xff, 0xff,
    0xff, 0xff, 0xff, 0xff, 0xff, 0x60, 0x0, 0x3e,
    0xff, 0xff, 0xff, 0xff, 0xff, 0xff, 0xff, 0xe3,
    0x0, 0x0, 0x1, 0xcf, 0xff, 0xff, 0xff, 0xff,
    0xff, 0xfb, 0x10, 0x0, 0x0, 0x0, 0x8, 0xff,
    0xff, 0xff, 0xff, 0xff, 0x80, 0x0, 0x0, 0x4,
    0xc2, 0x0, 0x5f, 0xff, 0xff, 0xff, 0xf5, 0x0,
    0x2c, 0x40, 0x3f, 0xff, 0x50, 0x2, 0xdf, 0xff,
    0xfd, 0x20, 0x5, 0xff, 0xf3, 0x4, 0xef, 0xf9,
    0x0, 0xa, 0xff, 0xa0, 0x0, 0x9f, 0xfe, 0x40,
    0x0, 0x2c, 0xff, 0xc1, 0x0, 0x77, 0x0, 0x1c,
    0xff, 0xc1, 0x0, 0x0, 0x0, 0x9f, 0xfe, 0x40,
    0x0, 0x4, 0xef, 0xf9, 0x0, 0x0, 0x0, 0x0,
    0x6, 0xff, 0xf7, 0x0, 0x7f, 0xff, 0x60, 0x0,
    0x0, 0x6, 0xe4, 0x0, 0x3d, 0xff, 0xbb, 0xff,
    0xd2, 0x0, 0x4e, 0x60, 0x3f, 0xff, 0x80, 0x1,
    0xbf, 0xff, 0xfb, 0x10, 0x7, 0xff, 0xf3, 0x2,
    0xdf, 0xfb, 0x10, 0x7, 0xff, 0x70, 0x1, 0xbf,
    0xfd, 0x20, 0x0, 0xa, 0xff, 0xe3, 0x0, 0x44,
    0x0, 0x3d, 0xff, 0xa0, 0x0, 0x0, 0x0, 0x7f,
    0xff, 0x60, 0x0, 0x6, 0xff, 0xf7, 0x0, 0x0,
    0x0, 0x0, 0x3, 0xef, 0xf9, 0x0, 0x9f, 0xfe,
    0x30, 0x0, 0x0, 0x0, 0x0, 0x0, 0x1c, 0xff,
    0xcc, 0xff, 0xc1, 0x0, 0x0, 0x0, 0x0, 0x0,
    0x0, 0x0, 0x8f, 0xff, 0xf8, 0x0, 0x0, 0x0,
    0x0, 0x0, 0x0, 0x0, 0x0, 0x5, 0xff, 0x50,
    0x0, 0x0, 0x0, 0x0, 0x0, 0x0, 0x0, 0x0,
    0x0, 0x22, 0x0, 0x0, 0x0, 0x0, 0x0,

    /* U+F0F86 "󰾆" */
    0x0, 0x0, 0x0, 0x1, 0x6a, 0xdf, 0xfe, 0xb7,
    0x20, 0x0, 0x0, 0x0, 0x0, 0x0, 0x0, 0x3f,
    0xff, 0xff, 0xff, 0xff, 0xfa, 0x10, 0x0, 0x0,
    0x0, 0x15, 0x0, 0x3, 0xcb, 0x76, 0x57, 0xaf,
    0xff, 0xe4, 0x0, 0x0, 0x0, 0xa, 0xc3, 0x0,
    0x0, 0x0, 0x0, 0x0, 0x7f, 0xff, 0x60, 0x0,
    0x0, 0x1, 0xff, 0xa1, 0x0, 0x0, 0x0, 0x0,
    0x3, 0xdf, 0xf4, 0x0, 0x0, 0x0, 0x7f, 0xff,
    0x70, 0x0, 0x0, 0x0, 0x0, 0x1e, 0xfe, 0x10,
    0x5, 0x60, 0xd, 0xff, 0xfd, 0x40, 0x0, 0x0,
    0x0, 0x3, 0xff, 0x80, 0xb, 0xe0, 0x5, 0xff,
    0xff, 0xfb, 0x20, 0x0, 0x0, 0x0, 0x8f, 0xf0,
    0x1f, 0xf5, 0x0, 0xbf, 0xff, 0xff, 0xf9, 0x0,
    0x0, 0x0, 0x1f, 0xf5, 0x4f, 0xf1, 0x0, 0x2f,
    0xff, 0xff, 0xff, 0xc0, 0x0, 0x0, 0xc, 0xf8,
    0x7f, 0xd0, 0x0, 0x9, 0xff, 0xff, 0xff, 0xf6,
    0x0, 0x0, 0x9, 0xfb, 0x8f, 0xc0, 0x0, 0x1,
    0xef, 0xff, 0xff, 0xf9, 0x0, 0x0, 0x8, 0xfb,
    0x7f, 0xd0, 0x0, 0x0, 0x6f, 0xff, 0xff, 0xf7,
    0x0, 0x0, 0x9, 0xfa, 0x5f, 0xf0, 0x0, 0x0,
    0xc, 0xff, 0xff, 0xf1, 0x0, 0x0, 0xb, 0xf9,
    0x2f, 0xf4, 0x0, 0x0, 0x1, 0xbf, 0xfd, 0x30,
    0x0, 0x0, 0xf, 0xf6, 0xd, 0xfa, 0x0, 0x0,
    0x0, 0x0, 0x10, 0x0, 0x0, 0x0, 0x6f, 0xf1,
    0x7, 0xff, 0x20, 0x0, 0x0, 0x0, 0x0, 0x0,
    0x0, 0x0, 0xef, 0xa0, 0x0, 0xef, 0xd0, 0x0,
    0x0, 0x0, 0x0, 0x0, 0x0, 0xa, 0xff, 0x20,
    0x0, 0x4f, 0xf9, 0x0, 0x0, 0x0, 0x0, 0x0,
    0x0, 0x6f, 0xf8, 0x0, 0x0, 0x7, 0xfb, 0x0,
    0x0, 0x0, 0x0, 0x0, 0x0, 0x8f, 0xb0, 0x0,
    0x0, 0x0, 0x20, 0x0, 0x0, 0x0, 0x0, 0x0,
    0x0, 0x3, 0x0, 0x0,

    /* U+F1542 "󱕂" */
    0x0, 0x0, 0x0, 0x0, 0x0, 0x0, 0x0, 0x4c,
    0xff, 0xb2, 0x0, 0x0, 0x0, 0x0, 0x0, 0x0,
    0x0, 0x0, 0x6, 0xff, 0xff, 0xff, 0x30, 0x0,
    0x0, 0x0, 0x0, 0x0, 0x0, 0x0, 0x2f, 0xfd,
    0x67, 0xef, 0xe0, 0x0, 0x46, 0x66, 0x66, 0x66,
    0x66, 0x66, 0xaf, 0xe0, 0x0, 0x2f, 0xf9, 0x65,
    0xaf, 0xff, 0xff, 0xff, 0xff, 0xff, 0xff, 0xa0,
    0x0, 0xd, 0xff, 0xfd, 0x9f, 0xff, 0xff, 0xff,
    0xff, 0xff, 0xff, 0xc0, 0x0, 0xe, 0xff, 0xfd,
    0x0, 0x0, 0x0, 0x0, 0x0, 0x0, 0x5f, 0xf8,
    0x12, 0xbf, 0xf2, 0x0, 0x0, 0x0, 0x0, 0x0,
    0x0, 0x0, 0xc, 0xff, 0xff, 0xff, 0x90, 0x0,
    0x0, 0x0, 0x0, 0x0, 0x0, 0x0, 0x1, 0xaf,
    0xff, 0xf8, 0x0, 0x0, 0x0, 0x0, 0x0, 0x0,
    0x0, 0x0, 0x0, 0x1, 0x44, 0x10, 0x0, 0x0,
    0x0, 0x0, 0x0, 0x0, 0x0, 0x0, 0x0, 0x0,
    0x0, 0x0, 0x0, 0x0, 0x0, 0x0, 0x0, 0x35,
    0x30, 0x0, 0x0, 0x0, 0x0, 0x0, 0x0, 0x0,
    0x0, 0x0, 0x5e, 0xff, 0xfd, 0x30, 0x0, 0x0,
    0x0, 0x0, 0x0, 0x0, 0x0, 0x5, 0xff, 0xff,
    0xff, 0xf3, 0x0, 0x0, 0x0, 0x0, 0x0, 0x0,
    0x0, 0xe, 0xfd, 0x30, 0x4e, 0xfc, 0x0, 0x0,
    0x0, 0x0, 0x0, 0x0, 0x9f, 0xff, 0xf3, 0x0,
    0x5, 0xff, 0xff, 0xff, 0xff, 0xff, 0xff, 0xfd,
    0xaf, 0xff, 0xf0, 0x0, 0x2, 0xff, 0xff, 0xff,
    0xff, 0xff, 0xff, 0xfd, 0x46, 0x7f, 0xf6, 0x0,
    0x8, 0xff, 0x66, 0x66, 0x66, 0x66, 0x66, 0x65,
    0x0, 0xa, 0xff, 0x96, 0xaf, 0xf9, 0x0, 0x0,
    0x0, 0x0, 0x0, 0x0, 0x0, 0x1, 0xdf, 0xff,
    0xff, 0xc0, 0x0, 0x0, 0x0, 0x0, 0x0, 0x0,
    0x0, 0x0, 0x8, 0xdf, 0xd7, 0x0, 0x0, 0x0,
    0x0, 0x0, 0x0, 0x0,

    /* U+F154B "󱕋" */
    0x0, 0x0, 0x0, 0x0, 0x0, 0x0, 0x0, 0x0,
    0x0, 0x0, 0x5a, 0x0, 0x0, 0x0, 0x0, 0x0,
    0x0, 0x0, 0x0, 0x0, 0x0, 0x0, 0x5, 0xff,
    0xa0, 0x0, 0x0, 0x0, 0x2, 0x79, 0xa8, 0x50,
    0x0, 0x0, 0x0, 0x5f, 0xff, 0xfa, 0x0, 0x0,
    0x1, 0xbf, 0xff, 0xff, 0xff, 0x70, 0x0, 0x5,
    0xff, 0xff, 0xff, 0xb0, 0x0, 0x4e, 0xff, 0xff,
    0xff, 0xff, 0xfb, 0x10, 0x1a, 0xaa, 0xff, 0xca,
    0xa5, 0x2, 0xff, 0xff, 0xff, 0xff, 0xff, 0xff,
    0xb0, 0x0, 0x0, 0xff, 0x60, 0x0, 0xd, 0xff,
    0xff, 0xff, 0xff, 0xff, 0xff, 0xf7, 0x0, 0x0,
    0xff, 0x60, 0x0, 0x5f, 0xff, 0xff, 0xf1, 0x1f,
    0xff, 0xff, 0xfe, 0x0, 0x0, 0xff, 0x60, 0x0,
    0xaf, 0xff, 0xff, 0xf1, 0x1f, 0xff, 0xff, 0xff,
    0x40, 0x0, 0xff, 0x60, 0x0, 0xdf, 0xff, 0xff,
    0xf1, 0x1f, 0xff, 0xff, 0xff, 0x70, 0x0, 0xff,
    0x60, 0x0, 0xef, 0xff, 0xff, 0xf1, 0x9, 0xff,
    0xff, 0xff, 0x70, 0x0, 0xff, 0x60, 0x0, 0xdf,
    0xff, 0xff, 0xf7, 0x0, 0x3c, 0xff, 0xff, 0x70,
    0x0, 0xff, 0x60, 0x0, 0xaf, 0xff, 0xff, 0xff,
    0xd5, 0x9, 0xff, 0xff, 0x40, 0x0, 0xff, 0x60,
    0x0, 0x5f, 0xff, 0xff, 0xff, 0xff, 0xcf, 0xff,
    0xfe, 0x0, 0x0, 0xff, 0x60, 0x0, 0xd, 0xff,
    0xff, 0xff, 0xff, 0xff, 0xff, 0xf6, 0x0, 0x0,
    0xff, 0x60, 0x0, 0x2, 0xff, 0xff, 0xff, 0xff,
    0xff, 0xff, 0xb0, 0x0, 0x0, 0xff, 0x60, 0x0,
    0x0, 0x4e, 0xff, 0xff, 0xff, 0xff, 0xfb, 0x0,
    0x0, 0x0, 0xff, 0x60, 0x0, 0x0, 0x1, 0xbf,
    0xff, 0xff, 0xff, 0x70, 0x0, 0x0, 0x0, 0xff,
    0x60, 0x0, 0x0, 0x0, 0x2, 0x69, 0x98, 0x50,
    0x0, 0x0, 0x0, 0x0, 0xff, 0x60, 0x0, 0x0,
    0x0, 0x0, 0x0, 0x0, 0x0, 0x0, 0x0, 0x0,
    0x0, 0xff, 0x60, 0x0, 0x0, 0x0, 0x0, 0x0,
    0x0, 0x0, 0x0, 0x0, 0x0, 0x0, 0xff, 0x60,
    0x0,

    /* U+F18B8 "󱢸" */
    0x0, 0x1f, 0xff, 0xff, 0xff, 0xff, 0xff, 0x80,
    0x0, 0x0, 0x0, 0x0, 0x0, 0x0, 0x2f, 0xff,
    0xff, 0xff, 0xff, 0xff, 0x90, 0x0, 0x0, 0x0,
    0x0, 0x0, 0x0, 0x2f, 0xff, 0xff, 0xff, 0xff,
    0xff, 0x90, 0x0, 0x0, 0x0, 0x0, 0x0, 0x0,
    0x2f, 0xff, 0xff, 0xff, 0xff, 0xff, 0x90, 0x0,
    0x0, 0x0, 0x0, 0x0, 0x0, 0x2f, 0xff, 0xff,
    0xff, 0xff, 0xff, 0x90, 0x0, 0x0, 0x0, 0x0,
    0x0, 0x2, 0x3f, 0xff, 0xff, 0xff, 0xff, 0xff,
    0xa2, 0x10, 0x0, 0x0, 0x0, 0x0, 0x6f, 0xff,
    0xff, 0xff, 0xff, 0xff, 0xff, 0xff, 0xe0, 0x0,
    0x0, 0x0, 0x0, 0x6f, 0xff, 0xff, 0xff, 0xff,
    0xff, 0xff, 0xff, 0xe0, 0x0, 0x0, 0x0, 0x0,
    0x6f, 0xff, 0xff, 0xff, 0xff, 0xff, 0xff, 0xff,
    0xe0, 0x0, 0x0, 0x0, 0x0, 0x6f, 0xff, 0xff,
    0xff, 0xff, 0xff, 0xff, 0xff, 0xe0, 0x0, 0x0,
    0x0, 0x0, 0x6f, 0xff, 0xff, 0xff, 0xff, 0xff,
    0xff, 0xff, 0xe0, 0x0, 0x0, 0x0, 0x0, 0x6f,
    0xff, 0xff, 0xff, 0xff, 0xff, 0xff, 0xff, 0xe0,
    0x0, 0x0, 0x0, 0x0, 0x5d, 0xde, 0xff, 0xff,
    0xff, 0xff, 0xff, 0xdd, 0xc0, 0x0, 0x0, 0x0,
    0x0, 0x0, 0x1, 0xdf, 0xff, 0xff, 0xff, 0xf6,
    0x0, 0x1, 0x20, 0x0, 0x12, 0x0, 0x0, 0x0,
    0x2e, 0xff, 0xff, 0xff, 0x80, 0x0, 0xa, 0xfa,
    0x0, 0xaf, 0xa0, 0x0, 0x0, 0x3, 0xff, 0xff,
    0xfa, 0x0, 0x0, 0x4f, 0xf6, 0x4, 0xff, 0x70,
    0x0, 0x0, 0x0, 0x5f, 0xff, 0xc0, 0x0, 0x0,
    0xef, 0xb0, 0xe, 0xfd, 0x0, 0x0, 0x0, 0x0,
    0x6, 0x98, 0x10, 0x0, 0x2, 0xff, 0x80, 0x2f,
    0xfa, 0x0, 0x0, 0x0, 0x0, 0x0, 0x0, 0x0,
    0x0, 0x0, 0x8f, 0xf3, 0x7, 0xff, 0x40, 0x0,
    0x0, 0x0, 0x0, 0x0, 0x0, 0x0, 0x0, 0xe,
    0xfd, 0x0, 0xcf, 0xd0, 0x0, 0x0, 0x0, 0x0,
    0x0, 0x0, 0x0, 0x0, 0x3f, 0xf8, 0x2, 0xff,
    0x90, 0x0, 0x0, 0x0, 0x0, 0x0, 0x0, 0x0,
    0x0, 0xdf, 0xd0, 0xc, 0xfe, 0x0, 0x0, 0x0,
    0x0, 0x0, 0x0, 0x0, 0x0, 0x2, 0xcf, 0x40,
    0x1c, 0xf4, 0x0, 0x0, 0x0, 0x0, 0x0, 0x0,
    0x0, 0x0, 0x0, 0x2, 0x0, 0x0, 0x20, 0x0,

    /* U+F1A45 "󱩅" */
    0x0, 0x0, 0x10, 0x0, 0x0, 0x0, 0x20, 0x0,
    0x0, 0x3, 0x0, 0x0, 0x0, 0xae, 0x60, 0x0,
    0x8, 0xfa, 0x0, 0x0, 0x2f, 0xd3, 0x0, 0x4,
    0xff, 0x70, 0x0, 0x2f, 0xfa, 0x0, 0x0, 0xbf,
    0xe1, 0x0, 0xe, 0xfc, 0x0, 0x0, 0xbf, 0xf1,
    0x0, 0x5, 0xff, 0x50, 0x0, 0x8f, 0xf3, 0x0,
    0x5, 0xff, 0x60, 0x0, 0x1e, 0xfc, 0x0, 0x3,
    0xff, 0x90, 0x0, 0x1e, 0xfc, 0x0, 0x0, 0x9f,
    0xf2, 0x0, 0xc, 0xfe, 0x10, 0x0, 0x9f, 0xf3,
    0x0, 0x3, 0xff, 0x80, 0x0, 0x5f, 0xf7, 0x0,
    0x2, 0xff, 0xa0, 0x0, 0xb, 0xff, 0x10, 0x0,
    0xe, 0xfd, 0x0, 0x0, 0xbf, 0xf2, 0x0, 0x5,
    0xff, 0x70, 0x0, 0x5, 0xff, 0x60, 0x0, 0x2f,
    0xfb, 0x0, 0x0, 0xbf, 0xf1, 0x0, 0x0, 0xcf,
    0xe1, 0x0, 0x7, 0xff, 0x50, 0x0, 0x2f, 0xfb,
    0x0, 0x0, 0x3f, 0xf9, 0x0, 0x0, 0xdf, 0xe1,
    0x0, 0x7, 0xff, 0x50, 0x0, 0x9, 0xff, 0x30,
    0x0, 0x3f, 0xf9, 0x0, 0x0, 0xdf, 0xe0, 0x0,
    0x1, 0xff, 0xb0, 0x0, 0xd, 0xff, 0x0, 0x0,
    0x6f, 0xf5, 0x0, 0x5, 0xff, 0x60, 0x0, 0x4f,
    0xf8, 0x0, 0x0, 0xdf, 0xd0, 0x0, 0xd, 0xfd,
    0x0, 0x0, 0xcf, 0xe0, 0x0, 0x7, 0xff, 0x40,
    0x0, 0x7f, 0xf4, 0x0, 0x5, 0xff, 0x60, 0x0,
    0x1e, 0xfb, 0x0, 0x0, 0xef, 0xb0, 0x0, 0xd,
    0xfc, 0x0, 0x0, 0x8f, 0xf3, 0x0, 0x8, 0xff,
    0x20, 0x0, 0x7f, 0xf4, 0x0, 0x2, 0xff, 0x90,
    0x0, 0x9, 0xf9, 0x0, 0x0, 0x4c, 0xa0, 0x0,
    0x1, 0x9e, 0x10, 0x0, 0x0, 0x21, 0x0, 0x0,
    0x0, 0x0, 0x0, 0x0, 0x0, 0x0, 0x0,

    /* U+F1C83 "󱲃" */
    0x0, 0x0, 0x1, 0x10, 0x0, 0x11, 0x0, 0x0,
    0x0, 0x0, 0x0, 0x0, 0x0, 0x0, 0x6f, 0xff,
    0x50, 0x4f, 0xff, 0x70, 0x0, 0x0, 0x0, 0x0,
    0x0, 0x0, 0x1f, 0xff, 0xf5, 0x4, 0xff, 0xff,
    0x30, 0x0, 0xd, 0xff, 0xfb, 0x10, 0x4, 0xff,
    0x43, 0x10, 0x14, 0x4f, 0xf6, 0x0, 0x0, 0xef,
    0xff, 0xfa, 0x0, 0xaf, 0xf0, 0x0, 0x0, 0x0,
    0xef, 0xc0, 0x0, 0x5, 0x66, 0xaf, 0xe4, 0xaf,
    0xfd, 0x0, 0x0, 0x0, 0xa, 0xff, 0xb4, 0x0,
    0x0, 0x6, 0xfe, 0x9f, 0xfc, 0x20, 0x0, 0x0,
    0x0, 0x1b, 0xff, 0xc0, 0x0, 0x0, 0x6f, 0xe9,
    0xff, 0xe4, 0x0, 0x0, 0x0, 0x3, 0xdf, 0xfc,
    0x0, 0x0, 0x6, 0xfe, 0x5, 0xff, 0xe0, 0x0,
    0x0, 0x0, 0xcf, 0xf6, 0x0, 0x0, 0x0, 0x6f,
    0xe0, 0x7, 0xff, 0x10, 0x0, 0x0, 0xe, 0xf8,
    0x0, 0x0, 0x0, 0x6, 0xfe, 0x0, 0x3f, 0xfe,
    0xd5, 0x3, 0xee, 0xff, 0x50, 0x0, 0x0, 0x0,
    0x6f, 0xe0, 0x0, 0xef, 0xff, 0x50, 0x4f, 0xff,
    0xd0, 0x0, 0x0, 0x0, 0x6, 0xfe, 0x0, 0x2,
    0xab, 0xb4, 0x1, 0x66, 0x50, 0x0, 0x0, 0x0,
    0x0, 0x6f, 0xe0, 0x0, 0x0, 0x0, 0x0, 0x0,
    0x0, 0x0, 0x0, 0x0, 0x0, 0x6, 0xfe, 0x0,
    0x0, 0x0, 0x0, 0x0, 0x0, 0x0, 0x0, 0x0,
    0x0, 0x0, 0x6f, 0xe0, 0x6e, 0xc0, 0x0, 0x0,
    0x0, 0x0, 0x0, 0x0, 0x0, 0x0, 0x6, 0xfe,
    0x6, 0xfe, 0x0, 0x0, 0x0, 0x0, 0x0, 0x0,
    0x0, 0x0, 0x0, 0x6f, 0xe0, 0x6f, 0xe0, 0x0,
    0x0, 0x0, 0x0, 0x0, 0x0, 0x0, 0x0, 0x6,
    0xfe, 0x6, 0xfe, 0x66, 0x66, 0x66, 0x66, 0x66,
    0x66, 0x66, 0x66, 0x66, 0x9f, 0xe0, 0x3f, 0xff,
    0xff, 0xff, 0xff, 0xff, 0xff, 0xff, 0xff, 0xff,
    0xff, 0xfb, 0x0, 0x6e, 0xff, 0xff, 0xff, 0xff,
    0xff, 0xff, 0xff, 0xff, 0xff, 0xfb, 0x10
};


/*---------------------
 *  GLYPH DESCRIPTION
 *--------------------*/

static const lv_font_fmt_txt_glyph_dsc_t glyph_dsc[] = {
    {.bitmap_index = 0, .adv_w = 0, .box_w = 0, .box_h = 0, .ofs_x = 0, .ofs_y = 0} /* id = 0 reserved */,
    {.bitmap_index = 0, .adv_w = 448, .box_w = 22, .box_h = 21, .ofs_x = 3, .ofs_y = 0},
    {.bitmap_index = 231, .adv_w = 448, .box_w = 24, .box_h = 24, .ofs_x = 2, .ofs_y = -1},
    {.bitmap_index = 519, .adv_w = 448, .box_w = 20, .box_h = 19, .ofs_x = 4, .ofs_y = 1},
    {.bitmap_index = 709, .adv_w = 448, .box_w = 20, .box_h = 19, .ofs_x = 4, .ofs_y = 1},
    {.bitmap_index = 899, .adv_w = 448, .box_w = 20, .box_h = 19, .ofs_x = 4, .ofs_y = 1},
    {.bitmap_index = 1089, .adv_w = 448, .box_w = 20, .box_h = 19, .ofs_x = 4, .ofs_y = 1},
    {.bitmap_index = 1279, .adv_w = 448, .box_w = 24, .box_h = 23, .ofs_x = 2, .ofs_y = -1},
    {.bitmap_index = 1555, .adv_w = 448, .box_w = 24, .box_h = 21, .ofs_x = 2, .ofs_y = 0},
    {.bitmap_index = 1807, .adv_w = 448, .box_w = 21, .box_h = 16, .ofs_x = 4, .ofs_y = 2},
    {.bitmap_index = 1975, .adv_w = 448, .box_w = 9, .box_h = 15, .ofs_x = 10, .ofs_y = 3},
    {.bitmap_index = 2043, .adv_w = 448, .box_w = 24, .box_h = 25, .ofs_x = 2, .ofs_y = -2},
    {.bitmap_index = 2343, .adv_w = 448, .box_w = 18, .box_h = 17, .ofs_x = 5, .ofs_y = 2},
    {.bitmap_index = 2496, .adv_w = 448, .box_w = 24, .box_h = 21, .ofs_x = 2, .ofs_y = 0},
    {.bitmap_index = 2748, .adv_w = 448, .box_w = 22, .box_h = 25, .ofs_x = 3, .ofs_y = -2},
    {.bitmap_index = 3023, .adv_w = 448, .box_w = 24, .box_h = 25, .ofs_x = 2, .ofs_y = -2},
    {.bitmap_index = 3323, .adv_w = 448, .box_w = 20, .box_h = 25, .ofs_x = 4, .ofs_y = -2},
    {.bitmap_index = 3573, .adv_w = 448, .box_w = 24, .box_h = 19, .ofs_x = 2, .ofs_y = 1},
    {.bitmap_index = 3801, .adv_w = 448, .box_w = 23, .box_h = 19, .ofs_x = 2, .ofs_y = 1},
    {.bitmap_index = 4020, .adv_w = 448, .box_w = 24, .box_h = 25, .ofs_x = 2, .ofs_y = -2},
    {.bitmap_index = 4320, .adv_w = 448, .box_w = 24, .box_h = 20, .ofs_x = 2, .ofs_y = 1},
    {.bitmap_index = 4560, .adv_w = 448, .box_w = 24, .box_h = 25, .ofs_x = 2, .ofs_y = -2},
    {.bitmap_index = 4860, .adv_w = 448, .box_w = 24, .box_h = 17, .ofs_x = 2, .ofs_y = 2},
    {.bitmap_index = 5064, .adv_w = 448, .box_w = 18, .box_h = 25, .ofs_x = 5, .ofs_y = -2},
    {.bitmap_index = 5289, .adv_w = 448, .box_w = 18, .box_h = 3, .ofs_x = 5, .ofs_y = 9},
    {.bitmap_index = 5316, .adv_w = 448, .box_w = 22, .box_h = 21, .ofs_x = 3, .ofs_y = 0},
    {.bitmap_index = 5547, .adv_w = 448, .box_w = 14, .box_h = 17, .ofs_x = 7, .ofs_y = 2},
    {.bitmap_index = 5666, .adv_w = 448, .box_w = 14, .box_h = 17, .ofs_x = 9, .ofs_y = 2},
    {.bitmap_index = 5785, .adv_w = 448, .box_w = 24, .box_h = 25, .ofs_x = 2, .ofs_y = -2},
    {.bitmap_index = 6085, .adv_w = 448, .box_w = 18, .box_h = 17, .ofs_x = 5, .ofs_y = 2},
    {.bitmap_index = 6238, .adv_w = 448, .box_w = 24, .box_h = 25, .ofs_x = 2, .ofs_y = -2},
    {.bitmap_index = 6538, .adv_w = 448, .box_w = 20, .box_h = 19, .ofs_x = 4, .ofs_y = 1},
    {.bitmap_index = 6728, .adv_w = 448, .box_w = 25, .box_h = 21, .ofs_x = 2, .ofs_y = 0},
    {.bitmap_index = 6991, .adv_w = 448, .box_w = 24, .box_h = 25, .ofs_x = 2, .ofs_y = -2},
    {.bitmap_index = 7291, .adv_w = 448, .box_w = 24, .box_h = 21, .ofs_x = 2, .ofs_y = 0},
    {.bitmap_index = 7543, .adv_w = 448, .box_w = 14, .box_h = 25, .ofs_x = 7, .ofs_y = -2},
    {.bitmap_index = 7718, .adv_w = 448, .box_w = 14, .box_h = 25, .ofs_x = 7, .ofs_y = -2},
    {.bitmap_index = 7893, .adv_w = 448, .box_w = 14, .box_h = 20, .ofs_x = 7, .ofs_y = 1},
    {.bitmap_index = 8033, .adv_w = 448, .box_w = 14, .box_h = 20, .ofs_x = 7, .ofs_y = 1},
    {.bitmap_index = 8173, .adv_w = 448, .box_w = 26, .box_h = 21, .ofs_x = 1, .ofs_y = 0},
    {.bitmap_index = 8446, .adv_w = 448, .box_w = 21, .box_h = 22, .ofs_x = 5, .ofs_y = 0},
    {.bitmap_index = 8677, .adv_w = 448, .box_w = 22, .box_h = 20, .ofs_x = 3, .ofs_y = 1},
    {.bitmap_index = 8897, .adv_w = 448, .box_w = 22, .box_h = 22, .ofs_x = 3, .ofs_y = 0},
    {.bitmap_index = 9139, .adv_w = 448, .box_w = 24, .box_h = 20, .ofs_x = 2, .ofs_y = 1},
    {.bitmap_index = 9379, .adv_w = 448, .box_w = 22, .box_h = 23, .ofs_x = 3, .ofs_y = -1},
    {.bitmap_index = 9632, .adv_w = 448, .box_w = 26, .box_h = 27, .ofs_x = 1, .ofs_y = -3},
    {.bitmap_index = 9983, .adv_w = 448, .box_w = 20, .box_h = 24, .ofs_x = 4, .ofs_y = 0},
    {.bitmap_index = 10223, .adv_w = 448, .box_w = 22, .box_h = 25, .ofs_x = 3, .ofs_y = -2},
    {.bitmap_index = 10498, .adv_w = 448, .box_w = 24, .box_h = 25, .ofs_x = 2, .ofs_y = -2},
    {.bitmap_index = 10798, .adv_w = 448, .box_w = 24, .box_h = 25, .ofs_x = 2, .ofs_y = -2},
    {.bitmap_index = 11098, .adv_w = 448, .box_w = 24, .box_h = 25, .ofs_x = 2, .ofs_y = -2},
    {.bitmap_index = 11398, .adv_w = 448, .box_w = 20, .box_h = 26, .ofs_x = 4, .ofs_y = -2},
    {.bitmap_index = 11658, .adv_w = 448, .box_w = 18, .box_h = 22, .ofs_x = 5, .ofs_y = 0},
    {.bitmap_index = 11856, .adv_w = 448, .box_w = 26, .box_h = 24, .ofs_x = 1, .ofs_y = -2},
    {.bitmap_index = 12168, .adv_w = 448, .box_w = 26, .box_h = 25, .ofs_x = 1, .ofs_y = -2},
    {.bitmap_index = 12493, .adv_w = 448, .box_w = 26, .box_h = 23, .ofs_x = 1, .ofs_y = 0},
    {.bitmap_index = 12792, .adv_w = 448, .box_w = 22, .box_h = 25, .ofs_x = 2, .ofs_y = -2},
    {.bitmap_index = 13067, .adv_w = 448, .box_w = 21, .box_h = 25, .ofs_x = 2, .ofs_y = -2},
    {.bitmap_index = 13330, .adv_w = 448, .box_w = 21, .box_h = 25, .ofs_x = 2, .ofs_y = -2},
    {.bitmap_index = 13593, .adv_w = 448, .box_w = 22, .box_h = 29, .ofs_x = 3, .ofs_y = -4},
    {.bitmap_index = 13912, .adv_w = 448, .box_w = 24, .box_h = 21, .ofs_x = 2, .ofs_y = 0},
    {.bitmap_index = 14164, .adv_w = 448, .box_w = 24, .box_h = 21, .ofs_x = 2, .ofs_y = 0},
    {.bitmap_index = 14416, .adv_w = 448, .box_w = 26, .box_h = 21, .ofs_x = 1, .ofs_y = 0},
    {.bitmap_index = 14689, .adv_w = 448, .box_w = 26, .box_h = 24, .ofs_x = 2, .ofs_y = -2},
    {.bitmap_index = 15001, .adv_w = 448, .box_w = 22, .box_h = 21, .ofs_x = 3, .ofs_y = 0},
    {.bitmap_index = 15232, .adv_w = 448, .box_w = 25, .box_h = 21, .ofs_x = 1, .ofs_y = 1}
};

/*---------------------
 *  CHARACTER MAPPING
 *--------------------*/

static const uint16_t unicode_list_0[] = {
    0x0, 0x18, 0x1c, 0x24, 0x2b, 0x34, 0x8c, 0x101,
    0x103, 0x119, 0x127, 0x12d, 0x164, 0x17e, 0x1e7, 0x1fb,
    0x222, 0x250, 0x298, 0x2b3, 0x2d4, 0x2e3, 0x30d, 0x34b,
    0x3af, 0x3bb, 0x3e1, 0x3e4, 0x3ec, 0x402, 0x427, 0x461,
    0x46a, 0x49c, 0x4e6, 0x4f6, 0x563, 0x565, 0x580, 0x594,
    0x5f1, 0x605, 0x678, 0x687, 0x6c0, 0x6e0, 0x6ee, 0x769,
    0x76c, 0x7f4, 0x824, 0x9be, 0xa1e, 0xd20, 0xd2c, 0xe27,
    0xe32, 0xe33, 0xf2f, 0xf5d, 0x1519, 0x1522, 0x188f, 0x1a1c,
    0x1c5a
};

/*Collect the unicode lists and glyph_id offsets*/
static const lv_font_fmt_txt_cmap_t cmaps[] =
{
    {
        .range_start = 983081, .range_length = 7259, .glyph_id_start = 1,
        .unicode_list = unicode_list_0, .glyph_id_ofs_list = NULL, .list_length = 65, .type = LV_FONT_FMT_TXT_CMAP_SPARSE_TINY
    }
};



/*--------------------
 *  ALL CUSTOM DATA
 *--------------------*/

#if LV_VERSION_CHECK(8, 0, 0)
/*Store all the custom data of the font*/
static  lv_font_fmt_txt_glyph_cache_t cache;
static const lv_font_fmt_txt_dsc_t font_dsc = {
#else
static lv_font_fmt_txt_dsc_t font_dsc = {
#endif
    .glyph_bitmap = glyph_bitmap,
    .glyph_dsc = glyph_dsc,
    .cmaps = cmaps,
    .kern_dsc = NULL,
    .kern_scale = 0,
    .cmap_num = 1,
    .bpp = 4,
    .kern_classes = 0,
    .bitmap_format = 0,
#if LV_VERSION_CHECK(8, 0, 0)
    .cache = &cache
#endif
};


/*-----------------
 *  PUBLIC FONT
 *----------------*/

/*Initialize a public general font descriptor*/
#if LV_VERSION_CHECK(8, 0, 0)
const lv_font_t mdi_28 = {
#else
lv_font_t mdi_28 = {
#endif
    .get_glyph_dsc = lv_font_get_glyph_dsc_fmt_txt,    /*Function pointer to get glyph's data*/
    .get_glyph_bitmap = lv_font_get_bitmap_fmt_txt,    /*Function pointer to get glyph's bitmap*/
    .line_height = 29,          /*The maximum line height required by the font*/
    .base_line = 4,             /*Baseline measured from the bottom of the line*/
#if !(LVGL_VERSION_MAJOR == 6 && LVGL_VERSION_MINOR == 0)
    .subpx = LV_FONT_SUBPX_NONE,
#endif
#if LV_VERSION_CHECK(7, 4, 0) || LVGL_VERSION_MAJOR >= 8
    .underline_position = 0,
    .underline_thickness = 0,
#endif
    .dsc = &font_dsc           /*The custom font data. Will be accessed by `get_glyph_bitmap/dsc` */
};



#endif /*#if MDI_28*/

